ISO-10303-21;
HEADER;
FILE_DESCRIPTION( ( 'Unknown' ), '1' );
FILE_NAME( 'I:/User_Groups_Only/17_EMC_Product_&_Development/Article_Master/Abs_Shielding_Material/AbsSHC/Master_Data/01_CAD_drawing/1_Drawing/AbsSHC_SMD-Type/36103255/Construction_data/36003250.stp', 'Unknown', ( 'Unknown' ), ( 'Unknown' ), 'PSStep 13.0', 'Unknown', '  ' );
FILE_SCHEMA( ( 'AUTOMOTIVE_DESIGN { 1 0 10303 214 1 1 1 1 }' ) );
ENDSEC;
DATA;
#1 = MECHANICAL_DESIGN_GEOMETRIC_PRESENTATION_REPRESENTATION( ' ', ( #10, #11, #12, #13, #14, #15, #16, #17, #18, #19, #20, #21, #22, #23, #24, #25, #26, #27, #28, #29, #30, #31, #32, #33, #34, #35, #36, #37, #38, #39, #40, #41, #42, #43, #44, #45, #46, #47, #48, #49, #50, #51, #52, #53, #54, #55, #56, #57, #58, #59, #60, #61, #62, #63, #64, #65, #66, #67, #68, #69, #70, #71, #72, #73, #74, #75, #76, #77, #78, #79, #80, #81, #82, #83, #84, #85, #86, #87, #88, #89, #90, #91, #92, #93, #94, #95, #96, #97, #98, #99, #100, #101, #102, #103, #104, #105, #106, #107, #108, #109, #110, #111, #112, #113, #114, #115, #116 ), #6 );
#2 = PRODUCT_DEFINITION_CONTEXT( '', #117, 'design' );
#3 = APPLICATION_PROTOCOL_DEFINITION( 'international standard', 'automotive_design', 2001, #117 );
#4 = PRODUCT_CATEGORY_RELATIONSHIP( 'NONE', 'NONE', #118, #119 );
#5 = SHAPE_DEFINITION_REPRESENTATION( #120, #121 );
#6 =  ( GEOMETRIC_REPRESENTATION_CONTEXT( 3 )GLOBAL_UNCERTAINTY_ASSIGNED_CONTEXT( ( #124 ) )GLOBAL_UNIT_ASSIGNED_CONTEXT( ( #126, #127, #128 ) )REPRESENTATION_CONTEXT( 'NONE', 'WORKSPACE' ) );
#10 = STYLED_ITEM( '', ( #130 ), #131 );
#11 = STYLED_ITEM( '', ( #132 ), #133 );
#12 = STYLED_ITEM( '', ( #134 ), #135 );
#13 = STYLED_ITEM( '', ( #136 ), #137 );
#14 = STYLED_ITEM( '', ( #138 ), #139 );
#15 = STYLED_ITEM( '', ( #140 ), #141 );
#16 = STYLED_ITEM( '', ( #142 ), #143 );
#17 = STYLED_ITEM( '', ( #144 ), #145 );
#18 = STYLED_ITEM( '', ( #146 ), #147 );
#19 = STYLED_ITEM( '', ( #148 ), #149 );
#20 = STYLED_ITEM( '', ( #150 ), #151 );
#21 = STYLED_ITEM( '', ( #152 ), #153 );
#22 = STYLED_ITEM( '', ( #154 ), #155 );
#23 = STYLED_ITEM( '', ( #156 ), #157 );
#24 = STYLED_ITEM( '', ( #158 ), #159 );
#25 = STYLED_ITEM( '', ( #160 ), #161 );
#26 = STYLED_ITEM( '', ( #162 ), #163 );
#27 = STYLED_ITEM( '', ( #164 ), #165 );
#28 = STYLED_ITEM( '', ( #166 ), #167 );
#29 = STYLED_ITEM( '', ( #168 ), #169 );
#30 = STYLED_ITEM( '', ( #170 ), #171 );
#31 = STYLED_ITEM( '', ( #172 ), #173 );
#32 = STYLED_ITEM( '', ( #174 ), #175 );
#33 = STYLED_ITEM( '', ( #176 ), #177 );
#34 = STYLED_ITEM( '', ( #178 ), #179 );
#35 = STYLED_ITEM( '', ( #180 ), #181 );
#36 = STYLED_ITEM( '', ( #182 ), #183 );
#37 = STYLED_ITEM( '', ( #184 ), #185 );
#38 = STYLED_ITEM( '', ( #186 ), #187 );
#39 = STYLED_ITEM( '', ( #188 ), #189 );
#40 = STYLED_ITEM( '', ( #190 ), #191 );
#41 = STYLED_ITEM( '', ( #192 ), #193 );
#42 = STYLED_ITEM( '', ( #194 ), #195 );
#43 = STYLED_ITEM( '', ( #196 ), #197 );
#44 = STYLED_ITEM( '', ( #198 ), #199 );
#45 = STYLED_ITEM( '', ( #200 ), #201 );
#46 = STYLED_ITEM( '', ( #202 ), #203 );
#47 = STYLED_ITEM( '', ( #204 ), #205 );
#48 = STYLED_ITEM( '', ( #206 ), #207 );
#49 = STYLED_ITEM( '', ( #208 ), #209 );
#50 = STYLED_ITEM( '', ( #210 ), #211 );
#51 = STYLED_ITEM( '', ( #212 ), #213 );
#52 = STYLED_ITEM( '', ( #214 ), #215 );
#53 = STYLED_ITEM( '', ( #216 ), #217 );
#54 = STYLED_ITEM( '', ( #218 ), #219 );
#55 = STYLED_ITEM( '', ( #220 ), #221 );
#56 = STYLED_ITEM( '', ( #222 ), #223 );
#57 = STYLED_ITEM( '', ( #224 ), #225 );
#58 = STYLED_ITEM( '', ( #226 ), #227 );
#59 = STYLED_ITEM( '', ( #228 ), #229 );
#60 = STYLED_ITEM( '', ( #230 ), #231 );
#61 = STYLED_ITEM( '', ( #232 ), #233 );
#62 = STYLED_ITEM( '', ( #234 ), #235 );
#63 = STYLED_ITEM( '', ( #236 ), #237 );
#64 = STYLED_ITEM( '', ( #238 ), #239 );
#65 = STYLED_ITEM( '', ( #240 ), #241 );
#66 = STYLED_ITEM( '', ( #242 ), #243 );
#67 = STYLED_ITEM( '', ( #244 ), #245 );
#68 = STYLED_ITEM( '', ( #246 ), #247 );
#69 = STYLED_ITEM( '', ( #248 ), #249 );
#70 = STYLED_ITEM( '', ( #250 ), #251 );
#71 = STYLED_ITEM( '', ( #252 ), #253 );
#72 = STYLED_ITEM( '', ( #254 ), #255 );
#73 = STYLED_ITEM( '', ( #256 ), #257 );
#74 = STYLED_ITEM( '', ( #258 ), #259 );
#75 = STYLED_ITEM( '', ( #260 ), #261 );
#76 = STYLED_ITEM( '', ( #262 ), #263 );
#77 = STYLED_ITEM( '', ( #264 ), #265 );
#78 = STYLED_ITEM( '', ( #266 ), #267 );
#79 = STYLED_ITEM( '', ( #268 ), #269 );
#80 = STYLED_ITEM( '', ( #270 ), #271 );
#81 = STYLED_ITEM( '', ( #272 ), #273 );
#82 = STYLED_ITEM( '', ( #274 ), #275 );
#83 = STYLED_ITEM( '', ( #276 ), #277 );
#84 = STYLED_ITEM( '', ( #278 ), #279 );
#85 = STYLED_ITEM( '', ( #280 ), #281 );
#86 = STYLED_ITEM( '', ( #282 ), #283 );
#87 = STYLED_ITEM( '', ( #284 ), #285 );
#88 = STYLED_ITEM( '', ( #286 ), #287 );
#89 = STYLED_ITEM( '', ( #288 ), #289 );
#90 = STYLED_ITEM( '', ( #290 ), #291 );
#91 = STYLED_ITEM( '', ( #292 ), #293 );
#92 = STYLED_ITEM( '', ( #294 ), #295 );
#93 = STYLED_ITEM( '', ( #296 ), #297 );
#94 = STYLED_ITEM( '', ( #298 ), #299 );
#95 = STYLED_ITEM( '', ( #300 ), #301 );
#96 = STYLED_ITEM( '', ( #302 ), #303 );
#97 = STYLED_ITEM( '', ( #304 ), #305 );
#98 = STYLED_ITEM( '', ( #306 ), #307 );
#99 = STYLED_ITEM( '', ( #308 ), #309 );
#100 = STYLED_ITEM( '', ( #310 ), #311 );
#101 = STYLED_ITEM( '', ( #312 ), #313 );
#102 = STYLED_ITEM( '', ( #314 ), #315 );
#103 = STYLED_ITEM( '', ( #316 ), #317 );
#104 = STYLED_ITEM( '', ( #318 ), #319 );
#105 = STYLED_ITEM( '', ( #320 ), #321 );
#106 = STYLED_ITEM( '', ( #322 ), #323 );
#107 = STYLED_ITEM( '', ( #324 ), #325 );
#108 = STYLED_ITEM( '', ( #326 ), #327 );
#109 = STYLED_ITEM( '', ( #328 ), #329 );
#110 = STYLED_ITEM( '', ( #330 ), #331 );
#111 = STYLED_ITEM( '', ( #332 ), #333 );
#112 = STYLED_ITEM( '', ( #334 ), #335 );
#113 = STYLED_ITEM( '', ( #336 ), #337 );
#114 = STYLED_ITEM( '', ( #338 ), #339 );
#115 = STYLED_ITEM( '', ( #340 ), #341 );
#116 = STYLED_ITEM( '', ( #342 ), #343 );
#117 = APPLICATION_CONTEXT( 'core data for automotive mechanical design processes' );
#118 = PRODUCT_CATEGORY( 'part', 'NONE' );
#119 = PRODUCT_RELATED_PRODUCT_CATEGORY( 'detail', ' ', ( #344 ) );
#120 = PRODUCT_DEFINITION_SHAPE( 'NONE', 'NONE', #345 );
#121 = ADVANCED_BREP_SHAPE_REPRESENTATION( '1', ( #346, #347 ), #6 );
#124 = UNCERTAINTY_MEASURE_WITH_UNIT( LENGTH_MEASURE( 0.00100000000000000 ), #126, '', '' );
#126 =  ( CONVERSION_BASED_UNIT( 'MILLIMETRE', #350 )LENGTH_UNIT(  )NAMED_UNIT( #353 ) );
#127 =  ( NAMED_UNIT( #355 )PLANE_ANGLE_UNIT(  )SI_UNIT( $, .RADIAN. ) );
#128 =  ( NAMED_UNIT( #355 )SI_UNIT( $, .STERADIAN. )SOLID_ANGLE_UNIT(  ) );
#130 = PRESENTATION_STYLE_ASSIGNMENT( ( #361 ) );
#131 = ADVANCED_FACE( '', ( #362 ), #363, .F. );
#132 = PRESENTATION_STYLE_ASSIGNMENT( ( #364 ) );
#133 = ADVANCED_FACE( '', ( #365 ), #366, .F. );
#134 = PRESENTATION_STYLE_ASSIGNMENT( ( #367 ) );
#135 = ADVANCED_FACE( '', ( #368 ), #369, .F. );
#136 = PRESENTATION_STYLE_ASSIGNMENT( ( #370 ) );
#137 = ADVANCED_FACE( '', ( #371 ), #372, .T. );
#138 = PRESENTATION_STYLE_ASSIGNMENT( ( #373 ) );
#139 = ADVANCED_FACE( '', ( #374 ), #375, .T. );
#140 = PRESENTATION_STYLE_ASSIGNMENT( ( #376 ) );
#141 = ADVANCED_FACE( '', ( #377 ), #378, .T. );
#142 = PRESENTATION_STYLE_ASSIGNMENT( ( #379 ) );
#143 = ADVANCED_FACE( '', ( #380 ), #381, .F. );
#144 = PRESENTATION_STYLE_ASSIGNMENT( ( #382 ) );
#145 = ADVANCED_FACE( '', ( #383 ), #384, .F. );
#146 = PRESENTATION_STYLE_ASSIGNMENT( ( #385 ) );
#147 = ADVANCED_FACE( '', ( #386 ), #387, .F. );
#148 = PRESENTATION_STYLE_ASSIGNMENT( ( #388 ) );
#149 = ADVANCED_FACE( '', ( #389 ), #390, .T. );
#150 = PRESENTATION_STYLE_ASSIGNMENT( ( #391 ) );
#151 = ADVANCED_FACE( '', ( #392 ), #393, .F. );
#152 = PRESENTATION_STYLE_ASSIGNMENT( ( #394 ) );
#153 = ADVANCED_FACE( '', ( #395 ), #396, .F. );
#154 = PRESENTATION_STYLE_ASSIGNMENT( ( #397 ) );
#155 = ADVANCED_FACE( '', ( #398 ), #399, .T. );
#156 = PRESENTATION_STYLE_ASSIGNMENT( ( #400 ) );
#157 = ADVANCED_FACE( '', ( #401 ), #402, .F. );
#158 = PRESENTATION_STYLE_ASSIGNMENT( ( #403 ) );
#159 = ADVANCED_FACE( '', ( #404, #405, #406 ), #407, .T. );
#160 = PRESENTATION_STYLE_ASSIGNMENT( ( #408 ) );
#161 = ADVANCED_FACE( '', ( #409 ), #410, .F. );
#162 = PRESENTATION_STYLE_ASSIGNMENT( ( #411 ) );
#163 = ADVANCED_FACE( '', ( #412 ), #413, .F. );
#164 = PRESENTATION_STYLE_ASSIGNMENT( ( #414 ) );
#165 = ADVANCED_FACE( '', ( #415 ), #416, .T. );
#166 = PRESENTATION_STYLE_ASSIGNMENT( ( #417 ) );
#167 = ADVANCED_FACE( '', ( #418 ), #419, .T. );
#168 = PRESENTATION_STYLE_ASSIGNMENT( ( #420 ) );
#169 = ADVANCED_FACE( '', ( #421 ), #422, .T. );
#170 = PRESENTATION_STYLE_ASSIGNMENT( ( #423 ) );
#171 = ADVANCED_FACE( '', ( #424 ), #425, .F. );
#172 = PRESENTATION_STYLE_ASSIGNMENT( ( #426 ) );
#173 = ADVANCED_FACE( '', ( #427 ), #428, .T. );
#174 = PRESENTATION_STYLE_ASSIGNMENT( ( #429 ) );
#175 = ADVANCED_FACE( '', ( #430 ), #431, .T. );
#176 = PRESENTATION_STYLE_ASSIGNMENT( ( #432 ) );
#177 = ADVANCED_FACE( '', ( #433 ), #434, .F. );
#178 = PRESENTATION_STYLE_ASSIGNMENT( ( #435 ) );
#179 = ADVANCED_FACE( '', ( #436 ), #437, .F. );
#180 = PRESENTATION_STYLE_ASSIGNMENT( ( #438 ) );
#181 = ADVANCED_FACE( '', ( #439 ), #440, .F. );
#182 = PRESENTATION_STYLE_ASSIGNMENT( ( #441 ) );
#183 = ADVANCED_FACE( '', ( #442 ), #443, .T. );
#184 = PRESENTATION_STYLE_ASSIGNMENT( ( #444 ) );
#185 = ADVANCED_FACE( '', ( #445 ), #446, .F. );
#186 = PRESENTATION_STYLE_ASSIGNMENT( ( #447 ) );
#187 = ADVANCED_FACE( '', ( #448 ), #449, .F. );
#188 = PRESENTATION_STYLE_ASSIGNMENT( ( #450 ) );
#189 = ADVANCED_FACE( '', ( #451 ), #452, .T. );
#190 = PRESENTATION_STYLE_ASSIGNMENT( ( #453 ) );
#191 = ADVANCED_FACE( '', ( #454 ), #455, .F. );
#192 = PRESENTATION_STYLE_ASSIGNMENT( ( #456 ) );
#193 = ADVANCED_FACE( '', ( #457 ), #458, .F. );
#194 = PRESENTATION_STYLE_ASSIGNMENT( ( #459 ) );
#195 = ADVANCED_FACE( '', ( #460 ), #461, .F. );
#196 = PRESENTATION_STYLE_ASSIGNMENT( ( #462 ) );
#197 = ADVANCED_FACE( '', ( #463 ), #464, .F. );
#198 = PRESENTATION_STYLE_ASSIGNMENT( ( #465 ) );
#199 = ADVANCED_FACE( '', ( #466 ), #467, .T. );
#200 = PRESENTATION_STYLE_ASSIGNMENT( ( #468 ) );
#201 = ADVANCED_FACE( '', ( #469 ), #470, .T. );
#202 = PRESENTATION_STYLE_ASSIGNMENT( ( #471 ) );
#203 = ADVANCED_FACE( '', ( #472 ), #473, .T. );
#204 = PRESENTATION_STYLE_ASSIGNMENT( ( #474 ) );
#205 = ADVANCED_FACE( '', ( #475 ), #476, .T. );
#206 = PRESENTATION_STYLE_ASSIGNMENT( ( #477 ) );
#207 = ADVANCED_FACE( '', ( #478 ), #479, .T. );
#208 = PRESENTATION_STYLE_ASSIGNMENT( ( #480 ) );
#209 = ADVANCED_FACE( '', ( #481 ), #482, .F. );
#210 = PRESENTATION_STYLE_ASSIGNMENT( ( #483 ) );
#211 = ADVANCED_FACE( '', ( #484 ), #485, .F. );
#212 = PRESENTATION_STYLE_ASSIGNMENT( ( #486 ) );
#213 = ADVANCED_FACE( '', ( #487 ), #488, .T. );
#214 = PRESENTATION_STYLE_ASSIGNMENT( ( #489 ) );
#215 = ADVANCED_FACE( '', ( #490 ), #491, .T. );
#216 = PRESENTATION_STYLE_ASSIGNMENT( ( #492 ) );
#217 = ADVANCED_FACE( '', ( #493 ), #494, .F. );
#218 = PRESENTATION_STYLE_ASSIGNMENT( ( #495 ) );
#219 = ADVANCED_FACE( '', ( #496 ), #497, .F. );
#220 = PRESENTATION_STYLE_ASSIGNMENT( ( #498 ) );
#221 = ADVANCED_FACE( '', ( #499 ), #500, .F. );
#222 = PRESENTATION_STYLE_ASSIGNMENT( ( #501 ) );
#223 = ADVANCED_FACE( '', ( #502 ), #503, .F. );
#224 = PRESENTATION_STYLE_ASSIGNMENT( ( #504 ) );
#225 = ADVANCED_FACE( '', ( #505 ), #506, .F. );
#226 = PRESENTATION_STYLE_ASSIGNMENT( ( #507 ) );
#227 = ADVANCED_FACE( '', ( #508 ), #509, .F. );
#228 = PRESENTATION_STYLE_ASSIGNMENT( ( #510 ) );
#229 = ADVANCED_FACE( '', ( #511 ), #512, .T. );
#230 = PRESENTATION_STYLE_ASSIGNMENT( ( #513 ) );
#231 = ADVANCED_FACE( '', ( #514 ), #515, .T. );
#232 = PRESENTATION_STYLE_ASSIGNMENT( ( #516 ) );
#233 = ADVANCED_FACE( '', ( #517 ), #518, .T. );
#234 = PRESENTATION_STYLE_ASSIGNMENT( ( #519 ) );
#235 = ADVANCED_FACE( '', ( #520 ), #521, .F. );
#236 = PRESENTATION_STYLE_ASSIGNMENT( ( #522 ) );
#237 = ADVANCED_FACE( '', ( #523 ), #524, .T. );
#238 = PRESENTATION_STYLE_ASSIGNMENT( ( #525 ) );
#239 = ADVANCED_FACE( '', ( #526 ), #527, .F. );
#240 = PRESENTATION_STYLE_ASSIGNMENT( ( #528 ) );
#241 = ADVANCED_FACE( '', ( #529 ), #530, .T. );
#242 = PRESENTATION_STYLE_ASSIGNMENT( ( #531 ) );
#243 = ADVANCED_FACE( '', ( #532 ), #533, .T. );
#244 = PRESENTATION_STYLE_ASSIGNMENT( ( #534 ) );
#245 = ADVANCED_FACE( '', ( #535 ), #536, .F. );
#246 = PRESENTATION_STYLE_ASSIGNMENT( ( #537 ) );
#247 = ADVANCED_FACE( '', ( #538 ), #539, .F. );
#248 = PRESENTATION_STYLE_ASSIGNMENT( ( #540 ) );
#249 = ADVANCED_FACE( '', ( #541 ), #542, .T. );
#250 = PRESENTATION_STYLE_ASSIGNMENT( ( #543 ) );
#251 = ADVANCED_FACE( '', ( #544 ), #545, .F. );
#252 = PRESENTATION_STYLE_ASSIGNMENT( ( #546 ) );
#253 = ADVANCED_FACE( '', ( #547 ), #548, .T. );
#254 = PRESENTATION_STYLE_ASSIGNMENT( ( #549 ) );
#255 = ADVANCED_FACE( '', ( #550 ), #551, .F. );
#256 = PRESENTATION_STYLE_ASSIGNMENT( ( #552 ) );
#257 = ADVANCED_FACE( '', ( #553 ), #554, .F. );
#258 = PRESENTATION_STYLE_ASSIGNMENT( ( #555 ) );
#259 = ADVANCED_FACE( '', ( #556 ), #557, .F. );
#260 = PRESENTATION_STYLE_ASSIGNMENT( ( #558 ) );
#261 = ADVANCED_FACE( '', ( #559 ), #560, .T. );
#262 = PRESENTATION_STYLE_ASSIGNMENT( ( #561 ) );
#263 = ADVANCED_FACE( '', ( #562 ), #563, .F. );
#264 = PRESENTATION_STYLE_ASSIGNMENT( ( #564 ) );
#265 = ADVANCED_FACE( '', ( #565 ), #566, .T. );
#266 = PRESENTATION_STYLE_ASSIGNMENT( ( #567 ) );
#267 = ADVANCED_FACE( '', ( #568 ), #569, .F. );
#268 = PRESENTATION_STYLE_ASSIGNMENT( ( #570 ) );
#269 = ADVANCED_FACE( '', ( #571 ), #572, .F. );
#270 = PRESENTATION_STYLE_ASSIGNMENT( ( #573 ) );
#271 = ADVANCED_FACE( '', ( #574 ), #575, .F. );
#272 = PRESENTATION_STYLE_ASSIGNMENT( ( #576 ) );
#273 = ADVANCED_FACE( '', ( #577 ), #578, .T. );
#274 = PRESENTATION_STYLE_ASSIGNMENT( ( #579 ) );
#275 = ADVANCED_FACE( '', ( #580 ), #581, .T. );
#276 = PRESENTATION_STYLE_ASSIGNMENT( ( #582 ) );
#277 = ADVANCED_FACE( '', ( #583 ), #584, .F. );
#278 = PRESENTATION_STYLE_ASSIGNMENT( ( #585 ) );
#279 = ADVANCED_FACE( '', ( #586 ), #587, .F. );
#280 = PRESENTATION_STYLE_ASSIGNMENT( ( #588 ) );
#281 = ADVANCED_FACE( '', ( #589 ), #590, .T. );
#282 = PRESENTATION_STYLE_ASSIGNMENT( ( #591 ) );
#283 = ADVANCED_FACE( '', ( #592 ), #593, .F. );
#284 = PRESENTATION_STYLE_ASSIGNMENT( ( #594 ) );
#285 = ADVANCED_FACE( '', ( #595 ), #596, .T. );
#286 = PRESENTATION_STYLE_ASSIGNMENT( ( #597 ) );
#287 = ADVANCED_FACE( '', ( #598 ), #599, .F. );
#288 = PRESENTATION_STYLE_ASSIGNMENT( ( #600 ) );
#289 = ADVANCED_FACE( '', ( #601 ), #602, .T. );
#290 = PRESENTATION_STYLE_ASSIGNMENT( ( #603 ) );
#291 = ADVANCED_FACE( '', ( #604 ), #605, .T. );
#292 = PRESENTATION_STYLE_ASSIGNMENT( ( #606 ) );
#293 = ADVANCED_FACE( '', ( #607 ), #608, .F. );
#294 = PRESENTATION_STYLE_ASSIGNMENT( ( #609 ) );
#295 = ADVANCED_FACE( '', ( #610 ), #611, .F. );
#296 = PRESENTATION_STYLE_ASSIGNMENT( ( #612 ) );
#297 = ADVANCED_FACE( '', ( #613 ), #614, .T. );
#298 = PRESENTATION_STYLE_ASSIGNMENT( ( #615 ) );
#299 = ADVANCED_FACE( '', ( #616 ), #617, .F. );
#300 = PRESENTATION_STYLE_ASSIGNMENT( ( #618 ) );
#301 = ADVANCED_FACE( '', ( #619 ), #620, .F. );
#302 = PRESENTATION_STYLE_ASSIGNMENT( ( #621 ) );
#303 = ADVANCED_FACE( '', ( #622 ), #623, .F. );
#304 = PRESENTATION_STYLE_ASSIGNMENT( ( #624 ) );
#305 = ADVANCED_FACE( '', ( #625 ), #626, .F. );
#306 = PRESENTATION_STYLE_ASSIGNMENT( ( #627 ) );
#307 = ADVANCED_FACE( '', ( #628 ), #629, .F. );
#308 = PRESENTATION_STYLE_ASSIGNMENT( ( #630 ) );
#309 = ADVANCED_FACE( '', ( #631 ), #632, .T. );
#310 = PRESENTATION_STYLE_ASSIGNMENT( ( #633 ) );
#311 = ADVANCED_FACE( '', ( #634 ), #635, .T. );
#312 = PRESENTATION_STYLE_ASSIGNMENT( ( #636 ) );
#313 = ADVANCED_FACE( '', ( #637 ), #638, .F. );
#314 = PRESENTATION_STYLE_ASSIGNMENT( ( #639 ) );
#315 = ADVANCED_FACE( '', ( #640 ), #641, .T. );
#316 = PRESENTATION_STYLE_ASSIGNMENT( ( #642 ) );
#317 = ADVANCED_FACE( '', ( #643 ), #644, .F. );
#318 = PRESENTATION_STYLE_ASSIGNMENT( ( #645 ) );
#319 = ADVANCED_FACE( '', ( #646 ), #647, .T. );
#320 = PRESENTATION_STYLE_ASSIGNMENT( ( #648 ) );
#321 = ADVANCED_FACE( '', ( #649 ), #650, .F. );
#322 = PRESENTATION_STYLE_ASSIGNMENT( ( #651 ) );
#323 = ADVANCED_FACE( '', ( #652 ), #653, .F. );
#324 = PRESENTATION_STYLE_ASSIGNMENT( ( #654 ) );
#325 = ADVANCED_FACE( '', ( #655 ), #656, .T. );
#326 = PRESENTATION_STYLE_ASSIGNMENT( ( #657 ) );
#327 = ADVANCED_FACE( '', ( #658 ), #659, .F. );
#328 = PRESENTATION_STYLE_ASSIGNMENT( ( #660 ) );
#329 = ADVANCED_FACE( '', ( #661 ), #662, .T. );
#330 = PRESENTATION_STYLE_ASSIGNMENT( ( #663 ) );
#331 = ADVANCED_FACE( '', ( #664 ), #665, .F. );
#332 = PRESENTATION_STYLE_ASSIGNMENT( ( #666 ) );
#333 = ADVANCED_FACE( '', ( #667 ), #668, .F. );
#334 = PRESENTATION_STYLE_ASSIGNMENT( ( #669 ) );
#335 = ADVANCED_FACE( '', ( #670 ), #671, .T. );
#336 = PRESENTATION_STYLE_ASSIGNMENT( ( #672 ) );
#337 = ADVANCED_FACE( '', ( #673 ), #674, .F. );
#338 = PRESENTATION_STYLE_ASSIGNMENT( ( #675 ) );
#339 = ADVANCED_FACE( '', ( #676 ), #677, .F. );
#340 = PRESENTATION_STYLE_ASSIGNMENT( ( #678 ) );
#341 = ADVANCED_FACE( '', ( #679 ), #680, .F. );
#342 = PRESENTATION_STYLE_ASSIGNMENT( ( #681 ) );
#343 = ADVANCED_FACE( '', ( #682 ), #683, .F. );
#344 = PRODUCT( '1', '1', 'PART-1-DESC', ( #684 ) );
#345 = PRODUCT_DEFINITION( 'NONE', 'NONE', #685, #2 );
#346 = MANIFOLD_SOLID_BREP( '1', #686 );
#347 = AXIS2_PLACEMENT_3D( '', #687, #688, #689 );
#350 = LENGTH_MEASURE_WITH_UNIT( LENGTH_MEASURE( 1.00000000000000 ), #690 );
#353 = DIMENSIONAL_EXPONENTS( 1.00000000000000, 0.000000000000000, 0.000000000000000, 0.000000000000000, 0.000000000000000, 0.000000000000000, 0.000000000000000 );
#355 = DIMENSIONAL_EXPONENTS( 0.000000000000000, 0.000000000000000, 0.000000000000000, 0.000000000000000, 0.000000000000000, 0.000000000000000, 0.000000000000000 );
#361 = SURFACE_STYLE_USAGE( .BOTH., #691 );
#362 = FACE_OUTER_BOUND( '', #692, .T. );
#363 = CONICAL_SURFACE( '', #693, 0.0500000000000000, 0.463647609000806 );
#364 = SURFACE_STYLE_USAGE( .BOTH., #694 );
#365 = FACE_OUTER_BOUND( '', #695, .T. );
#366 = PLANE( '', #696 );
#367 = SURFACE_STYLE_USAGE( .BOTH., #697 );
#368 = FACE_OUTER_BOUND( '', #698, .T. );
#369 = CONICAL_SURFACE( '', #699, 0.0500000000000000, 0.463647609000806 );
#370 = SURFACE_STYLE_USAGE( .BOTH., #700 );
#371 = FACE_OUTER_BOUND( '', #701, .T. );
#372 = PLANE( '', #702 );
#373 = SURFACE_STYLE_USAGE( .BOTH., #703 );
#374 = FACE_OUTER_BOUND( '', #704, .T. );
#375 = PLANE( '', #705 );
#376 = SURFACE_STYLE_USAGE( .BOTH., #706 );
#377 = FACE_OUTER_BOUND( '', #707, .T. );
#378 = PLANE( '', #708 );
#379 = SURFACE_STYLE_USAGE( .BOTH., #709 );
#380 = FACE_OUTER_BOUND( '', #710, .T. );
#381 = CONICAL_SURFACE( '', #711, 0.0500000000000000, 0.463647609000806 );
#382 = SURFACE_STYLE_USAGE( .BOTH., #712 );
#383 = FACE_OUTER_BOUND( '', #713, .T. );
#384 = PLANE( '', #714 );
#385 = SURFACE_STYLE_USAGE( .BOTH., #715 );
#386 = FACE_OUTER_BOUND( '', #716, .T. );
#387 = PLANE( '', #717 );
#388 = SURFACE_STYLE_USAGE( .BOTH., #718 );
#389 = FACE_OUTER_BOUND( '', #719, .T. );
#390 = PLANE( '', #720 );
#391 = SURFACE_STYLE_USAGE( .BOTH., #721 );
#392 = FACE_OUTER_BOUND( '', #722, .T. );
#393 = PLANE( '', #723 );
#394 = SURFACE_STYLE_USAGE( .BOTH., #724 );
#395 = FACE_OUTER_BOUND( '', #725, .T. );
#396 = CONICAL_SURFACE( '', #726, 0.0500000000000000, 0.463647609000806 );
#397 = SURFACE_STYLE_USAGE( .BOTH., #727 );
#398 = FACE_OUTER_BOUND( '', #728, .T. );
#399 = PLANE( '', #729 );
#400 = SURFACE_STYLE_USAGE( .BOTH., #730 );
#401 = FACE_OUTER_BOUND( '', #731, .T. );
#402 = PLANE( '', #732 );
#403 = SURFACE_STYLE_USAGE( .BOTH., #733 );
#404 = FACE_OUTER_BOUND( '', #734, .T. );
#405 = FACE_BOUND( '', #735, .T. );
#406 = FACE_BOUND( '', #736, .T. );
#407 = PLANE( '', #737 );
#408 = SURFACE_STYLE_USAGE( .BOTH., #738 );
#409 = FACE_OUTER_BOUND( '', #739, .T. );
#410 = PLANE( '', #740 );
#411 = SURFACE_STYLE_USAGE( .BOTH., #741 );
#412 = FACE_OUTER_BOUND( '', #742, .T. );
#413 = CONICAL_SURFACE( '', #743, 0.0500000000000000, 0.463647609000806 );
#414 = SURFACE_STYLE_USAGE( .BOTH., #744 );
#415 = FACE_OUTER_BOUND( '', #745, .T. );
#416 = PLANE( '', #746 );
#417 = SURFACE_STYLE_USAGE( .BOTH., #747 );
#418 = FACE_OUTER_BOUND( '', #748, .T. );
#419 = PLANE( '', #749 );
#420 = SURFACE_STYLE_USAGE( .BOTH., #750 );
#421 = FACE_OUTER_BOUND( '', #751, .T. );
#422 = PLANE( '', #752 );
#423 = SURFACE_STYLE_USAGE( .BOTH., #753 );
#424 = FACE_OUTER_BOUND( '', #754, .T. );
#425 = CONICAL_SURFACE( '', #755, 0.0500000000000000, 0.463647609000806 );
#426 = SURFACE_STYLE_USAGE( .BOTH., #756 );
#427 = FACE_OUTER_BOUND( '', #757, .T. );
#428 = PLANE( '', #758 );
#429 = SURFACE_STYLE_USAGE( .BOTH., #759 );
#430 = FACE_OUTER_BOUND( '', #760, .T. );
#431 = PLANE( '', #761 );
#432 = SURFACE_STYLE_USAGE( .BOTH., #762 );
#433 = FACE_OUTER_BOUND( '', #763, .T. );
#434 = PLANE( '', #764 );
#435 = SURFACE_STYLE_USAGE( .BOTH., #765 );
#436 = FACE_OUTER_BOUND( '', #766, .T. );
#437 = PLANE( '', #767 );
#438 = SURFACE_STYLE_USAGE( .BOTH., #768 );
#439 = FACE_OUTER_BOUND( '', #769, .T. );
#440 = PLANE( '', #770 );
#441 = SURFACE_STYLE_USAGE( .BOTH., #771 );
#442 = FACE_OUTER_BOUND( '', #772, .T. );
#443 = PLANE( '', #773 );
#444 = SURFACE_STYLE_USAGE( .BOTH., #774 );
#445 = FACE_OUTER_BOUND( '', #775, .T. );
#446 = PLANE( '', #776 );
#447 = SURFACE_STYLE_USAGE( .BOTH., #777 );
#448 = FACE_OUTER_BOUND( '', #778, .T. );
#449 = CYLINDRICAL_SURFACE( '', #779, 0.100000000000000 );
#450 = SURFACE_STYLE_USAGE( .BOTH., #780 );
#451 = FACE_OUTER_BOUND( '', #781, .T. );
#452 = PLANE( '', #782 );
#453 = SURFACE_STYLE_USAGE( .BOTH., #783 );
#454 = FACE_OUTER_BOUND( '', #784, .T. );
#455 = CONICAL_SURFACE( '', #785, 0.0500000000000000, 0.463647609000806 );
#456 = SURFACE_STYLE_USAGE( .BOTH., #786 );
#457 = FACE_OUTER_BOUND( '', #787, .T. );
#458 = PLANE( '', #788 );
#459 = SURFACE_STYLE_USAGE( .BOTH., #789 );
#460 = FACE_OUTER_BOUND( '', #790, .T. );
#461 = PLANE( '', #791 );
#462 = SURFACE_STYLE_USAGE( .BOTH., #792 );
#463 = FACE_OUTER_BOUND( '', #793, .T. );
#464 = CONICAL_SURFACE( '', #794, 0.0500000000000000, 0.463647609000806 );
#465 = SURFACE_STYLE_USAGE( .BOTH., #795 );
#466 = FACE_OUTER_BOUND( '', #796, .T. );
#467 = CYLINDRICAL_SURFACE( '', #797, 0.400000000000000 );
#468 = SURFACE_STYLE_USAGE( .BOTH., #798 );
#469 = FACE_OUTER_BOUND( '', #799, .T. );
#470 = PLANE( '', #800 );
#471 = SURFACE_STYLE_USAGE( .BOTH., #801 );
#472 = FACE_OUTER_BOUND( '', #802, .T. );
#473 = PLANE( '', #803 );
#474 = SURFACE_STYLE_USAGE( .BOTH., #804 );
#475 = FACE_OUTER_BOUND( '', #805, .T. );
#476 = PLANE( '', #806 );
#477 = SURFACE_STYLE_USAGE( .BOTH., #807 );
#478 = FACE_OUTER_BOUND( '', #808, .T. );
#479 = CYLINDRICAL_SURFACE( '', #809, 0.400000000000000 );
#480 = SURFACE_STYLE_USAGE( .BOTH., #810 );
#481 = FACE_OUTER_BOUND( '', #811, .T. );
#482 = PLANE( '', #812 );
#483 = SURFACE_STYLE_USAGE( .BOTH., #813 );
#484 = FACE_OUTER_BOUND( '', #814, .T. );
#485 = PLANE( '', #815 );
#486 = SURFACE_STYLE_USAGE( .BOTH., #816 );
#487 = FACE_OUTER_BOUND( '', #817, .T. );
#488 = PLANE( '', #818 );
#489 = SURFACE_STYLE_USAGE( .BOTH., #819 );
#490 = FACE_OUTER_BOUND( '', #820, .T. );
#491 = CYLINDRICAL_SURFACE( '', #821, 0.400000000000000 );
#492 = SURFACE_STYLE_USAGE( .BOTH., #822 );
#493 = FACE_OUTER_BOUND( '', #823, .T. );
#494 = PLANE( '', #824 );
#495 = SURFACE_STYLE_USAGE( .BOTH., #825 );
#496 = FACE_OUTER_BOUND( '', #826, .T. );
#497 = PLANE( '', #827 );
#498 = SURFACE_STYLE_USAGE( .BOTH., #828 );
#499 = FACE_OUTER_BOUND( '', #829, .T. );
#500 = CYLINDRICAL_SURFACE( '', #830, 0.100000000000000 );
#501 = SURFACE_STYLE_USAGE( .BOTH., #831 );
#502 = FACE_OUTER_BOUND( '', #832, .T. );
#503 = PLANE( '', #833 );
#504 = SURFACE_STYLE_USAGE( .BOTH., #834 );
#505 = FACE_OUTER_BOUND( '', #835, .T. );
#506 = PLANE( '', #836 );
#507 = SURFACE_STYLE_USAGE( .BOTH., #837 );
#508 = FACE_OUTER_BOUND( '', #838, .T. );
#509 = CONICAL_SURFACE( '', #839, 0.0500000000000000, 0.463647609000806 );
#510 = SURFACE_STYLE_USAGE( .BOTH., #840 );
#511 = FACE_OUTER_BOUND( '', #841, .T. );
#512 = PLANE( '', #842 );
#513 = SURFACE_STYLE_USAGE( .BOTH., #843 );
#514 = FACE_OUTER_BOUND( '', #844, .T. );
#515 = PLANE( '', #845 );
#516 = SURFACE_STYLE_USAGE( .BOTH., #846 );
#517 = FACE_OUTER_BOUND( '', #847, .T. );
#518 = PLANE( '', #848 );
#519 = SURFACE_STYLE_USAGE( .BOTH., #849 );
#520 = FACE_OUTER_BOUND( '', #850, .T. );
#521 = CONICAL_SURFACE( '', #851, 0.0500000000000000, 0.463647609000806 );
#522 = SURFACE_STYLE_USAGE( .BOTH., #852 );
#523 = FACE_OUTER_BOUND( '', #853, .T. );
#524 = CYLINDRICAL_SURFACE( '', #854, 0.400000000000000 );
#525 = SURFACE_STYLE_USAGE( .BOTH., #855 );
#526 = FACE_OUTER_BOUND( '', #856, .T. );
#527 = PLANE( '', #857 );
#528 = SURFACE_STYLE_USAGE( .BOTH., #858 );
#529 = FACE_OUTER_BOUND( '', #859, .T. );
#530 = PLANE( '', #860 );
#531 = SURFACE_STYLE_USAGE( .BOTH., #861 );
#532 = FACE_OUTER_BOUND( '', #862, .T. );
#533 = PLANE( '', #863 );
#534 = SURFACE_STYLE_USAGE( .BOTH., #864 );
#535 = FACE_OUTER_BOUND( '', #865, .T. );
#536 = CONICAL_SURFACE( '', #866, 0.0500000000000000, 0.463647609000806 );
#537 = SURFACE_STYLE_USAGE( .BOTH., #867 );
#538 = FACE_OUTER_BOUND( '', #868, .T. );
#539 = PLANE( '', #869 );
#540 = SURFACE_STYLE_USAGE( .BOTH., #870 );
#541 = FACE_OUTER_BOUND( '', #871, .T. );
#542 = PLANE( '', #872 );
#543 = SURFACE_STYLE_USAGE( .BOTH., #873 );
#544 = FACE_OUTER_BOUND( '', #874, .T. );
#545 = PLANE( '', #875 );
#546 = SURFACE_STYLE_USAGE( .BOTH., #876 );
#547 = FACE_OUTER_BOUND( '', #877, .T. );
#548 = PLANE( '', #878 );
#549 = SURFACE_STYLE_USAGE( .BOTH., #879 );
#550 = FACE_OUTER_BOUND( '', #880, .T. );
#551 = CYLINDRICAL_SURFACE( '', #881, 0.100000000000000 );
#552 = SURFACE_STYLE_USAGE( .BOTH., #882 );
#553 = FACE_OUTER_BOUND( '', #883, .T. );
#554 = PLANE( '', #884 );
#555 = SURFACE_STYLE_USAGE( .BOTH., #885 );
#556 = FACE_OUTER_BOUND( '', #886, .T. );
#557 = CONICAL_SURFACE( '', #887, 0.0500000000000000, 0.463647609000806 );
#558 = SURFACE_STYLE_USAGE( .BOTH., #888 );
#559 = FACE_OUTER_BOUND( '', #889, .T. );
#560 = PLANE( '', #890 );
#561 = SURFACE_STYLE_USAGE( .BOTH., #891 );
#562 = FACE_OUTER_BOUND( '', #892, .T. );
#563 = CONICAL_SURFACE( '', #893, 0.0500000000000000, 0.463647609000806 );
#564 = SURFACE_STYLE_USAGE( .BOTH., #894 );
#565 = FACE_OUTER_BOUND( '', #895, .T. );
#566 = PLANE( '', #896 );
#567 = SURFACE_STYLE_USAGE( .BOTH., #897 );
#568 = FACE_OUTER_BOUND( '', #898, .T. );
#569 = CONICAL_SURFACE( '', #899, 0.0500000000000000, 0.463647609000806 );
#570 = SURFACE_STYLE_USAGE( .BOTH., #900 );
#571 = FACE_OUTER_BOUND( '', #901, .T. );
#572 = PLANE( '', #902 );
#573 = SURFACE_STYLE_USAGE( .BOTH., #903 );
#574 = FACE_OUTER_BOUND( '', #904, .T. );
#575 = PLANE( '', #905 );
#576 = SURFACE_STYLE_USAGE( .BOTH., #906 );
#577 = FACE_OUTER_BOUND( '', #907, .T. );
#578 = PLANE( '', #908 );
#579 = SURFACE_STYLE_USAGE( .BOTH., #909 );
#580 = FACE_OUTER_BOUND( '', #910, .T. );
#581 = PLANE( '', #911 );
#582 = SURFACE_STYLE_USAGE( .BOTH., #912 );
#583 = FACE_OUTER_BOUND( '', #913, .T. );
#584 = PLANE( '', #914 );
#585 = SURFACE_STYLE_USAGE( .BOTH., #915 );
#586 = FACE_OUTER_BOUND( '', #916, .T. );
#587 = PLANE( '', #917 );
#588 = SURFACE_STYLE_USAGE( .BOTH., #918 );
#589 = FACE_OUTER_BOUND( '', #919, .T. );
#590 = PLANE( '', #920 );
#591 = SURFACE_STYLE_USAGE( .BOTH., #921 );
#592 = FACE_OUTER_BOUND( '', #922, .T. );
#593 = PLANE( '', #923 );
#594 = SURFACE_STYLE_USAGE( .BOTH., #924 );
#595 = FACE_OUTER_BOUND( '', #925, .T. );
#596 = PLANE( '', #926 );
#597 = SURFACE_STYLE_USAGE( .BOTH., #927 );
#598 = FACE_OUTER_BOUND( '', #928, .T. );
#599 = CONICAL_SURFACE( '', #929, 0.0500000000000000, 0.463647609000806 );
#600 = SURFACE_STYLE_USAGE( .BOTH., #930 );
#601 = FACE_OUTER_BOUND( '', #931, .T. );
#602 = PLANE( '', #932 );
#603 = SURFACE_STYLE_USAGE( .BOTH., #933 );
#604 = FACE_OUTER_BOUND( '', #934, .T. );
#605 = PLANE( '', #935 );
#606 = SURFACE_STYLE_USAGE( .BOTH., #936 );
#607 = FACE_OUTER_BOUND( '', #937, .T. );
#608 = CONICAL_SURFACE( '', #938, 0.0500000000000000, 0.463647609000806 );
#609 = SURFACE_STYLE_USAGE( .BOTH., #939 );
#610 = FACE_OUTER_BOUND( '', #940, .T. );
#611 = CONICAL_SURFACE( '', #941, 0.0500000000000000, 0.463647609000806 );
#612 = SURFACE_STYLE_USAGE( .BOTH., #942 );
#613 = FACE_OUTER_BOUND( '', #943, .T. );
#614 = PLANE( '', #944 );
#615 = SURFACE_STYLE_USAGE( .BOTH., #945 );
#616 = FACE_OUTER_BOUND( '', #946, .T. );
#617 = CONICAL_SURFACE( '', #947, 0.0500000000000000, 0.463647609000806 );
#618 = SURFACE_STYLE_USAGE( .BOTH., #948 );
#619 = FACE_OUTER_BOUND( '', #949, .T. );
#620 = PLANE( '', #950 );
#621 = SURFACE_STYLE_USAGE( .BOTH., #951 );
#622 = FACE_OUTER_BOUND( '', #952, .T. );
#623 = CONICAL_SURFACE( '', #953, 0.0500000000000000, 0.463647609000806 );
#624 = SURFACE_STYLE_USAGE( .BOTH., #954 );
#625 = FACE_OUTER_BOUND( '', #955, .T. );
#626 = PLANE( '', #956 );
#627 = SURFACE_STYLE_USAGE( .BOTH., #957 );
#628 = FACE_OUTER_BOUND( '', #958, .T. );
#629 = PLANE( '', #959 );
#630 = SURFACE_STYLE_USAGE( .BOTH., #960 );
#631 = FACE_OUTER_BOUND( '', #961, .T. );
#632 = PLANE( '', #962 );
#633 = SURFACE_STYLE_USAGE( .BOTH., #963 );
#634 = FACE_OUTER_BOUND( '', #964, .T. );
#635 = PLANE( '', #965 );
#636 = SURFACE_STYLE_USAGE( .BOTH., #966 );
#637 = FACE_OUTER_BOUND( '', #967, .T. );
#638 = CONICAL_SURFACE( '', #968, 0.0500000000000000, 0.463647609000806 );
#639 = SURFACE_STYLE_USAGE( .BOTH., #969 );
#640 = FACE_OUTER_BOUND( '', #970, .T. );
#641 = PLANE( '', #971 );
#642 = SURFACE_STYLE_USAGE( .BOTH., #972 );
#643 = FACE_OUTER_BOUND( '', #973, .T. );
#644 = CONICAL_SURFACE( '', #974, 0.0500000000000000, 0.463647609000806 );
#645 = SURFACE_STYLE_USAGE( .BOTH., #975 );
#646 = FACE_OUTER_BOUND( '', #976, .T. );
#647 = PLANE( '', #977 );
#648 = SURFACE_STYLE_USAGE( .BOTH., #978 );
#649 = FACE_OUTER_BOUND( '', #979, .T. );
#650 = CONICAL_SURFACE( '', #980, 0.0500000000000000, 0.463647609000806 );
#651 = SURFACE_STYLE_USAGE( .BOTH., #981 );
#652 = FACE_OUTER_BOUND( '', #982, .T. );
#653 = PLANE( '', #983 );
#654 = SURFACE_STYLE_USAGE( .BOTH., #984 );
#655 = FACE_OUTER_BOUND( '', #985, .T. );
#656 = PLANE( '', #986 );
#657 = SURFACE_STYLE_USAGE( .BOTH., #987 );
#658 = FACE_OUTER_BOUND( '', #988, .T. );
#659 = CONICAL_SURFACE( '', #989, 0.0500000000000000, 0.463647609000806 );
#660 = SURFACE_STYLE_USAGE( .BOTH., #990 );
#661 = FACE_OUTER_BOUND( '', #991, .T. );
#662 = PLANE( '', #992 );
#663 = SURFACE_STYLE_USAGE( .BOTH., #993 );
#664 = FACE_OUTER_BOUND( '', #994, .T. );
#665 = CONICAL_SURFACE( '', #995, 0.0500000000000000, 0.463647609000806 );
#666 = SURFACE_STYLE_USAGE( .BOTH., #996 );
#667 = FACE_OUTER_BOUND( '', #997, .T. );
#668 = CONICAL_SURFACE( '', #998, 0.0500000000000000, 0.463647609000806 );
#669 = SURFACE_STYLE_USAGE( .BOTH., #999 );
#670 = FACE_OUTER_BOUND( '', #1000, .T. );
#671 = PLANE( '', #1001 );
#672 = SURFACE_STYLE_USAGE( .BOTH., #1002 );
#673 = FACE_OUTER_BOUND( '', #1003, .T. );
#674 = CYLINDRICAL_SURFACE( '', #1004, 0.100000000000000 );
#675 = SURFACE_STYLE_USAGE( .BOTH., #1005 );
#676 = FACE_OUTER_BOUND( '', #1006, .T. );
#677 = PLANE( '', #1007 );
#678 = SURFACE_STYLE_USAGE( .BOTH., #1008 );
#679 = FACE_OUTER_BOUND( '', #1009, .T. );
#680 = PLANE( '', #1010 );
#681 = SURFACE_STYLE_USAGE( .BOTH., #1011 );
#682 = FACE_OUTER_BOUND( '', #1012, .T. );
#683 = PLANE( '', #1013 );
#684 = PRODUCT_CONTEXT( '', #117, 'mechanical' );
#685 = PRODUCT_DEFINITION_FORMATION_WITH_SPECIFIED_SOURCE( ' ', 'NONE', #344, .NOT_KNOWN. );
#686 = CLOSED_SHELL( '', ( #159, #181, #327, #241, #155, #335, #225, #167, #207, #301, #221, #275, #187, #231, #309, #337, #145, #307, #171, #149, #205, #317, #189, #251, #247, #229, #197, #165, #257, #235, #325, #321, #219, #179, #285, #227, #297, #313, #343, #147, #217, #203, #259, #163, #279, #193, #305, #139, #339, #245, #177, #283, #263, #131, #239, #209, #287, #133, #299, #271, #329, #211, #237, #191, #253, #201, #151, #289, #331, #291, #169, #261, #185, #233, #255, #161, #195, #137, #303, #215, #173, #293, #315, #295, #183, #323, #269, #273, #175, #135, #143, #199, #223, #267, #265, #141, #277, #281, #243, #153, #213, #333, #341, #319, #157, #311, #249 ) );
#687 = CARTESIAN_POINT( '', ( 0.000000000000000, 0.000000000000000, 0.000000000000000 ) );
#688 = DIRECTION( '', ( 0.000000000000000, 0.000000000000000, 1.00000000000000 ) );
#689 = DIRECTION( '', ( 1.00000000000000, 0.000000000000000, 0.000000000000000 ) );
#690 =  ( LENGTH_UNIT(  )NAMED_UNIT( #353 )SI_UNIT( .MILLI., .METRE. ) );
#691 = SURFACE_SIDE_STYLE( '', ( #1015 ) );
#692 = EDGE_LOOP( '', ( #1016, #1017, #1018 ) );
#693 = AXIS2_PLACEMENT_3D( '', #1019, #1020, #1021 );
#694 = SURFACE_SIDE_STYLE( '', ( #1022 ) );
#695 = EDGE_LOOP( '', ( #1023, #1024, #1025, #1026 ) );
#696 = AXIS2_PLACEMENT_3D( '', #1027, #1028, #1029 );
#697 = SURFACE_SIDE_STYLE( '', ( #1030 ) );
#698 = EDGE_LOOP( '', ( #1031, #1032, #1033 ) );
#699 = AXIS2_PLACEMENT_3D( '', #1034, #1035, #1036 );
#700 = SURFACE_SIDE_STYLE( '', ( #1037 ) );
#701 = EDGE_LOOP( '', ( #1038, #1039, #1040, #1041, #1042, #1043 ) );
#702 = AXIS2_PLACEMENT_3D( '', #1044, #1045, #1046 );
#703 = SURFACE_SIDE_STYLE( '', ( #1047 ) );
#704 = EDGE_LOOP( '', ( #1048, #1049, #1050, #1051, #1052, #1053, #1054, #1055, #1056, #1057, #1058, #1059, #1060, #1061, #1062, #1063 ) );
#705 = AXIS2_PLACEMENT_3D( '', #1064, #1065, #1066 );
#706 = SURFACE_SIDE_STYLE( '', ( #1067 ) );
#707 = EDGE_LOOP( '', ( #1068, #1069, #1070, #1071 ) );
#708 = AXIS2_PLACEMENT_3D( '', #1072, #1073, #1074 );
#709 = SURFACE_SIDE_STYLE( '', ( #1075 ) );
#710 = EDGE_LOOP( '', ( #1076, #1077, #1078 ) );
#711 = AXIS2_PLACEMENT_3D( '', #1079, #1080, #1081 );
#712 = SURFACE_SIDE_STYLE( '', ( #1082 ) );
#713 = EDGE_LOOP( '', ( #1083, #1084, #1085, #1086 ) );
#714 = AXIS2_PLACEMENT_3D( '', #1087, #1088, #1089 );
#715 = SURFACE_SIDE_STYLE( '', ( #1090 ) );
#716 = EDGE_LOOP( '', ( #1091, #1092, #1093, #1094 ) );
#717 = AXIS2_PLACEMENT_3D( '', #1095, #1096, #1097 );
#718 = SURFACE_SIDE_STYLE( '', ( #1098 ) );
#719 = EDGE_LOOP( '', ( #1099, #1100, #1101, #1102 ) );
#720 = AXIS2_PLACEMENT_3D( '', #1103, #1104, #1105 );
#721 = SURFACE_SIDE_STYLE( '', ( #1106 ) );
#722 = EDGE_LOOP( '', ( #1107, #1108, #1109, #1110 ) );
#723 = AXIS2_PLACEMENT_3D( '', #1111, #1112, #1113 );
#724 = SURFACE_SIDE_STYLE( '', ( #1114 ) );
#725 = EDGE_LOOP( '', ( #1115, #1116, #1117 ) );
#726 = AXIS2_PLACEMENT_3D( '', #1118, #1119, #1120 );
#727 = SURFACE_SIDE_STYLE( '', ( #1121 ) );
#728 = EDGE_LOOP( '', ( #1122, #1123, #1124, #1125 ) );
#729 = AXIS2_PLACEMENT_3D( '', #1126, #1127, #1128 );
#730 = SURFACE_SIDE_STYLE( '', ( #1129 ) );
#731 = EDGE_LOOP( '', ( #1130, #1131, #1132, #1133 ) );
#732 = AXIS2_PLACEMENT_3D( '', #1134, #1135, #1136 );
#733 = SURFACE_SIDE_STYLE( '', ( #1137 ) );
#734 = EDGE_LOOP( '', ( #1138, #1139, #1140, #1141 ) );
#735 = EDGE_LOOP( '', ( #1142, #1143, #1144, #1145, #1146, #1147, #1148, #1149, #1150, #1151, #1152, #1153, #1154, #1155, #1156, #1157, #1158, #1159, #1160, #1161, #1162, #1163, #1164 ) );
#736 = EDGE_LOOP( '', ( #1165, #1166, #1167, #1168, #1169, #1170, #1171, #1172, #1173, #1174, #1175, #1176, #1177, #1178, #1179, #1180, #1181, #1182, #1183, #1184 ) );
#737 = AXIS2_PLACEMENT_3D( '', #1185, #1186, #1187 );
#738 = SURFACE_SIDE_STYLE( '', ( #1188 ) );
#739 = EDGE_LOOP( '', ( #1189, #1190, #1191, #1192 ) );
#740 = AXIS2_PLACEMENT_3D( '', #1193, #1194, #1195 );
#741 = SURFACE_SIDE_STYLE( '', ( #1196 ) );
#742 = EDGE_LOOP( '', ( #1197, #1198, #1199 ) );
#743 = AXIS2_PLACEMENT_3D( '', #1200, #1201, #1202 );
#744 = SURFACE_SIDE_STYLE( '', ( #1203 ) );
#745 = EDGE_LOOP( '', ( #1204, #1205, #1206, #1207 ) );
#746 = AXIS2_PLACEMENT_3D( '', #1208, #1209, #1210 );
#747 = SURFACE_SIDE_STYLE( '', ( #1211 ) );
#748 = EDGE_LOOP( '', ( #1212, #1213, #1214, #1215, #1216, #1217 ) );
#749 = AXIS2_PLACEMENT_3D( '', #1218, #1219, #1220 );
#750 = SURFACE_SIDE_STYLE( '', ( #1221 ) );
#751 = EDGE_LOOP( '', ( #1222, #1223, #1224, #1225 ) );
#752 = AXIS2_PLACEMENT_3D( '', #1226, #1227, #1228 );
#753 = SURFACE_SIDE_STYLE( '', ( #1229 ) );
#754 = EDGE_LOOP( '', ( #1230, #1231, #1232 ) );
#755 = AXIS2_PLACEMENT_3D( '', #1233, #1234, #1235 );
#756 = SURFACE_SIDE_STYLE( '', ( #1236 ) );
#757 = EDGE_LOOP( '', ( #1237, #1238, #1239, #1240 ) );
#758 = AXIS2_PLACEMENT_3D( '', #1241, #1242, #1243 );
#759 = SURFACE_SIDE_STYLE( '', ( #1244 ) );
#760 = EDGE_LOOP( '', ( #1245, #1246, #1247, #1248 ) );
#761 = AXIS2_PLACEMENT_3D( '', #1249, #1250, #1251 );
#762 = SURFACE_SIDE_STYLE( '', ( #1252 ) );
#763 = EDGE_LOOP( '', ( #1253, #1254, #1255, #1256 ) );
#764 = AXIS2_PLACEMENT_3D( '', #1257, #1258, #1259 );
#765 = SURFACE_SIDE_STYLE( '', ( #1260 ) );
#766 = EDGE_LOOP( '', ( #1261, #1262, #1263, #1264 ) );
#767 = AXIS2_PLACEMENT_3D( '', #1265, #1266, #1267 );
#768 = SURFACE_SIDE_STYLE( '', ( #1268 ) );
#769 = EDGE_LOOP( '', ( #1269, #1270, #1271, #1272 ) );
#770 = AXIS2_PLACEMENT_3D( '', #1273, #1274, #1275 );
#771 = SURFACE_SIDE_STYLE( '', ( #1276 ) );
#772 = EDGE_LOOP( '', ( #1277, #1278, #1279, #1280 ) );
#773 = AXIS2_PLACEMENT_3D( '', #1281, #1282, #1283 );
#774 = SURFACE_SIDE_STYLE( '', ( #1284 ) );
#775 = EDGE_LOOP( '', ( #1285, #1286, #1287, #1288 ) );
#776 = AXIS2_PLACEMENT_3D( '', #1289, #1290, #1291 );
#777 = SURFACE_SIDE_STYLE( '', ( #1292 ) );
#778 = EDGE_LOOP( '', ( #1293, #1294, #1295, #1296 ) );
#779 = AXIS2_PLACEMENT_3D( '', #1297, #1298, #1299 );
#780 = SURFACE_SIDE_STYLE( '', ( #1300 ) );
#781 = EDGE_LOOP( '', ( #1301, #1302, #1303, #1304, #1305, #1306, #1307, #1308, #1309, #1310, #1311, #1312, #1313, #1314, #1315, #1316 ) );
#782 = AXIS2_PLACEMENT_3D( '', #1317, #1318, #1319 );
#783 = SURFACE_SIDE_STYLE( '', ( #1320 ) );
#784 = EDGE_LOOP( '', ( #1321, #1322, #1323 ) );
#785 = AXIS2_PLACEMENT_3D( '', #1324, #1325, #1326 );
#786 = SURFACE_SIDE_STYLE( '', ( #1327 ) );
#787 = EDGE_LOOP( '', ( #1328, #1329, #1330, #1331 ) );
#788 = AXIS2_PLACEMENT_3D( '', #1332, #1333, #1334 );
#789 = SURFACE_SIDE_STYLE( '', ( #1335 ) );
#790 = EDGE_LOOP( '', ( #1336, #1337, #1338, #1339 ) );
#791 = AXIS2_PLACEMENT_3D( '', #1340, #1341, #1342 );
#792 = SURFACE_SIDE_STYLE( '', ( #1343 ) );
#793 = EDGE_LOOP( '', ( #1344, #1345, #1346 ) );
#794 = AXIS2_PLACEMENT_3D( '', #1347, #1348, #1349 );
#795 = SURFACE_SIDE_STYLE( '', ( #1350 ) );
#796 = EDGE_LOOP( '', ( #1351, #1352, #1353, #1354 ) );
#797 = AXIS2_PLACEMENT_3D( '', #1355, #1356, #1357 );
#798 = SURFACE_SIDE_STYLE( '', ( #1358 ) );
#799 = EDGE_LOOP( '', ( #1359, #1360, #1361, #1362 ) );
#800 = AXIS2_PLACEMENT_3D( '', #1363, #1364, #1365 );
#801 = SURFACE_SIDE_STYLE( '', ( #1366 ) );
#802 = EDGE_LOOP( '', ( #1367, #1368, #1369, #1370 ) );
#803 = AXIS2_PLACEMENT_3D( '', #1371, #1372, #1373 );
#804 = SURFACE_SIDE_STYLE( '', ( #1374 ) );
#805 = EDGE_LOOP( '', ( #1375, #1376, #1377, #1378 ) );
#806 = AXIS2_PLACEMENT_3D( '', #1379, #1380, #1381 );
#807 = SURFACE_SIDE_STYLE( '', ( #1382 ) );
#808 = EDGE_LOOP( '', ( #1383, #1384, #1385, #1386 ) );
#809 = AXIS2_PLACEMENT_3D( '', #1387, #1388, #1389 );
#810 = SURFACE_SIDE_STYLE( '', ( #1390 ) );
#811 = EDGE_LOOP( '', ( #1391, #1392, #1393, #1394 ) );
#812 = AXIS2_PLACEMENT_3D( '', #1395, #1396, #1397 );
#813 = SURFACE_SIDE_STYLE( '', ( #1398 ) );
#814 = EDGE_LOOP( '', ( #1399, #1400, #1401, #1402 ) );
#815 = AXIS2_PLACEMENT_3D( '', #1403, #1404, #1405 );
#816 = SURFACE_SIDE_STYLE( '', ( #1406 ) );
#817 = EDGE_LOOP( '', ( #1407, #1408, #1409, #1410 ) );
#818 = AXIS2_PLACEMENT_3D( '', #1411, #1412, #1413 );
#819 = SURFACE_SIDE_STYLE( '', ( #1414 ) );
#820 = EDGE_LOOP( '', ( #1415, #1416, #1417, #1418 ) );
#821 = AXIS2_PLACEMENT_3D( '', #1419, #1420, #1421 );
#822 = SURFACE_SIDE_STYLE( '', ( #1422 ) );
#823 = EDGE_LOOP( '', ( #1423, #1424, #1425, #1426 ) );
#824 = AXIS2_PLACEMENT_3D( '', #1427, #1428, #1429 );
#825 = SURFACE_SIDE_STYLE( '', ( #1430 ) );
#826 = EDGE_LOOP( '', ( #1431, #1432, #1433, #1434 ) );
#827 = AXIS2_PLACEMENT_3D( '', #1435, #1436, #1437 );
#828 = SURFACE_SIDE_STYLE( '', ( #1438 ) );
#829 = EDGE_LOOP( '', ( #1439, #1440, #1441, #1442 ) );
#830 = AXIS2_PLACEMENT_3D( '', #1443, #1444, #1445 );
#831 = SURFACE_SIDE_STYLE( '', ( #1446 ) );
#832 = EDGE_LOOP( '', ( #1447, #1448, #1449, #1450 ) );
#833 = AXIS2_PLACEMENT_3D( '', #1451, #1452, #1453 );
#834 = SURFACE_SIDE_STYLE( '', ( #1454 ) );
#835 = EDGE_LOOP( '', ( #1455, #1456, #1457, #1458 ) );
#836 = AXIS2_PLACEMENT_3D( '', #1459, #1460, #1461 );
#837 = SURFACE_SIDE_STYLE( '', ( #1462 ) );
#838 = EDGE_LOOP( '', ( #1463, #1464, #1465 ) );
#839 = AXIS2_PLACEMENT_3D( '', #1466, #1467, #1468 );
#840 = SURFACE_SIDE_STYLE( '', ( #1469 ) );
#841 = EDGE_LOOP( '', ( #1470, #1471, #1472, #1473 ) );
#842 = AXIS2_PLACEMENT_3D( '', #1474, #1475, #1476 );
#843 = SURFACE_SIDE_STYLE( '', ( #1477 ) );
#844 = EDGE_LOOP( '', ( #1478, #1479, #1480, #1481, #1482, #1483 ) );
#845 = AXIS2_PLACEMENT_3D( '', #1484, #1485, #1486 );
#846 = SURFACE_SIDE_STYLE( '', ( #1487 ) );
#847 = EDGE_LOOP( '', ( #1488, #1489, #1490, #1491, #1492, #1493 ) );
#848 = AXIS2_PLACEMENT_3D( '', #1494, #1495, #1496 );
#849 = SURFACE_SIDE_STYLE( '', ( #1497 ) );
#850 = EDGE_LOOP( '', ( #1498, #1499, #1500 ) );
#851 = AXIS2_PLACEMENT_3D( '', #1501, #1502, #1503 );
#852 = SURFACE_SIDE_STYLE( '', ( #1504 ) );
#853 = EDGE_LOOP( '', ( #1505, #1506, #1507, #1508 ) );
#854 = AXIS2_PLACEMENT_3D( '', #1509, #1510, #1511 );
#855 = SURFACE_SIDE_STYLE( '', ( #1512 ) );
#856 = EDGE_LOOP( '', ( #1513, #1514, #1515, #1516 ) );
#857 = AXIS2_PLACEMENT_3D( '', #1517, #1518, #1519 );
#858 = SURFACE_SIDE_STYLE( '', ( #1520 ) );
#859 = EDGE_LOOP( '', ( #1521, #1522, #1523, #1524 ) );
#860 = AXIS2_PLACEMENT_3D( '', #1525, #1526, #1527 );
#861 = SURFACE_SIDE_STYLE( '', ( #1528 ) );
#862 = EDGE_LOOP( '', ( #1529, #1530, #1531, #1532 ) );
#863 = AXIS2_PLACEMENT_3D( '', #1533, #1534, #1535 );
#864 = SURFACE_SIDE_STYLE( '', ( #1536 ) );
#865 = EDGE_LOOP( '', ( #1537, #1538, #1539 ) );
#866 = AXIS2_PLACEMENT_3D( '', #1540, #1541, #1542 );
#867 = SURFACE_SIDE_STYLE( '', ( #1543 ) );
#868 = EDGE_LOOP( '', ( #1544, #1545, #1546, #1547 ) );
#869 = AXIS2_PLACEMENT_3D( '', #1548, #1549, #1550 );
#870 = SURFACE_SIDE_STYLE( '', ( #1551 ) );
#871 = EDGE_LOOP( '', ( #1552, #1553, #1554, #1555 ) );
#872 = AXIS2_PLACEMENT_3D( '', #1556, #1557, #1558 );
#873 = SURFACE_SIDE_STYLE( '', ( #1559 ) );
#874 = EDGE_LOOP( '', ( #1560, #1561, #1562, #1563 ) );
#875 = AXIS2_PLACEMENT_3D( '', #1564, #1565, #1566 );
#876 = SURFACE_SIDE_STYLE( '', ( #1567 ) );
#877 = EDGE_LOOP( '', ( #1568, #1569, #1570, #1571 ) );
#878 = AXIS2_PLACEMENT_3D( '', #1572, #1573, #1574 );
#879 = SURFACE_SIDE_STYLE( '', ( #1575 ) );
#880 = EDGE_LOOP( '', ( #1576, #1577, #1578, #1579 ) );
#881 = AXIS2_PLACEMENT_3D( '', #1580, #1581, #1582 );
#882 = SURFACE_SIDE_STYLE( '', ( #1583 ) );
#883 = EDGE_LOOP( '', ( #1584, #1585, #1586, #1587 ) );
#884 = AXIS2_PLACEMENT_3D( '', #1588, #1589, #1590 );
#885 = SURFACE_SIDE_STYLE( '', ( #1591 ) );
#886 = EDGE_LOOP( '', ( #1592, #1593, #1594 ) );
#887 = AXIS2_PLACEMENT_3D( '', #1595, #1596, #1597 );
#888 = SURFACE_SIDE_STYLE( '', ( #1598 ) );
#889 = EDGE_LOOP( '', ( #1599, #1600, #1601, #1602 ) );
#890 = AXIS2_PLACEMENT_3D( '', #1603, #1604, #1605 );
#891 = SURFACE_SIDE_STYLE( '', ( #1606 ) );
#892 = EDGE_LOOP( '', ( #1607, #1608, #1609 ) );
#893 = AXIS2_PLACEMENT_3D( '', #1610, #1611, #1612 );
#894 = SURFACE_SIDE_STYLE( '', ( #1613 ) );
#895 = EDGE_LOOP( '', ( #1614, #1615, #1616, #1617 ) );
#896 = AXIS2_PLACEMENT_3D( '', #1618, #1619, #1620 );
#897 = SURFACE_SIDE_STYLE( '', ( #1621 ) );
#898 = EDGE_LOOP( '', ( #1622, #1623, #1624 ) );
#899 = AXIS2_PLACEMENT_3D( '', #1625, #1626, #1627 );
#900 = SURFACE_SIDE_STYLE( '', ( #1628 ) );
#901 = EDGE_LOOP( '', ( #1629, #1630, #1631, #1632 ) );
#902 = AXIS2_PLACEMENT_3D( '', #1633, #1634, #1635 );
#903 = SURFACE_SIDE_STYLE( '', ( #1636 ) );
#904 = EDGE_LOOP( '', ( #1637, #1638, #1639, #1640 ) );
#905 = AXIS2_PLACEMENT_3D( '', #1641, #1642, #1643 );
#906 = SURFACE_SIDE_STYLE( '', ( #1644 ) );
#907 = EDGE_LOOP( '', ( #1645, #1646, #1647, #1648 ) );
#908 = AXIS2_PLACEMENT_3D( '', #1649, #1650, #1651 );
#909 = SURFACE_SIDE_STYLE( '', ( #1652 ) );
#910 = EDGE_LOOP( '', ( #1653, #1654, #1655, #1656, #1657, #1658 ) );
#911 = AXIS2_PLACEMENT_3D( '', #1659, #1660, #1661 );
#912 = SURFACE_SIDE_STYLE( '', ( #1662 ) );
#913 = EDGE_LOOP( '', ( #1663, #1664, #1665, #1666 ) );
#914 = AXIS2_PLACEMENT_3D( '', #1667, #1668, #1669 );
#915 = SURFACE_SIDE_STYLE( '', ( #1670 ) );
#916 = EDGE_LOOP( '', ( #1671, #1672, #1673, #1674 ) );
#917 = AXIS2_PLACEMENT_3D( '', #1675, #1676, #1677 );
#918 = SURFACE_SIDE_STYLE( '', ( #1678 ) );
#919 = EDGE_LOOP( '', ( #1679, #1680, #1681, #1682 ) );
#920 = AXIS2_PLACEMENT_3D( '', #1683, #1684, #1685 );
#921 = SURFACE_SIDE_STYLE( '', ( #1686 ) );
#922 = EDGE_LOOP( '', ( #1687, #1688, #1689, #1690 ) );
#923 = AXIS2_PLACEMENT_3D( '', #1691, #1692, #1693 );
#924 = SURFACE_SIDE_STYLE( '', ( #1694 ) );
#925 = EDGE_LOOP( '', ( #1695, #1696, #1697, #1698 ) );
#926 = AXIS2_PLACEMENT_3D( '', #1699, #1700, #1701 );
#927 = SURFACE_SIDE_STYLE( '', ( #1702 ) );
#928 = EDGE_LOOP( '', ( #1703, #1704, #1705 ) );
#929 = AXIS2_PLACEMENT_3D( '', #1706, #1707, #1708 );
#930 = SURFACE_SIDE_STYLE( '', ( #1709 ) );
#931 = EDGE_LOOP( '', ( #1710, #1711, #1712, #1713 ) );
#932 = AXIS2_PLACEMENT_3D( '', #1714, #1715, #1716 );
#933 = SURFACE_SIDE_STYLE( '', ( #1717 ) );
#934 = EDGE_LOOP( '', ( #1718, #1719, #1720, #1721 ) );
#935 = AXIS2_PLACEMENT_3D( '', #1722, #1723, #1724 );
#936 = SURFACE_SIDE_STYLE( '', ( #1725 ) );
#937 = EDGE_LOOP( '', ( #1726, #1727, #1728 ) );
#938 = AXIS2_PLACEMENT_3D( '', #1729, #1730, #1731 );
#939 = SURFACE_SIDE_STYLE( '', ( #1732 ) );
#940 = EDGE_LOOP( '', ( #1733, #1734, #1735 ) );
#941 = AXIS2_PLACEMENT_3D( '', #1736, #1737, #1738 );
#942 = SURFACE_SIDE_STYLE( '', ( #1739 ) );
#943 = EDGE_LOOP( '', ( #1740, #1741, #1742, #1743 ) );
#944 = AXIS2_PLACEMENT_3D( '', #1744, #1745, #1746 );
#945 = SURFACE_SIDE_STYLE( '', ( #1747 ) );
#946 = EDGE_LOOP( '', ( #1748, #1749, #1750 ) );
#947 = AXIS2_PLACEMENT_3D( '', #1751, #1752, #1753 );
#948 = SURFACE_SIDE_STYLE( '', ( #1754 ) );
#949 = EDGE_LOOP( '', ( #1755, #1756, #1757, #1758 ) );
#950 = AXIS2_PLACEMENT_3D( '', #1759, #1760, #1761 );
#951 = SURFACE_SIDE_STYLE( '', ( #1762 ) );
#952 = EDGE_LOOP( '', ( #1763, #1764, #1765 ) );
#953 = AXIS2_PLACEMENT_3D( '', #1766, #1767, #1768 );
#954 = SURFACE_SIDE_STYLE( '', ( #1769 ) );
#955 = EDGE_LOOP( '', ( #1770, #1771, #1772, #1773 ) );
#956 = AXIS2_PLACEMENT_3D( '', #1774, #1775, #1776 );
#957 = SURFACE_SIDE_STYLE( '', ( #1777 ) );
#958 = EDGE_LOOP( '', ( #1778, #1779, #1780, #1781 ) );
#959 = AXIS2_PLACEMENT_3D( '', #1782, #1783, #1784 );
#960 = SURFACE_SIDE_STYLE( '', ( #1785 ) );
#961 = EDGE_LOOP( '', ( #1786, #1787, #1788, #1789, #1790, #1791 ) );
#962 = AXIS2_PLACEMENT_3D( '', #1792, #1793, #1794 );
#963 = SURFACE_SIDE_STYLE( '', ( #1795 ) );
#964 = EDGE_LOOP( '', ( #1796, #1797, #1798, #1799 ) );
#965 = AXIS2_PLACEMENT_3D( '', #1800, #1801, #1802 );
#966 = SURFACE_SIDE_STYLE( '', ( #1803 ) );
#967 = EDGE_LOOP( '', ( #1804, #1805, #1806 ) );
#968 = AXIS2_PLACEMENT_3D( '', #1807, #1808, #1809 );
#969 = SURFACE_SIDE_STYLE( '', ( #1810 ) );
#970 = EDGE_LOOP( '', ( #1811, #1812, #1813, #1814 ) );
#971 = AXIS2_PLACEMENT_3D( '', #1815, #1816, #1817 );
#972 = SURFACE_SIDE_STYLE( '', ( #1818 ) );
#973 = EDGE_LOOP( '', ( #1819, #1820, #1821 ) );
#974 = AXIS2_PLACEMENT_3D( '', #1822, #1823, #1824 );
#975 = SURFACE_SIDE_STYLE( '', ( #1825 ) );
#976 = EDGE_LOOP( '', ( #1826, #1827, #1828, #1829 ) );
#977 = AXIS2_PLACEMENT_3D( '', #1830, #1831, #1832 );
#978 = SURFACE_SIDE_STYLE( '', ( #1833 ) );
#979 = EDGE_LOOP( '', ( #1834, #1835, #1836 ) );
#980 = AXIS2_PLACEMENT_3D( '', #1837, #1838, #1839 );
#981 = SURFACE_SIDE_STYLE( '', ( #1840 ) );
#982 = EDGE_LOOP( '', ( #1841, #1842, #1843, #1844 ) );
#983 = AXIS2_PLACEMENT_3D( '', #1845, #1846, #1847 );
#984 = SURFACE_SIDE_STYLE( '', ( #1848 ) );
#985 = EDGE_LOOP( '', ( #1849, #1850, #1851, #1852 ) );
#986 = AXIS2_PLACEMENT_3D( '', #1853, #1854, #1855 );
#987 = SURFACE_SIDE_STYLE( '', ( #1856 ) );
#988 = EDGE_LOOP( '', ( #1857, #1858, #1859 ) );
#989 = AXIS2_PLACEMENT_3D( '', #1860, #1861, #1862 );
#990 = SURFACE_SIDE_STYLE( '', ( #1863 ) );
#991 = EDGE_LOOP( '', ( #1864, #1865, #1866, #1867, #1868, #1869 ) );
#992 = AXIS2_PLACEMENT_3D( '', #1870, #1871, #1872 );
#993 = SURFACE_SIDE_STYLE( '', ( #1873 ) );
#994 = EDGE_LOOP( '', ( #1874, #1875, #1876 ) );
#995 = AXIS2_PLACEMENT_3D( '', #1877, #1878, #1879 );
#996 = SURFACE_SIDE_STYLE( '', ( #1880 ) );
#997 = EDGE_LOOP( '', ( #1881, #1882, #1883 ) );
#998 = AXIS2_PLACEMENT_3D( '', #1884, #1885, #1886 );
#999 = SURFACE_SIDE_STYLE( '', ( #1887 ) );
#1000 = EDGE_LOOP( '', ( #1888, #1889, #1890, #1891, #1892, #1893 ) );
#1001 = AXIS2_PLACEMENT_3D( '', #1894, #1895, #1896 );
#1002 = SURFACE_SIDE_STYLE( '', ( #1897 ) );
#1003 = EDGE_LOOP( '', ( #1898, #1899, #1900, #1901 ) );
#1004 = AXIS2_PLACEMENT_3D( '', #1902, #1903, #1904 );
#1005 = SURFACE_SIDE_STYLE( '', ( #1905 ) );
#1006 = EDGE_LOOP( '', ( #1906, #1907, #1908, #1909 ) );
#1007 = AXIS2_PLACEMENT_3D( '', #1910, #1911, #1912 );
#1008 = SURFACE_SIDE_STYLE( '', ( #1913 ) );
#1009 = EDGE_LOOP( '', ( #1914, #1915, #1916, #1917 ) );
#1010 = AXIS2_PLACEMENT_3D( '', #1918, #1919, #1920 );
#1011 = SURFACE_SIDE_STYLE( '', ( #1921 ) );
#1012 = EDGE_LOOP( '', ( #1922, #1923, #1924, #1925 ) );
#1013 = AXIS2_PLACEMENT_3D( '', #1926, #1927, #1928 );
#1015 = SURFACE_STYLE_FILL_AREA( #1929 );
#1016 = ORIENTED_EDGE( '', *, *, #1930, .F. );
#1017 = ORIENTED_EDGE( '', *, *, #1931, .T. );
#1018 = ORIENTED_EDGE( '', *, *, #1932, .T. );
#1019 = CARTESIAN_POINT( '', ( 14.2121826618010, 18.2966603759001, 0.300000000000000 ) );
#1020 = DIRECTION( '', ( -0.000000000000000, -0.000000000000000, 1.00000000000000 ) );
#1021 = DIRECTION( '', ( 1.00000000000000, 0.000000000000000, 0.000000000000000 ) );
#1022 = SURFACE_STYLE_FILL_AREA( #1933 );
#1023 = ORIENTED_EDGE( '', *, *, #1934, .F. );
#1024 = ORIENTED_EDGE( '', *, *, #1935, .T. );
#1025 = ORIENTED_EDGE( '', *, *, #1936, .F. );
#1026 = ORIENTED_EDGE( '', *, *, #1937, .F. );
#1027 = CARTESIAN_POINT( '', ( 15.7520807624138, 17.3919376597000, 0.300000000000000 ) );
#1028 = DIRECTION( '', ( -0.771723229576953, 0.452154019037066, -0.447213595499897 ) );
#1029 = DIRECTION( '', ( -0.501394328637075, -2.50995901305876E-017, 0.865218889767541 ) );
#1030 = SURFACE_STYLE_FILL_AREA( #1938 );
#1031 = ORIENTED_EDGE( '', *, *, #1939, .F. );
#1032 = ORIENTED_EDGE( '', *, *, #1940, .F. );
#1033 = ORIENTED_EDGE( '', *, *, #1941, .F. );
#1034 = CARTESIAN_POINT( '', ( 17.4686613175010, 22.9000000000000, 0.300000000000000 ) );
#1035 = DIRECTION( '', ( -0.000000000000000, -0.000000000000000, 1.00000000000000 ) );
#1036 = DIRECTION( '', ( 1.00000000000000, 0.000000000000000, 0.000000000000000 ) );
#1037 = SURFACE_STYLE_FILL_AREA( #1942 );
#1038 = ORIENTED_EDGE( '', *, *, #1943, .T. );
#1039 = ORIENTED_EDGE( '', *, *, #1944, .T. );
#1040 = ORIENTED_EDGE( '', *, *, #1945, .F. );
#1041 = ORIENTED_EDGE( '', *, *, #1946, .T. );
#1042 = ORIENTED_EDGE( '', *, *, #1947, .T. );
#1043 = ORIENTED_EDGE( '', *, *, #1948, .T. );
#1044 = CARTESIAN_POINT( '', ( 25.8000000000000, 25.4000000000000, -3.20000000000000 ) );
#1045 = DIRECTION( '', ( -0.000000000000000, 1.00000000000000, 0.000000000000000 ) );
#1046 = DIRECTION( '', ( 1.00000000000000, 0.000000000000000, 0.000000000000000 ) );
#1047 = SURFACE_STYLE_FILL_AREA( #1949 );
#1048 = ORIENTED_EDGE( '', *, *, #1950, .T. );
#1049 = ORIENTED_EDGE( '', *, *, #1951, .T. );
#1050 = ORIENTED_EDGE( '', *, *, #1952, .T. );
#1051 = ORIENTED_EDGE( '', *, *, #1953, .T. );
#1052 = ORIENTED_EDGE( '', *, *, #1954, .T. );
#1053 = ORIENTED_EDGE( '', *, *, #1955, .T. );
#1054 = ORIENTED_EDGE( '', *, *, #1956, .T. );
#1055 = ORIENTED_EDGE( '', *, *, #1957, .T. );
#1056 = ORIENTED_EDGE( '', *, *, #1958, .T. );
#1057 = ORIENTED_EDGE( '', *, *, #1959, .T. );
#1058 = ORIENTED_EDGE( '', *, *, #1960, .T. );
#1059 = ORIENTED_EDGE( '', *, *, #1961, .T. );
#1060 = ORIENTED_EDGE( '', *, *, #1962, .T. );
#1061 = ORIENTED_EDGE( '', *, *, #1963, .T. );
#1062 = ORIENTED_EDGE( '', *, *, #1964, .T. );
#1063 = ORIENTED_EDGE( '', *, *, #1965, .T. );
#1064 = CARTESIAN_POINT( '', ( 4.00000000000000, 14.0000000000000, 0.300000000000000 ) );
#1065 = DIRECTION( '', ( 0.000000000000000, 0.000000000000000, 1.00000000000000 ) );
#1066 = DIRECTION( '', ( 1.00000000000000, 0.000000000000000, 0.000000000000000 ) );
#1067 = SURFACE_STYLE_FILL_AREA( #1966 );
#1068 = ORIENTED_EDGE( '', *, *, #1967, .F. );
#1069 = ORIENTED_EDGE( '', *, *, #1968, .T. );
#1070 = ORIENTED_EDGE( '', *, *, #1969, .T. );
#1071 = ORIENTED_EDGE( '', *, *, #1970, .T. );
#1072 = CARTESIAN_POINT( '', ( 20.9701411603844, 18.6720373648564, 0.300000000000000 ) );
#1073 = DIRECTION( '', ( -0.769785740261395, 0.455444743180007, 0.447213595499861 ) );
#1074 = DIRECTION( '', ( 0.502338147285762, 7.58467860484402E-017, 0.864671258792328 ) );
#1075 = SURFACE_STYLE_FILL_AREA( #1971 );
#1076 = ORIENTED_EDGE( '', *, *, #1969, .F. );
#1077 = ORIENTED_EDGE( '', *, *, #1972, .T. );
#1078 = ORIENTED_EDGE( '', *, *, #1973, .T. );
#1079 = CARTESIAN_POINT( '', ( 20.1250900713010, 17.3419376597000, 0.300000000000000 ) );
#1080 = DIRECTION( '', ( -0.000000000000000, -0.000000000000000, 1.00000000000000 ) );
#1081 = DIRECTION( '', ( 1.00000000000000, 0.000000000000000, 0.000000000000000 ) );
#1082 = SURFACE_STYLE_FILL_AREA( #1974 );
#1083 = ORIENTED_EDGE( '', *, *, #1975, .F. );
#1084 = ORIENTED_EDGE( '', *, *, #1976, .T. );
#1085 = ORIENTED_EDGE( '', *, *, #1977, .T. );
#1086 = ORIENTED_EDGE( '', *, *, #1978, .F. );
#1087 = CARTESIAN_POINT( '', ( 14.1525686098923, 20.8210958029000, 0.300000000000000 ) );
#1088 = DIRECTION( '', ( 0.726527082401941, -0.521688027978855, -0.447213595500021 ) );
#1089 = DIRECTION( '', ( 0.000000000000000, 0.650835357107153, -0.759218899882771 ) );
#1090 = SURFACE_STYLE_FILL_AREA( #1979 );
#1091 = ORIENTED_EDGE( '', *, *, #1980, .F. );
#1092 = ORIENTED_EDGE( '', *, *, #1981, .F. );
#1093 = ORIENTED_EDGE( '', *, *, #1982, .T. );
#1094 = ORIENTED_EDGE( '', *, *, #1946, .F. );
#1095 = CARTESIAN_POINT( '', ( 9.00000000000000, 14.0000000000000, -3.00000000000000 ) );
#1096 = DIRECTION( '', ( 0.000000000000000, 0.000000000000000, 1.00000000000000 ) );
#1097 = DIRECTION( '', ( 1.00000000000000, 0.000000000000000, 0.000000000000000 ) );
#1098 = SURFACE_STYLE_FILL_AREA( #1983 );
#1099 = ORIENTED_EDGE( '', *, *, #1984, .F. );
#1100 = ORIENTED_EDGE( '', *, *, #1978, .T. );
#1101 = ORIENTED_EDGE( '', *, *, #1985, .T. );
#1102 = ORIENTED_EDGE( '', *, *, #1986, .F. );
#1103 = CARTESIAN_POINT( '', ( 16.7586352915700, 24.5361501618103, 0.200000000000000 ) );
#1104 = DIRECTION( '', ( 0.726527082401953, -0.521688027978868, 0.447213595499987 ) );
#1105 = DIRECTION( '', ( -8.06607094896387E-017, -0.650835357107115, -0.759218899882803 ) );
#1106 = SURFACE_STYLE_FILL_AREA( #1987 );
#1107 = ORIENTED_EDGE( '', *, *, #1988, .F. );
#1108 = ORIENTED_EDGE( '', *, *, #1989, .T. );
#1109 = ORIENTED_EDGE( '', *, *, #1934, .T. );
#1110 = ORIENTED_EDGE( '', *, *, #1990, .F. );
#1111 = CARTESIAN_POINT( '', ( 18.9499692394451, 22.8500000000000, 0.300000000000000 ) );
#1112 = DIRECTION( '', ( 0.000000000000000, -0.894427190999911, -0.447213595499968 ) );
#1113 = DIRECTION( '', ( 0.000000000000000, 0.447213595499968, -0.894427190999911 ) );
#1114 = SURFACE_STYLE_FILL_AREA( #1991 );
#1115 = ORIENTED_EDGE( '', *, *, #1992, .T. );
#1116 = ORIENTED_EDGE( '', *, *, #1993, .T. );
#1117 = ORIENTED_EDGE( '', *, *, #1994, .F. );
#1118 = CARTESIAN_POINT( '', ( 23.4000000000011, 22.9000000000000, 0.300000000000000 ) );
#1119 = DIRECTION( '', ( -0.000000000000000, -0.000000000000000, 1.00000000000000 ) );
#1120 = DIRECTION( '', ( 1.00000000000000, 0.000000000000000, 0.000000000000000 ) );
#1121 = SURFACE_STYLE_FILL_AREA( #1995 );
#1122 = ORIENTED_EDGE( '', *, *, #1996, .T. );
#1123 = ORIENTED_EDGE( '', *, *, #1997, .T. );
#1124 = ORIENTED_EDGE( '', *, *, #1998, .T. );
#1125 = ORIENTED_EDGE( '', *, *, #1999, .T. );
#1126 = CARTESIAN_POINT( '', ( 4.00000000000000, -1.00000000000000, -3.20000000000000 ) );
#1127 = DIRECTION( '', ( 0.000000000000000, -1.00000000000000, 0.000000000000000 ) );
#1128 = DIRECTION( '', ( 0.000000000000000, 0.000000000000000, -1.00000000000000 ) );
#1129 = SURFACE_STYLE_FILL_AREA( #2000 );
#1130 = ORIENTED_EDGE( '', *, *, #2001, .T. );
#1131 = ORIENTED_EDGE( '', *, *, #2002, .F. );
#1132 = ORIENTED_EDGE( '', *, *, #2003, .F. );
#1133 = ORIENTED_EDGE( '', *, *, #2004, .T. );
#1134 = CARTESIAN_POINT( '', ( -0.700000000000034, 25.8000000000000, -3.20000000000000 ) );
#1135 = DIRECTION( '', ( -1.00000000000000, 0.000000000000000, 0.000000000000000 ) );
#1136 = DIRECTION( '', ( 0.000000000000000, 0.000000000000000, 1.00000000000000 ) );
#1137 = SURFACE_STYLE_FILL_AREA( #2005 );
#1138 = ORIENTED_EDGE( '', *, *, #2006, .T. );
#1139 = ORIENTED_EDGE( '', *, *, #2007, .T. );
#1140 = ORIENTED_EDGE( '', *, *, #2008, .T. );
#1141 = ORIENTED_EDGE( '', *, *, #2009, .T. );
#1142 = ORIENTED_EDGE( '', *, *, #2010, .T. );
#1143 = ORIENTED_EDGE( '', *, *, #2011, .T. );
#1144 = ORIENTED_EDGE( '', *, *, #2012, .T. );
#1145 = ORIENTED_EDGE( '', *, *, #2013, .T. );
#1146 = ORIENTED_EDGE( '', *, *, #2014, .T. );
#1147 = ORIENTED_EDGE( '', *, *, #1986, .T. );
#1148 = ORIENTED_EDGE( '', *, *, #2015, .T. );
#1149 = ORIENTED_EDGE( '', *, *, #2016, .T. );
#1150 = ORIENTED_EDGE( '', *, *, #2017, .T. );
#1151 = ORIENTED_EDGE( '', *, *, #2018, .T. );
#1152 = ORIENTED_EDGE( '', *, *, #2019, .T. );
#1153 = ORIENTED_EDGE( '', *, *, #1941, .T. );
#1154 = ORIENTED_EDGE( '', *, *, #2020, .T. );
#1155 = ORIENTED_EDGE( '', *, *, #2021, .T. );
#1156 = ORIENTED_EDGE( '', *, *, #2022, .T. );
#1157 = ORIENTED_EDGE( '', *, *, #2023, .T. );
#1158 = ORIENTED_EDGE( '', *, *, #2024, .T. );
#1159 = ORIENTED_EDGE( '', *, *, #2025, .T. );
#1160 = ORIENTED_EDGE( '', *, *, #2026, .T. );
#1161 = ORIENTED_EDGE( '', *, *, #2027, .T. );
#1162 = ORIENTED_EDGE( '', *, *, #2028, .T. );
#1163 = ORIENTED_EDGE( '', *, *, #2029, .T. );
#1164 = ORIENTED_EDGE( '', *, *, #2030, .T. );
#1165 = ORIENTED_EDGE( '', *, *, #2031, .F. );
#1166 = ORIENTED_EDGE( '', *, *, #2032, .F. );
#1167 = ORIENTED_EDGE( '', *, *, #2033, .F. );
#1168 = ORIENTED_EDGE( '', *, *, #2034, .F. );
#1169 = ORIENTED_EDGE( '', *, *, #2035, .F. );
#1170 = ORIENTED_EDGE( '', *, *, #2036, .F. );
#1171 = ORIENTED_EDGE( '', *, *, #2037, .F. );
#1172 = ORIENTED_EDGE( '', *, *, #1970, .F. );
#1173 = ORIENTED_EDGE( '', *, *, #1973, .F. );
#1174 = ORIENTED_EDGE( '', *, *, #2038, .F. );
#1175 = ORIENTED_EDGE( '', *, *, #2039, .F. );
#1176 = ORIENTED_EDGE( '', *, *, #2040, .F. );
#1177 = ORIENTED_EDGE( '', *, *, #2041, .F. );
#1178 = ORIENTED_EDGE( '', *, *, #2042, .F. );
#1179 = ORIENTED_EDGE( '', *, *, #1992, .F. );
#1180 = ORIENTED_EDGE( '', *, *, #2043, .F. );
#1181 = ORIENTED_EDGE( '', *, *, #2044, .F. );
#1182 = ORIENTED_EDGE( '', *, *, #2045, .F. );
#1183 = ORIENTED_EDGE( '', *, *, #2046, .F. );
#1184 = ORIENTED_EDGE( '', *, *, #2047, .F. );
#1185 = CARTESIAN_POINT( '', ( 4.00000000000000, 14.0000000000000, 0.300000000000000 ) );
#1186 = DIRECTION( '', ( 0.000000000000000, 0.000000000000000, 1.00000000000000 ) );
#1187 = DIRECTION( '', ( 1.00000000000000, 0.000000000000000, 0.000000000000000 ) );
#1188 = SURFACE_STYLE_FILL_AREA( #2048 );
#1189 = ORIENTED_EDGE( '', *, *, #2049, .F. );
#1190 = ORIENTED_EDGE( '', *, *, #2050, .T. );
#1191 = ORIENTED_EDGE( '', *, *, #2051, .T. );
#1192 = ORIENTED_EDGE( '', *, *, #2052, .F. );
#1193 = CARTESIAN_POINT( '', ( 20.8000000000000, 25.5000000000000, -3.20000000000000 ) );
#1194 = DIRECTION( '', ( -0.000000000000000, 1.00000000000000, 0.000000000000000 ) );
#1195 = DIRECTION( '', ( 1.00000000000000, 0.000000000000000, 0.000000000000000 ) );
#1196 = SURFACE_STYLE_FILL_AREA( #2053 );
#1197 = ORIENTED_EDGE( '', *, *, #2054, .F. );
#1198 = ORIENTED_EDGE( '', *, *, #1967, .T. );
#1199 = ORIENTED_EDGE( '', *, *, #2037, .T. );
#1200 = CARTESIAN_POINT( '', ( 20.9271088293010, 18.6974975000000, 0.300000000000000 ) );
#1201 = DIRECTION( '', ( -0.000000000000000, -0.000000000000000, 1.00000000000000 ) );
#1202 = DIRECTION( '', ( 1.00000000000000, 0.000000000000000, 0.000000000000000 ) );
#1203 = SURFACE_STYLE_FILL_AREA( #2055 );
#1204 = ORIENTED_EDGE( '', *, *, #2056, .T. );
#1205 = ORIENTED_EDGE( '', *, *, #2057, .T. );
#1206 = ORIENTED_EDGE( '', *, *, #2058, .T. );
#1207 = ORIENTED_EDGE( '', *, *, #2010, .F. );
#1208 = CARTESIAN_POINT( '', ( 11.9978656518120, 22.5329411573581, 0.200000000000000 ) );
#1209 = DIRECTION( '', ( 0.893213699056202, 0.0465756139878430, 0.447213595499949 ) );
#1210 = DIRECTION( '', ( 1.85937452738025E-017, -0.994620502407426, 0.103585984528791 ) );
#1211 = SURFACE_STYLE_FILL_AREA( #2059 );
#1212 = ORIENTED_EDGE( '', *, *, #2060, .F. );
#1213 = ORIENTED_EDGE( '', *, *, #2061, .T. );
#1214 = ORIENTED_EDGE( '', *, *, #1997, .F. );
#1215 = ORIENTED_EDGE( '', *, *, #2062, .T. );
#1216 = ORIENTED_EDGE( '', *, *, #2063, .T. );
#1217 = ORIENTED_EDGE( '', *, *, #2064, .T. );
#1218 = CARTESIAN_POINT( '', ( 25.4000000000000, -1.00000000000000, -3.20000000000000 ) );
#1219 = DIRECTION( '', ( 1.00000000000000, 0.000000000000000, 0.000000000000000 ) );
#1220 = DIRECTION( '', ( 0.000000000000000, 1.00000000000000, 0.000000000000000 ) );
#1221 = SURFACE_STYLE_FILL_AREA( #2065 );
#1222 = ORIENTED_EDGE( '', *, *, #2066, .F. );
#1223 = ORIENTED_EDGE( '', *, *, #2022, .F. );
#1224 = ORIENTED_EDGE( '', *, *, #2067, .T. );
#1225 = ORIENTED_EDGE( '', *, *, #1937, .T. );
#1226 = CARTESIAN_POINT( '', ( 19.0372143267010, 22.9000000000000, 0.200000000000000 ) );
#1227 = DIRECTION( '', ( -0.771723229576943, 0.452154019037060, 0.447213595499922 ) );
#1228 = DIRECTION( '', ( 0.501394328637100, -2.25896311175285E-016, 0.865218889767527 ) );
#1229 = SURFACE_STYLE_FILL_AREA( #2068 );
#1230 = ORIENTED_EDGE( '', *, *, #1985, .F. );
#1231 = ORIENTED_EDGE( '', *, *, #2069, .T. );
#1232 = ORIENTED_EDGE( '', *, *, #2015, .F. );
#1233 = CARTESIAN_POINT( '', ( 14.1269164923010, 20.8710958029000, 0.300000000000000 ) );
#1234 = DIRECTION( '', ( -0.000000000000000, -0.000000000000000, 1.00000000000000 ) );
#1235 = DIRECTION( '', ( 1.00000000000000, 0.000000000000000, 0.000000000000000 ) );
#1236 = SURFACE_STYLE_FILL_AREA( #2070 );
#1237 = ORIENTED_EDGE( '', *, *, #2071, .T. );
#1238 = ORIENTED_EDGE( '', *, *, #2072, .T. );
#1239 = ORIENTED_EDGE( '', *, *, #2073, .T. );
#1240 = ORIENTED_EDGE( '', *, *, #2074, .T. );
#1241 = CARTESIAN_POINT( '', ( -1.00000000000000, 25.8000000000000, -3.20000000000000 ) );
#1242 = DIRECTION( '', ( -1.00000000000000, 0.000000000000000, 0.000000000000000 ) );
#1243 = DIRECTION( '', ( 0.000000000000000, 0.000000000000000, 1.00000000000000 ) );
#1244 = SURFACE_STYLE_FILL_AREA( #2075 );
#1245 = ORIENTED_EDGE( '', *, *, #2076, .F. );
#1246 = ORIENTED_EDGE( '', *, *, #2020, .F. );
#1247 = ORIENTED_EDGE( '', *, *, #1940, .T. );
#1248 = ORIENTED_EDGE( '', *, *, #1990, .T. );
#1249 = CARTESIAN_POINT( '', ( 19.0372143267010, 22.9000000000000, 0.200000000000000 ) );
#1250 = DIRECTION( '', ( 0.000000000000000, -0.894427190999911, 0.447213595499968 ) );
#1251 = DIRECTION( '', ( -1.00000000000000, 0.000000000000000, 0.000000000000000 ) );
#1252 = SURFACE_STYLE_FILL_AREA( #2077 );
#1253 = ORIENTED_EDGE( '', *, *, #2078, .F. );
#1254 = ORIENTED_EDGE( '', *, *, #1962, .F. );
#1255 = ORIENTED_EDGE( '', *, *, #2079, .T. );
#1256 = ORIENTED_EDGE( '', *, *, #2080, .F. );
#1257 = CARTESIAN_POINT( '', ( 16.1902716670010, 18.6974975000000, 0.200000000000000 ) );
#1258 = DIRECTION( '', ( 0.000000000000000, -0.894427190999911, -0.447213595499968 ) );
#1259 = DIRECTION( '', ( 0.000000000000000, 0.447213595499968, -0.894427190999911 ) );
#1260 = SURFACE_STYLE_FILL_AREA( #2081 );
#1261 = ORIENTED_EDGE( '', *, *, #2082, .F. );
#1262 = ORIENTED_EDGE( '', *, *, #2083, .F. );
#1263 = ORIENTED_EDGE( '', *, *, #2084, .T. );
#1264 = ORIENTED_EDGE( '', *, *, #1954, .F. );
#1265 = CARTESIAN_POINT( '', ( 17.3006525007569, 16.6665620606645, 0.200000000000000 ) );
#1266 = DIRECTION( '', ( -0.764173765284588, 0.464799372257318, -0.447213595499934 ) );
#1267 = DIRECTION( '', ( -0.505088660130291, 1.03206192982279E-016, 0.863067462836937 ) );
#1268 = SURFACE_STYLE_FILL_AREA( #2085 );
#1269 = ORIENTED_EDGE( '', *, *, #2086, .F. );
#1270 = ORIENTED_EDGE( '', *, *, #2087, .F. );
#1271 = ORIENTED_EDGE( '', *, *, #2088, .F. );
#1272 = ORIENTED_EDGE( '', *, *, #1958, .F. );
#1273 = CARTESIAN_POINT( '', ( 16.1902716670010, 22.9000000000000, 0.200000000000000 ) );
#1274 = DIRECTION( '', ( 0.000000000000000, -0.894427190999911, -0.447213595499968 ) );
#1275 = DIRECTION( '', ( 0.000000000000000, 0.447213595499968, -0.894427190999911 ) );
#1276 = SURFACE_STYLE_FILL_AREA( #2089 );
#1277 = ORIENTED_EDGE( '', *, *, #2090, .T. );
#1278 = ORIENTED_EDGE( '', *, *, #2091, .T. );
#1279 = ORIENTED_EDGE( '', *, *, #1980, .T. );
#1280 = ORIENTED_EDGE( '', *, *, #1945, .T. );
#1281 = CARTESIAN_POINT( '', ( 25.8000000000000, 14.0000000000000, -3.20000000000000 ) );
#1282 = DIRECTION( '', ( 1.00000000000000, 0.000000000000000, 0.000000000000000 ) );
#1283 = DIRECTION( '', ( 0.000000000000000, 1.00000000000000, 0.000000000000000 ) );
#1284 = SURFACE_STYLE_FILL_AREA( #2092 );
#1285 = ORIENTED_EDGE( '', *, *, #2093, .T. );
#1286 = ORIENTED_EDGE( '', *, *, #2063, .F. );
#1287 = ORIENTED_EDGE( '', *, *, #2094, .F. );
#1288 = ORIENTED_EDGE( '', *, *, #2095, .F. );
#1289 = CARTESIAN_POINT( '', ( 4.00000000000000, -0.700000000000000, -3.20000000000000 ) );
#1290 = DIRECTION( '', ( 0.000000000000000, -1.00000000000000, 0.000000000000000 ) );
#1291 = DIRECTION( '', ( 0.000000000000000, 0.000000000000000, -1.00000000000000 ) );
#1292 = SURFACE_STYLE_FILL_AREA( #2096 );
#1293 = ORIENTED_EDGE( '', *, *, #2097, .F. );
#1294 = ORIENTED_EDGE( '', *, *, #2098, .F. );
#1295 = ORIENTED_EDGE( '', *, *, #2001, .F. );
#1296 = ORIENTED_EDGE( '', *, *, #2099, .F. );
#1297 = CARTESIAN_POINT( '', ( -0.600000000000045, 25.8000000000000, -0.100000000000000 ) );
#1298 = DIRECTION( '', ( -0.000000000000000, 1.00000000000000, -0.000000000000000 ) );
#1299 = DIRECTION( '', ( 0.000000000000000, 0.000000000000000, 1.00000000000000 ) );
#1300 = SURFACE_STYLE_FILL_AREA( #2100 );
#1301 = ORIENTED_EDGE( '', *, *, #2101, .F. );
#1302 = ORIENTED_EDGE( '', *, *, #2102, .F. );
#1303 = ORIENTED_EDGE( '', *, *, #2103, .F. );
#1304 = ORIENTED_EDGE( '', *, *, #2104, .F. );
#1305 = ORIENTED_EDGE( '', *, *, #2105, .F. );
#1306 = ORIENTED_EDGE( '', *, *, #1932, .F. );
#1307 = ORIENTED_EDGE( '', *, *, #2106, .F. );
#1308 = ORIENTED_EDGE( '', *, *, #2107, .F. );
#1309 = ORIENTED_EDGE( '', *, *, #1935, .F. );
#1310 = ORIENTED_EDGE( '', *, *, #1989, .F. );
#1311 = ORIENTED_EDGE( '', *, *, #2108, .F. );
#1312 = ORIENTED_EDGE( '', *, *, #2109, .F. );
#1313 = ORIENTED_EDGE( '', *, *, #2110, .F. );
#1314 = ORIENTED_EDGE( '', *, *, #2111, .F. );
#1315 = ORIENTED_EDGE( '', *, *, #1976, .F. );
#1316 = ORIENTED_EDGE( '', *, *, #2112, .F. );
#1317 = CARTESIAN_POINT( '', ( 4.00000000000000, 14.0000000000000, 0.300000000000000 ) );
#1318 = DIRECTION( '', ( 0.000000000000000, 0.000000000000000, 1.00000000000000 ) );
#1319 = DIRECTION( '', ( 1.00000000000000, 0.000000000000000, 0.000000000000000 ) );
#1320 = SURFACE_STYLE_FILL_AREA( #2113 );
#1321 = ORIENTED_EDGE( '', *, *, #2114, .F. );
#1322 = ORIENTED_EDGE( '', *, *, #2115, .T. );
#1323 = ORIENTED_EDGE( '', *, *, #2033, .T. );
#1324 = CARTESIAN_POINT( '', ( 21.3926276639010, 19.4901283667000, 0.300000000000000 ) );
#1325 = DIRECTION( '', ( -0.000000000000000, -0.000000000000000, 1.00000000000000 ) );
#1326 = DIRECTION( '', ( 1.00000000000000, 0.000000000000000, 0.000000000000000 ) );
#1327 = SURFACE_STYLE_FILL_AREA( #2116 );
#1328 = ORIENTED_EDGE( '', *, *, #2117, .F. );
#1329 = ORIENTED_EDGE( '', *, *, #2118, .F. );
#1330 = ORIENTED_EDGE( '', *, *, #1930, .T. );
#1331 = ORIENTED_EDGE( '', *, *, #2105, .T. );
#1332 = CARTESIAN_POINT( '', ( 13.5544929968901, 17.3919376597000, 0.300000000000000 ) );
#1333 = DIRECTION( '', ( -0.746252750123829, 0.493058650601116, -0.447213595499990 ) );
#1334 = DIRECTION( '', ( -0.514040935780799, -1.91591773235789E-016, 0.857765653510095 ) );
#1335 = SURFACE_STYLE_FILL_AREA( #2119 );
#1336 = ORIENTED_EDGE( '', *, *, #1982, .F. );
#1337 = ORIENTED_EDGE( '', *, *, #2120, .T. );
#1338 = ORIENTED_EDGE( '', *, *, #2121, .T. );
#1339 = ORIENTED_EDGE( '', *, *, #1947, .F. );
#1340 = CARTESIAN_POINT( '', ( 25.5000000000000, 14.0000000000000, -3.20000000000000 ) );
#1341 = DIRECTION( '', ( 1.00000000000000, 0.000000000000000, 0.000000000000000 ) );
#1342 = DIRECTION( '', ( 0.000000000000000, 1.00000000000000, 0.000000000000000 ) );
#1343 = SURFACE_STYLE_FILL_AREA( #2122 );
#1344 = ORIENTED_EDGE( '', *, *, #2058, .F. );
#1345 = ORIENTED_EDGE( '', *, *, #2123, .T. );
#1346 = ORIENTED_EDGE( '', *, *, #2011, .F. );
#1347 = CARTESIAN_POINT( '', ( 11.9787257853010, 22.9000000000000, 0.300000000000000 ) );
#1348 = DIRECTION( '', ( -0.000000000000000, -0.000000000000000, 1.00000000000000 ) );
#1349 = DIRECTION( '', ( 1.00000000000000, 0.000000000000000, 0.000000000000000 ) );
#1350 = SURFACE_STYLE_FILL_AREA( #2124 );
#1351 = ORIENTED_EDGE( '', *, *, #2008, .F. );
#1352 = ORIENTED_EDGE( '', *, *, #2125, .F. );
#1353 = ORIENTED_EDGE( '', *, *, #2090, .F. );
#1354 = ORIENTED_EDGE( '', *, *, #1944, .F. );
#1355 = CARTESIAN_POINT( '', ( 25.4000000000000, 14.0000000000000, -0.100000000000000 ) );
#1356 = DIRECTION( '', ( -0.000000000000000, 1.00000000000000, -0.000000000000000 ) );
#1357 = DIRECTION( '', ( 0.000000000000000, 0.000000000000000, 1.00000000000000 ) );
#1358 = SURFACE_STYLE_FILL_AREA( #2126 );
#1359 = ORIENTED_EDGE( '', *, *, #2115, .F. );
#1360 = ORIENTED_EDGE( '', *, *, #2127, .T. );
#1361 = ORIENTED_EDGE( '', *, *, #2128, .T. );
#1362 = ORIENTED_EDGE( '', *, *, #2034, .T. );
#1363 = CARTESIAN_POINT( '', ( 21.3926276639010, 19.4401283667000, 0.300000000000000 ) );
#1364 = DIRECTION( '', ( -0.000000000000000, 0.894427190999911, 0.447213595499968 ) );
#1365 = DIRECTION( '', ( 1.00000000000000, 0.000000000000000, 0.000000000000000 ) );
#1366 = SURFACE_STYLE_FILL_AREA( #2129 );
#1367 = ORIENTED_EDGE( '', *, *, #2130, .F. );
#1368 = ORIENTED_EDGE( '', *, *, #2080, .T. );
#1369 = ORIENTED_EDGE( '', *, *, #2054, .T. );
#1370 = ORIENTED_EDGE( '', *, *, #2036, .T. );
#1371 = CARTESIAN_POINT( '', ( 18.6606950365911, 18.7474975000000, 0.300000000000000 ) );
#1372 = DIRECTION( '', ( 0.000000000000000, -0.894427190999911, 0.447213595499968 ) );
#1373 = DIRECTION( '', ( -1.00000000000000, 0.000000000000000, 0.000000000000000 ) );
#1374 = SURFACE_STYLE_FILL_AREA( #2131 );
#1375 = ORIENTED_EDGE( '', *, *, #2132, .F. );
#1376 = ORIENTED_EDGE( '', *, *, #2133, .T. );
#1377 = ORIENTED_EDGE( '', *, *, #1984, .T. );
#1378 = ORIENTED_EDGE( '', *, *, #2014, .F. );
#1379 = CARTESIAN_POINT( '', ( 13.3893878463158, 22.6327989861681, 0.200000000000000 ) );
#1380 = DIRECTION( '', ( -0.893427881066692, -0.0422684436987962, 0.447213595499916 ) );
#1381 = DIRECTION( '', ( -0.0472575567068144, 0.998882737529337, -1.55158384577940E-017 ) );
#1382 = SURFACE_STYLE_FILL_AREA( #2134 );
#1383 = ORIENTED_EDGE( '', *, *, #1998, .F. );
#1384 = ORIENTED_EDGE( '', *, *, #2061, .F. );
#1385 = ORIENTED_EDGE( '', *, *, #2007, .F. );
#1386 = ORIENTED_EDGE( '', *, *, #2135, .F. );
#1387 = CARTESIAN_POINT( '', ( 4.00000000000000, -0.600000000000010, -0.100000000000000 ) );
#1388 = DIRECTION( '', ( 1.00000000000000, -0.000000000000000, -0.000000000000000 ) );
#1389 = DIRECTION( '', ( 0.000000000000000, 0.000000000000000, -1.00000000000000 ) );
#1390 = SURFACE_STYLE_FILL_AREA( #2136 );
#1391 = ORIENTED_EDGE( '', *, *, #1931, .F. );
#1392 = ORIENTED_EDGE( '', *, *, #2137, .F. );
#1393 = ORIENTED_EDGE( '', *, *, #2138, .T. );
#1394 = ORIENTED_EDGE( '', *, *, #2106, .T. );
#1395 = CARTESIAN_POINT( '', ( 14.2616798685341, 18.3037333191075, 0.300000000000000 ) );
#1396 = DIRECTION( '', ( 0.885432951613464, 0.126524654502651, -0.447213595500019 ) );
#1397 = DIRECTION( '', ( 1.22878506205385E-017, -0.962231542328400, -0.272232362051812 ) );
#1398 = SURFACE_STYLE_FILL_AREA( #2139 );
#1399 = ORIENTED_EDGE( '', *, *, #2140, .F. );
#1400 = ORIENTED_EDGE( '', *, *, #2141, .F. );
#1401 = ORIENTED_EDGE( '', *, *, #2049, .T. );
#1402 = ORIENTED_EDGE( '', *, *, #2142, .F. );
#1403 = CARTESIAN_POINT( '', ( 4.00000000000000, 14.0000000000000, -3.00000000000000 ) );
#1404 = DIRECTION( '', ( 0.000000000000000, 0.000000000000000, 1.00000000000000 ) );
#1405 = DIRECTION( '', ( 1.00000000000000, 0.000000000000000, 0.000000000000000 ) );
#1406 = SURFACE_STYLE_FILL_AREA( #2143 );
#1407 = ORIENTED_EDGE( '', *, *, #1993, .F. );
#1408 = ORIENTED_EDGE( '', *, *, #2042, .T. );
#1409 = ORIENTED_EDGE( '', *, *, #2144, .T. );
#1410 = ORIENTED_EDGE( '', *, *, #2087, .T. );
#1411 = CARTESIAN_POINT( '', ( 19.4296970888010, 22.9500000000000, 0.300000000000000 ) );
#1412 = DIRECTION( '', ( 0.000000000000000, -0.894427190999911, 0.447213595499968 ) );
#1413 = DIRECTION( '', ( -1.00000000000000, 0.000000000000000, 0.000000000000000 ) );
#1414 = SURFACE_STYLE_FILL_AREA( #2145 );
#1415 = ORIENTED_EDGE( '', *, *, #2073, .F. );
#1416 = ORIENTED_EDGE( '', *, *, #2146, .F. );
#1417 = ORIENTED_EDGE( '', *, *, #2006, .F. );
#1418 = ORIENTED_EDGE( '', *, *, #2147, .F. );
#1419 = CARTESIAN_POINT( '', ( -0.600000000000045, 14.0000000000000, -0.100000000000000 ) );
#1420 = DIRECTION( '', ( -0.000000000000000, -1.00000000000000, -0.000000000000000 ) );
#1421 = DIRECTION( '', ( 0.000000000000000, 0.000000000000000, -1.00000000000000 ) );
#1422 = SURFACE_STYLE_FILL_AREA( #2148 );
#1423 = ORIENTED_EDGE( '', *, *, #2138, .F. );
#1424 = ORIENTED_EDGE( '', *, *, #2149, .F. );
#1425 = ORIENTED_EDGE( '', *, *, #1936, .T. );
#1426 = ORIENTED_EDGE( '', *, *, #2107, .T. );
#1427 = CARTESIAN_POINT( '', ( 14.3919716433922, 17.3919376597000, 0.300000000000000 ) );
#1428 = DIRECTION( '', ( 0.000000000000000, 0.894427190999911, -0.447213595499968 ) );
#1429 = DIRECTION( '', ( -1.00000000000000, 0.000000000000000, 0.000000000000000 ) );
#1430 = SURFACE_STYLE_FILL_AREA( #2150 );
#1431 = ORIENTED_EDGE( '', *, *, #2151, .F. );
#1432 = ORIENTED_EDGE( '', *, *, #2152, .F. );
#1433 = ORIENTED_EDGE( '', *, *, #2153, .T. );
#1434 = ORIENTED_EDGE( '', *, *, #1956, .F. );
#1435 = CARTESIAN_POINT( '', ( 16.1902716670010, 21.5172238874000, 0.200000000000000 ) );
#1436 = DIRECTION( '', ( 0.000000000000000, 0.894427190999911, -0.447213595499968 ) );
#1437 = DIRECTION( '', ( -1.00000000000000, 0.000000000000000, 0.000000000000000 ) );
#1438 = SURFACE_STYLE_FILL_AREA( #2154 );
#1439 = ORIENTED_EDGE( '', *, *, #2155, .F. );
#1440 = ORIENTED_EDGE( '', *, *, #2064, .F. );
#1441 = ORIENTED_EDGE( '', *, *, #2093, .F. );
#1442 = ORIENTED_EDGE( '', *, *, #2156, .F. );
#1443 = CARTESIAN_POINT( '', ( 4.00000000000000, -0.600000000000000, -0.100000000000000 ) );
#1444 = DIRECTION( '', ( -1.00000000000000, -0.000000000000000, 0.000000000000000 ) );
#1445 = DIRECTION( '', ( 0.000000000000000, 0.000000000000000, 1.00000000000000 ) );
#1446 = SURFACE_STYLE_FILL_AREA( #2157 );
#1447 = ORIENTED_EDGE( '', *, *, #2158, .T. );
#1448 = ORIENTED_EDGE( '', *, *, #2127, .F. );
#1449 = ORIENTED_EDGE( '', *, *, #2159, .T. );
#1450 = ORIENTED_EDGE( '', *, *, #1950, .F. );
#1451 = CARTESIAN_POINT( '', ( 16.1902716670010, 19.4901283667000, 0.200000000000000 ) );
#1452 = DIRECTION( '', ( 0.000000000000000, 0.894427190999911, -0.447213595499968 ) );
#1453 = DIRECTION( '', ( -1.00000000000000, 0.000000000000000, 0.000000000000000 ) );
#1454 = SURFACE_STYLE_FILL_AREA( #2160 );
#1455 = ORIENTED_EDGE( '', *, *, #2094, .T. );
#1456 = ORIENTED_EDGE( '', *, *, #2062, .F. );
#1457 = ORIENTED_EDGE( '', *, *, #1996, .F. );
#1458 = ORIENTED_EDGE( '', *, *, #2161, .F. );
#1459 = CARTESIAN_POINT( '', ( 4.00000000000000, -1.00000000000000, -3.00000000000000 ) );
#1460 = DIRECTION( '', ( 0.000000000000000, 0.000000000000000, 1.00000000000000 ) );
#1461 = DIRECTION( '', ( 1.00000000000000, 0.000000000000000, 0.000000000000000 ) );
#1462 = SURFACE_STYLE_FILL_AREA( #2162 );
#1463 = ORIENTED_EDGE( '', *, *, #2084, .F. );
#1464 = ORIENTED_EDGE( '', *, *, #2151, .T. );
#1465 = ORIENTED_EDGE( '', *, *, #1955, .F. );
#1466 = CARTESIAN_POINT( '', ( 20.2510083943010, 21.5172238874000, 0.300000000000000 ) );
#1467 = DIRECTION( '', ( -0.000000000000000, -0.000000000000000, 1.00000000000000 ) );
#1468 = DIRECTION( '', ( 1.00000000000000, 0.000000000000000, 0.000000000000000 ) );
#1469 = SURFACE_STYLE_FILL_AREA( #2163 );
#1470 = ORIENTED_EDGE( '', *, *, #2123, .F. );
#1471 = ORIENTED_EDGE( '', *, *, #2164, .T. );
#1472 = ORIENTED_EDGE( '', *, *, #2165, .T. );
#1473 = ORIENTED_EDGE( '', *, *, #2012, .F. );
#1474 = CARTESIAN_POINT( '', ( 19.0372143267010, 22.9000000000000, 0.200000000000000 ) );
#1475 = DIRECTION( '', ( 0.000000000000000, -0.894427190999911, 0.447213595499968 ) );
#1476 = DIRECTION( '', ( -1.00000000000000, 0.000000000000000, 0.000000000000000 ) );
#1477 = SURFACE_STYLE_FILL_AREA( #2166 );
#1478 = ORIENTED_EDGE( '', *, *, #2074, .F. );
#1479 = ORIENTED_EDGE( '', *, *, #2147, .T. );
#1480 = ORIENTED_EDGE( '', *, *, #2167, .T. );
#1481 = ORIENTED_EDGE( '', *, *, #2099, .T. );
#1482 = ORIENTED_EDGE( '', *, *, #2004, .F. );
#1483 = ORIENTED_EDGE( '', *, *, #2168, .T. );
#1484 = CARTESIAN_POINT( '', ( 15.8000000000000, 25.4000000000000, -3.20000000000000 ) );
#1485 = DIRECTION( '', ( -0.000000000000000, 1.00000000000000, 0.000000000000000 ) );
#1486 = DIRECTION( '', ( 1.00000000000000, 0.000000000000000, 0.000000000000000 ) );
#1487 = SURFACE_STYLE_FILL_AREA( #2169 );
#1488 = ORIENTED_EDGE( '', *, *, #2170, .F. );
#1489 = ORIENTED_EDGE( '', *, *, #2171, .T. );
#1490 = ORIENTED_EDGE( '', *, *, #1943, .F. );
#1491 = ORIENTED_EDGE( '', *, *, #2172, .T. );
#1492 = ORIENTED_EDGE( '', *, *, #2050, .F. );
#1493 = ORIENTED_EDGE( '', *, *, #2141, .T. );
#1494 = CARTESIAN_POINT( '', ( 25.4000000000000, 14.0000000000000, -3.20000000000000 ) );
#1495 = DIRECTION( '', ( 1.00000000000000, 0.000000000000000, 0.000000000000000 ) );
#1496 = DIRECTION( '', ( 0.000000000000000, 1.00000000000000, 0.000000000000000 ) );
#1497 = SURFACE_STYLE_FILL_AREA( #2173 );
#1498 = ORIENTED_EDGE( '', *, *, #2028, .F. );
#1499 = ORIENTED_EDGE( '', *, *, #2174, .T. );
#1500 = ORIENTED_EDGE( '', *, *, #2175, .F. );
#1501 = CARTESIAN_POINT( '', ( 13.5813852623010, 17.3419376597000, 0.300000000000000 ) );
#1502 = DIRECTION( '', ( -0.000000000000000, -0.000000000000000, 1.00000000000000 ) );
#1503 = DIRECTION( '', ( 1.00000000000000, 0.000000000000000, 0.000000000000000 ) );
#1504 = SURFACE_STYLE_FILL_AREA( #2176 );
#1505 = ORIENTED_EDGE( '', *, *, #2009, .F. );
#1506 = ORIENTED_EDGE( '', *, *, #2171, .F. );
#1507 = ORIENTED_EDGE( '', *, *, #2177, .F. );
#1508 = ORIENTED_EDGE( '', *, *, #2178, .F. );
#1509 = CARTESIAN_POINT( '', ( 4.00000000000000, 25.4000000000000, -0.100000000000000 ) );
#1510 = DIRECTION( '', ( -1.00000000000000, -0.000000000000000, 0.000000000000000 ) );
#1511 = DIRECTION( '', ( 0.000000000000000, 0.000000000000000, 1.00000000000000 ) );
#1512 = SURFACE_STYLE_FILL_AREA( #2179 );
#1513 = ORIENTED_EDGE( '', *, *, #2180, .F. );
#1514 = ORIENTED_EDGE( '', *, *, #2108, .T. );
#1515 = ORIENTED_EDGE( '', *, *, #1988, .T. );
#1516 = ORIENTED_EDGE( '', *, *, #2181, .F. );
#1517 = CARTESIAN_POINT( '', ( 17.4970560806113, 22.8500000000000, 0.300000000000000 ) );
#1518 = DIRECTION( '', ( 0.768149765909617, -0.458198578274739, -0.447213595499968 ) );
#1519 = DIRECTION( '', ( 1.70563511294656E-016, 0.698476348060823, -0.715633140093174 ) );
#1520 = SURFACE_STYLE_FILL_AREA( #2182 );
#1521 = ORIENTED_EDGE( '', *, *, #2069, .F. );
#1522 = ORIENTED_EDGE( '', *, *, #2183, .T. );
#1523 = ORIENTED_EDGE( '', *, *, #2184, .T. );
#1524 = ORIENTED_EDGE( '', *, *, #2016, .F. );
#1525 = CARTESIAN_POINT( '', ( 19.0372143267010, 20.8710958029000, 0.200000000000000 ) );
#1526 = DIRECTION( '', ( 0.000000000000000, -0.894427190999911, 0.447213595499968 ) );
#1527 = DIRECTION( '', ( -1.00000000000000, 0.000000000000000, 0.000000000000000 ) );
#1528 = SURFACE_STYLE_FILL_AREA( #2185 );
#1529 = ORIENTED_EDGE( '', *, *, #2186, .F. );
#1530 = ORIENTED_EDGE( '', *, *, #2043, .T. );
#1531 = ORIENTED_EDGE( '', *, *, #1994, .T. );
#1532 = ORIENTED_EDGE( '', *, *, #2187, .T. );
#1533 = CARTESIAN_POINT( '', ( 23.4430898097100, 22.8746372655409, 0.300000000000000 ) );
#1534 = DIRECTION( '', ( -0.770813949174481, 0.453702386766982, 0.447213595499940 ) );
#1535 = DIRECTION( '', ( 0.501836903206422, -2.51855418058045E-017, 0.864962266564379 ) );
#1536 = SURFACE_STYLE_FILL_AREA( #2188 );
#1537 = ORIENTED_EDGE( '', *, *, #1963, .F. );
#1538 = ORIENTED_EDGE( '', *, *, #2078, .T. );
#1539 = ORIENTED_EDGE( '', *, *, #2189, .F. );
#1540 = CARTESIAN_POINT( '', ( 18.5732457862011, 18.6974975000000, 0.300000000000000 ) );
#1541 = DIRECTION( '', ( -0.000000000000000, -0.000000000000000, 1.00000000000000 ) );
#1542 = DIRECTION( '', ( 1.00000000000000, 0.000000000000000, 0.000000000000000 ) );
#1543 = SURFACE_STYLE_FILL_AREA( #2190 );
#1544 = ORIENTED_EDGE( '', *, *, #2191, .F. );
#1545 = ORIENTED_EDGE( '', *, *, #2164, .F. );
#1546 = ORIENTED_EDGE( '', *, *, #2192, .T. );
#1547 = ORIENTED_EDGE( '', *, *, #2102, .T. );
#1548 = CARTESIAN_POINT( '', ( 13.3290560506368, 22.8500000000000, 0.300000000000000 ) );
#1549 = DIRECTION( '', ( 0.000000000000000, -0.894427190999911, -0.447213595499968 ) );
#1550 = DIRECTION( '', ( 0.000000000000000, 0.447213595499968, -0.894427190999911 ) );
#1551 = SURFACE_STYLE_FILL_AREA( #2193 );
#1552 = ORIENTED_EDGE( '', *, *, #2174, .F. );
#1553 = ORIENTED_EDGE( '', *, *, #2027, .F. );
#1554 = ORIENTED_EDGE( '', *, *, #2194, .T. );
#1555 = ORIENTED_EDGE( '', *, *, #2118, .T. );
#1556 = CARTESIAN_POINT( '', ( 17.7956580239950, 23.7203119856590, 0.200000000000000 ) );
#1557 = DIRECTION( '', ( -0.746252750123853, 0.493058650601128, 0.447213595499937 ) );
#1558 = DIRECTION( '', ( 0.514040935780743, 2.46332279874592E-016, 0.857765653510129 ) );
#1559 = SURFACE_STYLE_FILL_AREA( #2195 );
#1560 = ORIENTED_EDGE( '', *, *, #2196, .T. );
#1561 = ORIENTED_EDGE( '', *, *, #2133, .F. );
#1562 = ORIENTED_EDGE( '', *, *, #2191, .T. );
#1563 = ORIENTED_EDGE( '', *, *, #2101, .T. );
#1564 = CARTESIAN_POINT( '', ( 13.4632281898245, 20.0140041713647, 0.300000000000000 ) );
#1565 = DIRECTION( '', ( -0.893427881066701, -0.0422684436988007, -0.447213595499897 ) );
#1566 = DIRECTION( '', ( -0.447613632290475, -1.64245897933182E-017, 0.894227060755671 ) );
#1567 = SURFACE_STYLE_FILL_AREA( #2197 );
#1568 = ORIENTED_EDGE( '', *, *, #2198, .F. );
#1569 = ORIENTED_EDGE( '', *, *, #2199, .T. );
#1570 = ORIENTED_EDGE( '', *, *, #2114, .T. );
#1571 = ORIENTED_EDGE( '', *, *, #2032, .T. );
#1572 = CARTESIAN_POINT( '', ( 22.2437455189751, 20.8458463777491, 0.300000000000000 ) );
#1573 = DIRECTION( '', ( -0.772003425805128, 0.451675448242566, 0.447213595499984 ) );
#1574 = DIRECTION( '', ( 0.501258079457151, -1.25365120574196E-016, 0.865297831835333 ) );
#1575 = SURFACE_STYLE_FILL_AREA( #2200 );
#1576 = ORIENTED_EDGE( '', *, *, #2121, .F. );
#1577 = ORIENTED_EDGE( '', *, *, #2201, .F. );
#1578 = ORIENTED_EDGE( '', *, *, #2202, .F. );
#1579 = ORIENTED_EDGE( '', *, *, #1948, .F. );
#1580 = CARTESIAN_POINT( '', ( 25.4000000000000, 14.0000000000000, -0.100000000000000 ) );
#1581 = DIRECTION( '', ( -0.000000000000000, -1.00000000000000, -0.000000000000000 ) );
#1582 = DIRECTION( '', ( 0.000000000000000, 0.000000000000000, -1.00000000000000 ) );
#1583 = SURFACE_STYLE_FILL_AREA( #2203 );
#1584 = ORIENTED_EDGE( '', *, *, #2192, .F. );
#1585 = ORIENTED_EDGE( '', *, *, #2057, .F. );
#1586 = ORIENTED_EDGE( '', *, *, #2204, .T. );
#1587 = ORIENTED_EDGE( '', *, *, #2103, .T. );
#1588 = CARTESIAN_POINT( '', ( 12.0314009069422, 22.8500000000000, 0.300000000000000 ) );
#1589 = DIRECTION( '', ( 0.893213699056206, 0.0465756139878424, -0.447213595499941 ) );
#1590 = DIRECTION( '', ( -1.23958301825351E-017, -0.994620502407426, -0.103585984528792 ) );
#1591 = SURFACE_STYLE_FILL_AREA( #2205 );
#1592 = ORIENTED_EDGE( '', *, *, #2198, .T. );
#1593 = ORIENTED_EDGE( '', *, *, #2031, .T. );
#1594 = ORIENTED_EDGE( '', *, *, #2206, .T. );
#1595 = CARTESIAN_POINT( '', ( 22.2005892155010, 20.8710958029000, 0.300000000000000 ) );
#1596 = DIRECTION( '', ( -0.000000000000000, -0.000000000000000, 1.00000000000000 ) );
#1597 = DIRECTION( '', ( 1.00000000000000, 0.000000000000000, 0.000000000000000 ) );
#1598 = SURFACE_STYLE_FILL_AREA( #2207 );
#1599 = ORIENTED_EDGE( '', *, *, #1972, .F. );
#1600 = ORIENTED_EDGE( '', *, *, #2208, .T. );
#1601 = ORIENTED_EDGE( '', *, *, #2209, .T. );
#1602 = ORIENTED_EDGE( '', *, *, #2038, .T. );
#1603 = CARTESIAN_POINT( '', ( 20.1250900713010, 17.2919376597000, 0.300000000000000 ) );
#1604 = DIRECTION( '', ( -0.000000000000000, 0.894427190999911, 0.447213595499968 ) );
#1605 = DIRECTION( '', ( 1.00000000000000, 0.000000000000000, 0.000000000000000 ) );
#1606 = SURFACE_STYLE_FILL_AREA( #2210 );
#1607 = ORIENTED_EDGE( '', *, *, #2109, .T. );
#1608 = ORIENTED_EDGE( '', *, *, #2180, .T. );
#1609 = ORIENTED_EDGE( '', *, *, #2211, .F. );
#1610 = CARTESIAN_POINT( '', ( 15.7295759693010, 19.9844998949000, 0.300000000000000 ) );
#1611 = DIRECTION( '', ( -0.000000000000000, -0.000000000000000, 1.00000000000000 ) );
#1612 = DIRECTION( '', ( 1.00000000000000, 0.000000000000000, 0.000000000000000 ) );
#1613 = SURFACE_STYLE_FILL_AREA( #2212 );
#1614 = ORIENTED_EDGE( '', *, *, #2128, .F. );
#1615 = ORIENTED_EDGE( '', *, *, #2213, .T. );
#1616 = ORIENTED_EDGE( '', *, *, #2130, .T. );
#1617 = ORIENTED_EDGE( '', *, *, #2035, .T. );
#1618 = CARTESIAN_POINT( '', ( 19.0683861595905, 19.4401283667000, 0.300000000000000 ) );
#1619 = DIRECTION( '', ( -0.770810334481048, 0.453708527864753, 0.447213595499973 ) );
#1620 = DIRECTION( '', ( 0.501838663885070, 2.51858827052116E-017, 0.864961245045145 ) );
#1621 = SURFACE_STYLE_FILL_AREA( #2214 );
#1622 = ORIENTED_EDGE( '', *, *, #1965, .F. );
#1623 = ORIENTED_EDGE( '', *, *, #2215, .T. );
#1624 = ORIENTED_EDGE( '', *, *, #2158, .F. );
#1625 = CARTESIAN_POINT( '', ( 19.0397981501010, 19.4901283667000, 0.300000000000000 ) );
#1626 = DIRECTION( '', ( -0.000000000000000, -0.000000000000000, 1.00000000000000 ) );
#1627 = DIRECTION( '', ( 1.00000000000000, 0.000000000000000, 0.000000000000000 ) );
#1628 = SURFACE_STYLE_FILL_AREA( #2216 );
#1629 = ORIENTED_EDGE( '', *, *, #2159, .F. );
#1630 = ORIENTED_EDGE( '', *, *, #2199, .F. );
#1631 = ORIENTED_EDGE( '', *, *, #2217, .T. );
#1632 = ORIENTED_EDGE( '', *, *, #1951, .F. );
#1633 = CARTESIAN_POINT( '', ( 19.1296280541191, 15.6222106878778, 0.200000000000000 ) );
#1634 = DIRECTION( '', ( -0.772003425805107, 0.451675448242553, -0.447213595500033 ) );
#1635 = DIRECTION( '', ( -0.501258079457203, -1.75511168803870E-016, 0.865297831835303 ) );
#1636 = SURFACE_STYLE_FILL_AREA( #2218 );
#1637 = ORIENTED_EDGE( '', *, *, #2219, .F. );
#1638 = ORIENTED_EDGE( '', *, *, #1959, .F. );
#1639 = ORIENTED_EDGE( '', *, *, #2088, .T. );
#1640 = ORIENTED_EDGE( '', *, *, #2220, .F. );
#1641 = CARTESIAN_POINT( '', ( 16.1902716670010, 17.3419376597000, 0.200000000000000 ) );
#1642 = DIRECTION( '', ( 0.772755360629944, -0.450387780271233, -0.447213595499999 ) );
#1643 = DIRECTION( '', ( 0.000000000000000, 0.704601836170898, -0.709602883636051 ) );
#1644 = SURFACE_STYLE_FILL_AREA( #2221 );
#1645 = ORIENTED_EDGE( '', *, *, #2222, .F. );
#1646 = ORIENTED_EDGE( '', *, *, #2181, .T. );
#1647 = ORIENTED_EDGE( '', *, *, #1939, .T. );
#1648 = ORIENTED_EDGE( '', *, *, #2019, .F. );
#1649 = CARTESIAN_POINT( '', ( 17.8803004818251, 23.5900949560022, 0.200000000000000 ) );
#1650 = DIRECTION( '', ( 0.768149765909638, -0.458198578274752, 0.447213595499919 ) );
#1651 = DIRECTION( '', ( 0.000000000000000, -0.698476348060773, -0.715633140093222 ) );
#1652 = SURFACE_STYLE_FILL_AREA( #2223 );
#1653 = ORIENTED_EDGE( '', *, *, #2224, .T. );
#1654 = ORIENTED_EDGE( '', *, *, #2146, .T. );
#1655 = ORIENTED_EDGE( '', *, *, #2072, .F. );
#1656 = ORIENTED_EDGE( '', *, *, #2225, .T. );
#1657 = ORIENTED_EDGE( '', *, *, #2002, .T. );
#1658 = ORIENTED_EDGE( '', *, *, #2098, .T. );
#1659 = CARTESIAN_POINT( '', ( -1.00000000000000, -0.600000000000000, -3.20000000000000 ) );
#1660 = DIRECTION( '', ( 0.000000000000000, -1.00000000000000, 0.000000000000000 ) );
#1661 = DIRECTION( '', ( 0.000000000000000, 0.000000000000000, -1.00000000000000 ) );
#1662 = SURFACE_STYLE_FILL_AREA( #2226 );
#1663 = ORIENTED_EDGE( '', *, *, #2079, .F. );
#1664 = ORIENTED_EDGE( '', *, *, #1961, .F. );
#1665 = ORIENTED_EDGE( '', *, *, #2227, .T. );
#1666 = ORIENTED_EDGE( '', *, *, #1968, .F. );
#1667 = CARTESIAN_POINT( '', ( 19.1048412668450, 15.6175287320542, 0.200000000000000 ) );
#1668 = DIRECTION( '', ( -0.769785740261391, 0.455444743180004, -0.447213595499872 ) );
#1669 = DIRECTION( '', ( -0.502338147285773, -1.26411310080733E-016, 0.864671258792321 ) );
#1670 = SURFACE_STYLE_FILL_AREA( #2228 );
#1671 = ORIENTED_EDGE( '', *, *, #2229, .F. );
#1672 = ORIENTED_EDGE( '', *, *, #2110, .T. );
#1673 = ORIENTED_EDGE( '', *, *, #2211, .T. );
#1674 = ORIENTED_EDGE( '', *, *, #2230, .F. );
#1675 = CARTESIAN_POINT( '', ( 15.6803087224310, 19.9759712147063, 0.300000000000000 ) );
#1676 = DIRECTION( '', ( -0.881319304525456, -0.152565669371350, -0.447213595500002 ) );
#1677 = DIRECTION( '', ( -0.452510989948216, -4.23454797258554E-017, 0.891758826127382 ) );
#1678 = SURFACE_STYLE_FILL_AREA( #2231 );
#1679 = ORIENTED_EDGE( '', *, *, #2232, .F. );
#1680 = ORIENTED_EDGE( '', *, *, #2230, .T. );
#1681 = ORIENTED_EDGE( '', *, *, #2222, .T. );
#1682 = ORIENTED_EDGE( '', *, *, #2018, .F. );
#1683 = CARTESIAN_POINT( '', ( 15.3357935898043, 22.2592450211292, 0.200000000000000 ) );
#1684 = DIRECTION( '', ( -0.881319304525496, -0.152565669371357, 0.447213595499920 ) );
#1685 = DIRECTION( '', ( -0.170573603873552, 0.985344937400902, -3.72380122987059E-017 ) );
#1686 = SURFACE_STYLE_FILL_AREA( #2233 );
#1687 = ORIENTED_EDGE( '', *, *, #2215, .F. );
#1688 = ORIENTED_EDGE( '', *, *, #1964, .F. );
#1689 = ORIENTED_EDGE( '', *, *, #2189, .T. );
#1690 = ORIENTED_EDGE( '', *, *, #2213, .F. );
#1691 = CARTESIAN_POINT( '', ( 17.3674840598712, 16.6490158372223, 0.200000000000000 ) );
#1692 = DIRECTION( '', ( -0.770810334481040, 0.453708527864745, -0.447213595499995 ) );
#1693 = DIRECTION( '', ( -0.501838663885092, 1.00743530820845E-016, 0.864961245045133 ) );
#1694 = SURFACE_STYLE_FILL_AREA( #2234 );
#1695 = ORIENTED_EDGE( '', *, *, #2235, .F. );
#1696 = ORIENTED_EDGE( '', *, *, #2046, .T. );
#1697 = ORIENTED_EDGE( '', *, *, #2236, .T. );
#1698 = ORIENTED_EDGE( '', *, *, #2083, .T. );
#1699 = CARTESIAN_POINT( '', ( 20.2791190046268, 21.4672238874000, 0.300000000000000 ) );
#1700 = DIRECTION( '', ( -0.764173765284571, 0.464799372257301, 0.447213595499981 ) );
#1701 = DIRECTION( '', ( 0.505088660130339, -1.03206192982275E-016, 0.863067462836909 ) );
#1702 = SURFACE_STYLE_FILL_AREA( #2237 );
#1703 = ORIENTED_EDGE( '', *, *, #2023, .F. );
#1704 = ORIENTED_EDGE( '', *, *, #2066, .T. );
#1705 = ORIENTED_EDGE( '', *, *, #2238, .F. );
#1706 = CARTESIAN_POINT( '', ( 15.7807356710010, 17.3419376597000, 0.300000000000000 ) );
#1707 = DIRECTION( '', ( -0.000000000000000, -0.000000000000000, 1.00000000000000 ) );
#1708 = DIRECTION( '', ( 1.00000000000000, 0.000000000000000, 0.000000000000000 ) );
#1709 = SURFACE_STYLE_FILL_AREA( #2239 );
#1710 = ORIENTED_EDGE( '', *, *, #2240, .F. );
#1711 = ORIENTED_EDGE( '', *, *, #2024, .F. );
#1712 = ORIENTED_EDGE( '', *, *, #2238, .T. );
#1713 = ORIENTED_EDGE( '', *, *, #2149, .T. );
#1714 = CARTESIAN_POINT( '', ( 19.0372143267010, 17.3419376597000, 0.200000000000000 ) );
#1715 = DIRECTION( '', ( -0.000000000000000, 0.894427190999911, 0.447213595499968 ) );
#1716 = DIRECTION( '', ( 1.00000000000000, 0.000000000000000, 0.000000000000000 ) );
#1717 = SURFACE_STYLE_FILL_AREA( #2241 );
#1718 = ORIENTED_EDGE( '', *, *, #2194, .F. );
#1719 = ORIENTED_EDGE( '', *, *, #2026, .F. );
#1720 = ORIENTED_EDGE( '', *, *, #2242, .T. );
#1721 = ORIENTED_EDGE( '', *, *, #2137, .T. );
#1722 = CARTESIAN_POINT( '', ( 13.6640995058706, 22.1322044316626, 0.200000000000000 ) );
#1723 = DIRECTION( '', ( 0.885432951613488, 0.126524654502667, 0.447213595499967 ) );
#1724 = DIRECTION( '', ( -1.72029908687544E-016, -0.962231542328382, 0.272232362051874 ) );
#1725 = SURFACE_STYLE_FILL_AREA( #2243 );
#1726 = ORIENTED_EDGE( '', *, *, #2244, .F. );
#1727 = ORIENTED_EDGE( '', *, *, #2082, .T. );
#1728 = ORIENTED_EDGE( '', *, *, #1953, .F. );
#1729 = CARTESIAN_POINT( '', ( 19.8580088676010, 20.8710958029000, 0.300000000000000 ) );
#1730 = DIRECTION( '', ( -0.000000000000000, -0.000000000000000, 1.00000000000000 ) );
#1731 = DIRECTION( '', ( 1.00000000000000, 0.000000000000000, 0.000000000000000 ) );
#1732 = SURFACE_STYLE_FILL_AREA( #2245 );
#1733 = ORIENTED_EDGE( '', *, *, #2039, .T. );
#1734 = ORIENTED_EDGE( '', *, *, #2209, .F. );
#1735 = ORIENTED_EDGE( '', *, *, #2246, .F. );
#1736 = CARTESIAN_POINT( '', ( 16.1902716670010, 17.3419376597000, 0.300000000000000 ) );
#1737 = DIRECTION( '', ( -0.000000000000000, -0.000000000000000, 1.00000000000000 ) );
#1738 = DIRECTION( '', ( 1.00000000000000, 0.000000000000000, 0.000000000000000 ) );
#1739 = SURFACE_STYLE_FILL_AREA( #2247 );
#1740 = ORIENTED_EDGE( '', *, *, #2236, .F. );
#1741 = ORIENTED_EDGE( '', *, *, #2045, .T. );
#1742 = ORIENTED_EDGE( '', *, *, #2248, .T. );
#1743 = ORIENTED_EDGE( '', *, *, #2152, .T. );
#1744 = CARTESIAN_POINT( '', ( 22.5860956547010, 21.4672238874000, 0.300000000000000 ) );
#1745 = DIRECTION( '', ( -0.000000000000000, 0.894427190999911, 0.447213595499968 ) );
#1746 = DIRECTION( '', ( 1.00000000000000, 0.000000000000000, 0.000000000000000 ) );
#1747 = SURFACE_STYLE_FILL_AREA( #2249 );
#1748 = ORIENTED_EDGE( '', *, *, #2165, .F. );
#1749 = ORIENTED_EDGE( '', *, *, #2132, .T. );
#1750 = ORIENTED_EDGE( '', *, *, #2013, .F. );
#1751 = CARTESIAN_POINT( '', ( 13.3767464555010, 22.9000000000000, 0.300000000000000 ) );
#1752 = DIRECTION( '', ( -0.000000000000000, -0.000000000000000, 1.00000000000000 ) );
#1753 = DIRECTION( '', ( 1.00000000000000, 0.000000000000000, 0.000000000000000 ) );
#1754 = SURFACE_STYLE_FILL_AREA( #2250 );
#1755 = ORIENTED_EDGE( '', *, *, #2202, .T. );
#1756 = ORIENTED_EDGE( '', *, *, #2155, .T. );
#1757 = ORIENTED_EDGE( '', *, *, #2097, .T. );
#1758 = ORIENTED_EDGE( '', *, *, #2251, .T. );
#1759 = CARTESIAN_POINT( '', ( 4.00000000000000, 14.0000000000000, 0.000000000000000 ) );
#1760 = DIRECTION( '', ( 0.000000000000000, 0.000000000000000, 1.00000000000000 ) );
#1761 = DIRECTION( '', ( 1.00000000000000, 0.000000000000000, 0.000000000000000 ) );
#1762 = SURFACE_STYLE_FILL_AREA( #2252 );
#1763 = ORIENTED_EDGE( '', *, *, #2021, .F. );
#1764 = ORIENTED_EDGE( '', *, *, #2076, .T. );
#1765 = ORIENTED_EDGE( '', *, *, #2067, .F. );
#1766 = CARTESIAN_POINT( '', ( 19.0372143267010, 22.9000000000000, 0.300000000000000 ) );
#1767 = DIRECTION( '', ( -0.000000000000000, -0.000000000000000, 1.00000000000000 ) );
#1768 = DIRECTION( '', ( 1.00000000000000, 0.000000000000000, 0.000000000000000 ) );
#1769 = SURFACE_STYLE_FILL_AREA( #2253 );
#1770 = ORIENTED_EDGE( '', *, *, #2204, .F. );
#1771 = ORIENTED_EDGE( '', *, *, #2254, .F. );
#1772 = ORIENTED_EDGE( '', *, *, #2117, .T. );
#1773 = ORIENTED_EDGE( '', *, *, #2104, .T. );
#1774 = CARTESIAN_POINT( '', ( 12.3160053694040, 17.3919376597000, 0.300000000000000 ) );
#1775 = DIRECTION( '', ( 0.000000000000000, 0.894427190999911, -0.447213595499968 ) );
#1776 = DIRECTION( '', ( -1.00000000000000, 0.000000000000000, 0.000000000000000 ) );
#1777 = SURFACE_STYLE_FILL_AREA( #2255 );
#1778 = ORIENTED_EDGE( '', *, *, #1977, .F. );
#1779 = ORIENTED_EDGE( '', *, *, #2111, .T. );
#1780 = ORIENTED_EDGE( '', *, *, #2229, .T. );
#1781 = ORIENTED_EDGE( '', *, *, #2183, .F. );
#1782 = CARTESIAN_POINT( '', ( 15.5340087403043, 20.8210958029000, 0.300000000000000 ) );
#1783 = DIRECTION( '', ( 0.000000000000000, -0.894427190999911, -0.447213595499968 ) );
#1784 = DIRECTION( '', ( 0.000000000000000, 0.447213595499968, -0.894427190999911 ) );
#1785 = SURFACE_STYLE_FILL_AREA( #2256 );
#1786 = ORIENTED_EDGE( '', *, *, #2167, .F. );
#1787 = ORIENTED_EDGE( '', *, *, #2178, .T. );
#1788 = ORIENTED_EDGE( '', *, *, #2257, .F. );
#1789 = ORIENTED_EDGE( '', *, *, #2142, .T. );
#1790 = ORIENTED_EDGE( '', *, *, #2052, .T. );
#1791 = ORIENTED_EDGE( '', *, *, #2258, .T. );
#1792 = CARTESIAN_POINT( '', ( -0.600000000000045, 25.8000000000000, -3.20000000000000 ) );
#1793 = DIRECTION( '', ( -1.00000000000000, 0.000000000000000, 0.000000000000000 ) );
#1794 = DIRECTION( '', ( 0.000000000000000, 0.000000000000000, 1.00000000000000 ) );
#1795 = SURFACE_STYLE_FILL_AREA( #2259 );
#1796 = ORIENTED_EDGE( '', *, *, #2177, .T. );
#1797 = ORIENTED_EDGE( '', *, *, #2170, .T. );
#1798 = ORIENTED_EDGE( '', *, *, #2140, .T. );
#1799 = ORIENTED_EDGE( '', *, *, #2257, .T. );
#1800 = CARTESIAN_POINT( '', ( 20.8000000000000, 25.8000000000000, -3.20000000000000 ) );
#1801 = DIRECTION( '', ( -0.000000000000000, 1.00000000000000, 0.000000000000000 ) );
#1802 = DIRECTION( '', ( 1.00000000000000, 0.000000000000000, 0.000000000000000 ) );
#1803 = SURFACE_STYLE_FILL_AREA( #2260 );
#1804 = ORIENTED_EDGE( '', *, *, #2044, .T. );
#1805 = ORIENTED_EDGE( '', *, *, #2186, .T. );
#1806 = ORIENTED_EDGE( '', *, *, #2248, .F. );
#1807 = CARTESIAN_POINT( '', ( 22.5860956547010, 21.5172238874000, 0.300000000000000 ) );
#1808 = DIRECTION( '', ( -0.000000000000000, -0.000000000000000, 1.00000000000000 ) );
#1809 = DIRECTION( '', ( 1.00000000000000, 0.000000000000000, 0.000000000000000 ) );
#1810 = SURFACE_STYLE_FILL_AREA( #2261 );
#1811 = ORIENTED_EDGE( '', *, *, #2206, .F. );
#1812 = ORIENTED_EDGE( '', *, *, #2047, .T. );
#1813 = ORIENTED_EDGE( '', *, *, #2235, .T. );
#1814 = ORIENTED_EDGE( '', *, *, #2262, .T. );
#1815 = CARTESIAN_POINT( '', ( 19.9469432582465, 20.9210958029000, 0.300000000000000 ) );
#1816 = DIRECTION( '', ( 0.000000000000000, -0.894427190999911, 0.447213595499968 ) );
#1817 = DIRECTION( '', ( -1.00000000000000, 0.000000000000000, 0.000000000000000 ) );
#1818 = SURFACE_STYLE_FILL_AREA( #2263 );
#1819 = ORIENTED_EDGE( '', *, *, #2112, .T. );
#1820 = ORIENTED_EDGE( '', *, *, #1975, .T. );
#1821 = ORIENTED_EDGE( '', *, *, #2196, .F. );
#1822 = CARTESIAN_POINT( '', ( 13.5131723267010, 20.0163670492000, 0.300000000000000 ) );
#1823 = DIRECTION( '', ( -0.000000000000000, -0.000000000000000, 1.00000000000000 ) );
#1824 = DIRECTION( '', ( 1.00000000000000, 0.000000000000000, 0.000000000000000 ) );
#1825 = SURFACE_STYLE_FILL_AREA( #2264 );
#1826 = ORIENTED_EDGE( '', *, *, #2265, .F. );
#1827 = ORIENTED_EDGE( '', *, *, #2040, .T. );
#1828 = ORIENTED_EDGE( '', *, *, #2246, .T. );
#1829 = ORIENTED_EDGE( '', *, *, #2220, .T. );
#1830 = CARTESIAN_POINT( '', ( 16.1470733290923, 17.3671151020230, 0.300000000000000 ) );
#1831 = DIRECTION( '', ( 0.772755360629948, -0.450387780271236, 0.447213595499989 ) );
#1832 = DIRECTION( '', ( -1.71586158754777E-016, -0.704601836170888, -0.709602883636061 ) );
#1833 = SURFACE_STYLE_FILL_AREA( #2266 );
#1834 = ORIENTED_EDGE( '', *, *, #2030, .F. );
#1835 = ORIENTED_EDGE( '', *, *, #2267, .T. );
#1836 = ORIENTED_EDGE( '', *, *, #2056, .F. );
#1837 = CARTESIAN_POINT( '', ( 12.2685446342010, 17.3419376597000, 0.300000000000000 ) );
#1838 = DIRECTION( '', ( -0.000000000000000, -0.000000000000000, 1.00000000000000 ) );
#1839 = DIRECTION( '', ( 1.00000000000000, 0.000000000000000, 0.000000000000000 ) );
#1840 = SURFACE_STYLE_FILL_AREA( #2268 );
#1841 = ORIENTED_EDGE( '', *, *, #2217, .F. );
#1842 = ORIENTED_EDGE( '', *, *, #2262, .F. );
#1843 = ORIENTED_EDGE( '', *, *, #2244, .T. );
#1844 = ORIENTED_EDGE( '', *, *, #1952, .F. );
#1845 = CARTESIAN_POINT( '', ( 16.1902716670010, 20.8710958029000, 0.200000000000000 ) );
#1846 = DIRECTION( '', ( 0.000000000000000, -0.894427190999911, -0.447213595499968 ) );
#1847 = DIRECTION( '', ( 0.000000000000000, 0.447213595499968, -0.894427190999911 ) );
#1848 = SURFACE_STYLE_FILL_AREA( #2269 );
#1849 = ORIENTED_EDGE( '', *, *, #2267, .F. );
#1850 = ORIENTED_EDGE( '', *, *, #2029, .F. );
#1851 = ORIENTED_EDGE( '', *, *, #2175, .T. );
#1852 = ORIENTED_EDGE( '', *, *, #2254, .T. );
#1853 = CARTESIAN_POINT( '', ( 19.0372143267010, 17.3419376597000, 0.200000000000000 ) );
#1854 = DIRECTION( '', ( -0.000000000000000, 0.894427190999911, 0.447213595499968 ) );
#1855 = DIRECTION( '', ( 1.00000000000000, 0.000000000000000, 0.000000000000000 ) );
#1856 = SURFACE_STYLE_FILL_AREA( #2270 );
#1857 = ORIENTED_EDGE( '', *, *, #2184, .F. );
#1858 = ORIENTED_EDGE( '', *, *, #2232, .T. );
#1859 = ORIENTED_EDGE( '', *, *, #2017, .F. );
#1860 = CARTESIAN_POINT( '', ( 15.5760968642010, 20.8710958029000, 0.300000000000000 ) );
#1861 = DIRECTION( '', ( -0.000000000000000, -0.000000000000000, 1.00000000000000 ) );
#1862 = DIRECTION( '', ( 1.00000000000000, 0.000000000000000, 0.000000000000000 ) );
#1863 = SURFACE_STYLE_FILL_AREA( #2271 );
#1864 = ORIENTED_EDGE( '', *, *, #2091, .F. );
#1865 = ORIENTED_EDGE( '', *, *, #2125, .T. );
#1866 = ORIENTED_EDGE( '', *, *, #2060, .T. );
#1867 = ORIENTED_EDGE( '', *, *, #2201, .T. );
#1868 = ORIENTED_EDGE( '', *, *, #2120, .F. );
#1869 = ORIENTED_EDGE( '', *, *, #1981, .T. );
#1870 = CARTESIAN_POINT( '', ( 9.00000000000000, -0.600000000000000, -3.20000000000000 ) );
#1871 = DIRECTION( '', ( 0.000000000000000, -1.00000000000000, 0.000000000000000 ) );
#1872 = DIRECTION( '', ( 0.000000000000000, 0.000000000000000, -1.00000000000000 ) );
#1873 = SURFACE_STYLE_FILL_AREA( #2272 );
#1874 = ORIENTED_EDGE( '', *, *, #2025, .F. );
#1875 = ORIENTED_EDGE( '', *, *, #2240, .T. );
#1876 = ORIENTED_EDGE( '', *, *, #2242, .F. );
#1877 = CARTESIAN_POINT( '', ( 14.3486085330010, 17.3419376597000, 0.300000000000000 ) );
#1878 = DIRECTION( '', ( -0.000000000000000, -0.000000000000000, 1.00000000000000 ) );
#1879 = DIRECTION( '', ( 1.00000000000000, 0.000000000000000, 0.000000000000000 ) );
#1880 = SURFACE_STYLE_FILL_AREA( #2273 );
#1881 = ORIENTED_EDGE( '', *, *, #2041, .T. );
#1882 = ORIENTED_EDGE( '', *, *, #2265, .T. );
#1883 = ORIENTED_EDGE( '', *, *, #2144, .F. );
#1884 = CARTESIAN_POINT( '', ( 19.4296970888010, 22.9000000000000, 0.300000000000000 ) );
#1885 = DIRECTION( '', ( -0.000000000000000, -0.000000000000000, 1.00000000000000 ) );
#1886 = DIRECTION( '', ( 1.00000000000000, 0.000000000000000, 0.000000000000000 ) );
#1887 = SURFACE_STYLE_FILL_AREA( #2274 );
#1888 = ORIENTED_EDGE( '', *, *, #1999, .F. );
#1889 = ORIENTED_EDGE( '', *, *, #2135, .T. );
#1890 = ORIENTED_EDGE( '', *, *, #2224, .F. );
#1891 = ORIENTED_EDGE( '', *, *, #2156, .T. );
#1892 = ORIENTED_EDGE( '', *, *, #2095, .T. );
#1893 = ORIENTED_EDGE( '', *, *, #2161, .T. );
#1894 = CARTESIAN_POINT( '', ( -0.600000000000045, 10.8000000000000, -3.20000000000000 ) );
#1895 = DIRECTION( '', ( -1.00000000000000, 0.000000000000000, 0.000000000000000 ) );
#1896 = DIRECTION( '', ( 0.000000000000000, 0.000000000000000, 1.00000000000000 ) );
#1897 = SURFACE_STYLE_FILL_AREA( #2275 );
#1898 = ORIENTED_EDGE( '', *, *, #2051, .F. );
#1899 = ORIENTED_EDGE( '', *, *, #2172, .F. );
#1900 = ORIENTED_EDGE( '', *, *, #2251, .F. );
#1901 = ORIENTED_EDGE( '', *, *, #2258, .F. );
#1902 = CARTESIAN_POINT( '', ( 20.8000000000000, 25.4000000000000, -0.100000000000000 ) );
#1903 = DIRECTION( '', ( 1.00000000000000, -0.000000000000000, -0.000000000000000 ) );
#1904 = DIRECTION( '', ( 0.000000000000000, 0.000000000000000, -1.00000000000000 ) );
#1905 = SURFACE_STYLE_FILL_AREA( #2276 );
#1906 = ORIENTED_EDGE( '', *, *, #2003, .T. );
#1907 = ORIENTED_EDGE( '', *, *, #2225, .F. );
#1908 = ORIENTED_EDGE( '', *, *, #2071, .F. );
#1909 = ORIENTED_EDGE( '', *, *, #2168, .F. );
#1910 = CARTESIAN_POINT( '', ( -1.00000000000000, 14.0000000000000, -3.00000000000000 ) );
#1911 = DIRECTION( '', ( 0.000000000000000, 0.000000000000000, 1.00000000000000 ) );
#1912 = DIRECTION( '', ( 1.00000000000000, 0.000000000000000, 0.000000000000000 ) );
#1913 = SURFACE_STYLE_FILL_AREA( #2277 );
#1914 = ORIENTED_EDGE( '', *, *, #2227, .F. );
#1915 = ORIENTED_EDGE( '', *, *, #1960, .F. );
#1916 = ORIENTED_EDGE( '', *, *, #2219, .T. );
#1917 = ORIENTED_EDGE( '', *, *, #2208, .F. );
#1918 = CARTESIAN_POINT( '', ( 16.1902716670010, 17.3419376597000, 0.200000000000000 ) );
#1919 = DIRECTION( '', ( 0.000000000000000, 0.894427190999911, -0.447213595499968 ) );
#1920 = DIRECTION( '', ( -1.00000000000000, 0.000000000000000, 0.000000000000000 ) );
#1921 = SURFACE_STYLE_FILL_AREA( #2278 );
#1922 = ORIENTED_EDGE( '', *, *, #2153, .F. );
#1923 = ORIENTED_EDGE( '', *, *, #2187, .F. );
#1924 = ORIENTED_EDGE( '', *, *, #2086, .T. );
#1925 = ORIENTED_EDGE( '', *, *, #1957, .F. );
#1926 = CARTESIAN_POINT( '', ( 19.1151762821068, 15.6203338844174, 0.200000000000000 ) );
#1927 = DIRECTION( '', ( -0.770813949174474, 0.453702386766982, -0.447213595499953 ) );
#1928 = DIRECTION( '', ( -0.501836903206436, 2.51855418058046E-017, 0.864962266564371 ) );
#1929 = FILL_AREA_STYLE( '', ( #2279 ) );
#1930 = EDGE_CURVE( '', #2280, #2281, #2282, .T. );
#1931 = EDGE_CURVE( '', #2280, #2283, #2284, .T. );
#1932 = EDGE_CURVE( '', #2283, #2281, #2285, .T. );
#1933 = FILL_AREA_STYLE( '', ( #2286 ) );
#1934 = EDGE_CURVE( '', #2287, #2288, #2289, .T. );
#1935 = EDGE_CURVE( '', #2287, #2290, #2291, .T. );
#1936 = EDGE_CURVE( '', #2292, #2290, #2293, .T. );
#1937 = EDGE_CURVE( '', #2288, #2292, #2294, .T. );
#1938 = FILL_AREA_STYLE( '', ( #2295 ) );
#1939 = EDGE_CURVE( '', #2296, #2297, #2298, .T. );
#1940 = EDGE_CURVE( '', #2299, #2296, #2300, .T. );
#1941 = EDGE_CURVE( '', #2297, #2299, #2301, .T. );
#1942 = FILL_AREA_STYLE( '', ( #2302 ) );
#1943 = EDGE_CURVE( '', #2303, #2304, #2305, .T. );
#1944 = EDGE_CURVE( '', #2304, #2306, #2307, .T. );
#1945 = EDGE_CURVE( '', #2308, #2306, #2309, .T. );
#1946 = EDGE_CURVE( '', #2308, #2310, #2311, .T. );
#1947 = EDGE_CURVE( '', #2310, #2312, #2313, .T. );
#1948 = EDGE_CURVE( '', #2312, #2303, #2314, .T. );
#1949 = FILL_AREA_STYLE( '', ( #2315 ) );
#1950 = EDGE_CURVE( '', #2316, #2317, #2318, .T. );
#1951 = EDGE_CURVE( '', #2317, #2319, #2320, .T. );
#1952 = EDGE_CURVE( '', #2319, #2321, #2322, .T. );
#1953 = EDGE_CURVE( '', #2321, #2323, #2324, .T. );
#1954 = EDGE_CURVE( '', #2323, #2325, #2326, .T. );
#1955 = EDGE_CURVE( '', #2325, #2327, #2328, .T. );
#1956 = EDGE_CURVE( '', #2327, #2329, #2330, .T. );
#1957 = EDGE_CURVE( '', #2329, #2331, #2332, .T. );
#1958 = EDGE_CURVE( '', #2331, #2333, #2334, .T. );
#1959 = EDGE_CURVE( '', #2333, #2335, #2336, .T. );
#1960 = EDGE_CURVE( '', #2335, #2337, #2338, .T. );
#1961 = EDGE_CURVE( '', #2337, #2339, #2340, .T. );
#1962 = EDGE_CURVE( '', #2339, #2341, #2342, .T. );
#1963 = EDGE_CURVE( '', #2341, #2343, #2344, .T. );
#1964 = EDGE_CURVE( '', #2343, #2345, #2346, .T. );
#1965 = EDGE_CURVE( '', #2345, #2316, #2347, .T. );
#1966 = FILL_AREA_STYLE( '', ( #2348 ) );
#1967 = EDGE_CURVE( '', #2349, #2350, #2351, .T. );
#1968 = EDGE_CURVE( '', #2349, #2352, #2353, .T. );
#1969 = EDGE_CURVE( '', #2352, #2354, #2355, .T. );
#1970 = EDGE_CURVE( '', #2354, #2350, #2356, .T. );
#1971 = FILL_AREA_STYLE( '', ( #2357 ) );
#1972 = EDGE_CURVE( '', #2352, #2358, #2359, .T. );
#1973 = EDGE_CURVE( '', #2358, #2354, #2360, .T. );
#1974 = FILL_AREA_STYLE( '', ( #2361 ) );
#1975 = EDGE_CURVE( '', #2362, #2363, #2364, .T. );
#1976 = EDGE_CURVE( '', #2362, #2365, #2366, .T. );
#1977 = EDGE_CURVE( '', #2365, #2367, #2368, .T. );
#1978 = EDGE_CURVE( '', #2363, #2367, #2369, .T. );
#1979 = FILL_AREA_STYLE( '', ( #2370 ) );
#1980 = EDGE_CURVE( '', #2371, #2308, #2372, .T. );
#1981 = EDGE_CURVE( '', #2373, #2371, #2374, .T. );
#1982 = EDGE_CURVE( '', #2373, #2310, #2375, .T. );
#1983 = FILL_AREA_STYLE( '', ( #2376 ) );
#1984 = EDGE_CURVE( '', #2363, #2377, #2378, .T. );
#1985 = EDGE_CURVE( '', #2367, #2379, #2380, .T. );
#1986 = EDGE_CURVE( '', #2377, #2379, #2381, .T. );
#1987 = FILL_AREA_STYLE( '', ( #2382 ) );
#1988 = EDGE_CURVE( '', #2383, #2296, #2384, .T. );
#1989 = EDGE_CURVE( '', #2383, #2287, #2385, .T. );
#1990 = EDGE_CURVE( '', #2296, #2288, #2386, .T. );
#1991 = FILL_AREA_STYLE( '', ( #2387 ) );
#1992 = EDGE_CURVE( '', #2388, #2389, #2390, .T. );
#1993 = EDGE_CURVE( '', #2389, #2391, #2392, .T. );
#1994 = EDGE_CURVE( '', #2388, #2391, #2393, .T. );
#1995 = FILL_AREA_STYLE( '', ( #2394 ) );
#1996 = EDGE_CURVE( '', #2395, #2396, #2397, .T. );
#1997 = EDGE_CURVE( '', #2396, #2398, #2399, .T. );
#1998 = EDGE_CURVE( '', #2398, #2400, #2401, .T. );
#1999 = EDGE_CURVE( '', #2400, #2395, #2402, .T. );
#2000 = FILL_AREA_STYLE( '', ( #2403 ) );
#2001 = EDGE_CURVE( '', #2404, #2405, #2406, .T. );
#2002 = EDGE_CURVE( '', #2407, #2405, #2408, .T. );
#2003 = EDGE_CURVE( '', #2409, #2407, #2410, .T. );
#2004 = EDGE_CURVE( '', #2409, #2404, #2411, .T. );
#2005 = FILL_AREA_STYLE( '', ( #2412 ) );
#2006 = EDGE_CURVE( '', #2413, #2414, #2415, .T. );
#2007 = EDGE_CURVE( '', #2414, #2416, #2417, .T. );
#2008 = EDGE_CURVE( '', #2416, #2304, #2418, .T. );
#2009 = EDGE_CURVE( '', #2304, #2413, #2419, .T. );
#2010 = EDGE_CURVE( '', #2420, #2421, #2422, .T. );
#2011 = EDGE_CURVE( '', #2421, #2423, #2424, .T. );
#2012 = EDGE_CURVE( '', #2423, #2425, #2426, .T. );
#2013 = EDGE_CURVE( '', #2425, #2427, #2428, .T. );
#2014 = EDGE_CURVE( '', #2427, #2377, #2429, .T. );
#2015 = EDGE_CURVE( '', #2379, #2430, #2431, .T. );
#2016 = EDGE_CURVE( '', #2430, #2432, #2433, .T. );
#2017 = EDGE_CURVE( '', #2432, #2434, #2435, .T. );
#2018 = EDGE_CURVE( '', #2434, #2436, #2437, .T. );
#2019 = EDGE_CURVE( '', #2436, #2297, #2438, .T. );
#2020 = EDGE_CURVE( '', #2299, #2439, #2440, .T. );
#2021 = EDGE_CURVE( '', #2439, #2441, #2442, .T. );
#2022 = EDGE_CURVE( '', #2441, #2443, #2444, .T. );
#2023 = EDGE_CURVE( '', #2443, #2445, #2446, .T. );
#2024 = EDGE_CURVE( '', #2445, #2447, #2448, .T. );
#2025 = EDGE_CURVE( '', #2447, #2449, #2450, .T. );
#2026 = EDGE_CURVE( '', #2449, #2451, #2452, .T. );
#2027 = EDGE_CURVE( '', #2451, #2453, #2454, .T. );
#2028 = EDGE_CURVE( '', #2453, #2455, #2456, .T. );
#2029 = EDGE_CURVE( '', #2455, #2457, #2458, .T. );
#2030 = EDGE_CURVE( '', #2457, #2420, #2459, .T. );
#2031 = EDGE_CURVE( '', #2460, #2461, #2462, .T. );
#2032 = EDGE_CURVE( '', #2463, #2460, #2464, .T. );
#2033 = EDGE_CURVE( '', #2465, #2463, #2466, .T. );
#2034 = EDGE_CURVE( '', #2467, #2465, #2468, .T. );
#2035 = EDGE_CURVE( '', #2469, #2467, #2470, .T. );
#2036 = EDGE_CURVE( '', #2471, #2469, #2472, .T. );
#2037 = EDGE_CURVE( '', #2350, #2471, #2473, .T. );
#2038 = EDGE_CURVE( '', #2474, #2358, #2475, .T. );
#2039 = EDGE_CURVE( '', #2476, #2474, #2477, .T. );
#2040 = EDGE_CURVE( '', #2478, #2476, #2479, .T. );
#2041 = EDGE_CURVE( '', #2480, #2478, #2481, .T. );
#2042 = EDGE_CURVE( '', #2389, #2480, #2482, .T. );
#2043 = EDGE_CURVE( '', #2483, #2388, #2484, .T. );
#2044 = EDGE_CURVE( '', #2485, #2483, #2486, .T. );
#2045 = EDGE_CURVE( '', #2487, #2485, #2488, .T. );
#2046 = EDGE_CURVE( '', #2489, #2487, #2490, .T. );
#2047 = EDGE_CURVE( '', #2461, #2489, #2491, .T. );
#2048 = FILL_AREA_STYLE( '', ( #2492 ) );
#2049 = EDGE_CURVE( '', #2493, #2494, #2495, .T. );
#2050 = EDGE_CURVE( '', #2493, #2496, #2497, .T. );
#2051 = EDGE_CURVE( '', #2496, #2498, #2499, .T. );
#2052 = EDGE_CURVE( '', #2494, #2498, #2500, .T. );
#2053 = FILL_AREA_STYLE( '', ( #2501 ) );
#2054 = EDGE_CURVE( '', #2349, #2471, #2502, .T. );
#2055 = FILL_AREA_STYLE( '', ( #2503 ) );
#2056 = EDGE_CURVE( '', #2420, #2504, #2505, .T. );
#2057 = EDGE_CURVE( '', #2504, #2506, #2507, .T. );
#2058 = EDGE_CURVE( '', #2506, #2421, #2508, .T. );
#2059 = FILL_AREA_STYLE( '', ( #2509 ) );
#2060 = EDGE_CURVE( '', #2416, #2510, #2511, .T. );
#2061 = EDGE_CURVE( '', #2416, #2398, #2512, .T. );
#2062 = EDGE_CURVE( '', #2396, #2513, #2514, .T. );
#2063 = EDGE_CURVE( '', #2513, #2515, #2516, .T. );
#2064 = EDGE_CURVE( '', #2515, #2510, #2517, .T. );
#2065 = FILL_AREA_STYLE( '', ( #2518 ) );
#2066 = EDGE_CURVE( '', #2443, #2292, #2519, .T. );
#2067 = EDGE_CURVE( '', #2441, #2288, #2520, .T. );
#2068 = FILL_AREA_STYLE( '', ( #2521 ) );
#2069 = EDGE_CURVE( '', #2367, #2430, #2522, .T. );
#2070 = FILL_AREA_STYLE( '', ( #2523 ) );
#2071 = EDGE_CURVE( '', #2524, #2525, #2526, .T. );
#2072 = EDGE_CURVE( '', #2525, #2527, #2528, .T. );
#2073 = EDGE_CURVE( '', #2527, #2529, #2530, .T. );
#2074 = EDGE_CURVE( '', #2529, #2524, #2531, .T. );
#2075 = FILL_AREA_STYLE( '', ( #2532 ) );
#2076 = EDGE_CURVE( '', #2439, #2288, #2533, .T. );
#2077 = FILL_AREA_STYLE( '', ( #2534 ) );
#2078 = EDGE_CURVE( '', #2341, #2535, #2536, .T. );
#2079 = EDGE_CURVE( '', #2339, #2349, #2537, .T. );
#2080 = EDGE_CURVE( '', #2535, #2349, #2538, .T. );
#2081 = FILL_AREA_STYLE( '', ( #2539 ) );
#2082 = EDGE_CURVE( '', #2540, #2323, #2541, .T. );
#2083 = EDGE_CURVE( '', #2542, #2540, #2543, .T. );
#2084 = EDGE_CURVE( '', #2542, #2325, #2544, .T. );
#2085 = FILL_AREA_STYLE( '', ( #2545 ) );
#2086 = EDGE_CURVE( '', #2391, #2331, #2546, .T. );
#2087 = EDGE_CURVE( '', #2547, #2391, #2548, .T. );
#2088 = EDGE_CURVE( '', #2333, #2547, #2549, .T. );
#2089 = FILL_AREA_STYLE( '', ( #2550 ) );
#2090 = EDGE_CURVE( '', #2306, #2551, #2552, .T. );
#2091 = EDGE_CURVE( '', #2551, #2371, #2553, .T. );
#2092 = FILL_AREA_STYLE( '', ( #2554 ) );
#2093 = EDGE_CURVE( '', #2555, #2515, #2556, .T. );
#2094 = EDGE_CURVE( '', #2557, #2513, #2558, .T. );
#2095 = EDGE_CURVE( '', #2555, #2557, #2559, .T. );
#2096 = FILL_AREA_STYLE( '', ( #2560 ) );
#2097 = EDGE_CURVE( '', #2561, #2562, #2563, .T. );
#2098 = EDGE_CURVE( '', #2405, #2561, #2564, .T. );
#2099 = EDGE_CURVE( '', #2562, #2404, #2565, .T. );
#2100 = FILL_AREA_STYLE( '', ( #2566 ) );
#2101 = EDGE_CURVE( '', #2567, #2568, #2569, .T. );
#2102 = EDGE_CURVE( '', #2570, #2567, #2571, .T. );
#2103 = EDGE_CURVE( '', #2572, #2570, #2573, .T. );
#2104 = EDGE_CURVE( '', #2574, #2572, #2575, .T. );
#2105 = EDGE_CURVE( '', #2281, #2574, #2576, .T. );
#2106 = EDGE_CURVE( '', #2577, #2283, #2578, .T. );
#2107 = EDGE_CURVE( '', #2290, #2577, #2579, .T. );
#2108 = EDGE_CURVE( '', #2580, #2383, #2581, .T. );
#2109 = EDGE_CURVE( '', #2582, #2580, #2583, .T. );
#2110 = EDGE_CURVE( '', #2584, #2582, #2585, .T. );
#2111 = EDGE_CURVE( '', #2365, #2584, #2586, .T. );
#2112 = EDGE_CURVE( '', #2568, #2362, #2587, .T. );
#2113 = FILL_AREA_STYLE( '', ( #2588 ) );
#2114 = EDGE_CURVE( '', #2589, #2463, #2590, .T. );
#2115 = EDGE_CURVE( '', #2589, #2465, #2591, .T. );
#2116 = FILL_AREA_STYLE( '', ( #2592 ) );
#2117 = EDGE_CURVE( '', #2593, #2574, #2594, .T. );
#2118 = EDGE_CURVE( '', #2280, #2593, #2595, .T. );
#2119 = FILL_AREA_STYLE( '', ( #2596 ) );
#2120 = EDGE_CURVE( '', #2373, #2597, #2598, .T. );
#2121 = EDGE_CURVE( '', #2597, #2312, #2599, .T. );
#2122 = FILL_AREA_STYLE( '', ( #2600 ) );
#2123 = EDGE_CURVE( '', #2506, #2423, #2601, .T. );
#2124 = FILL_AREA_STYLE( '', ( #2602 ) );
#2125 = EDGE_CURVE( '', #2551, #2416, #2603, .T. );
#2126 = FILL_AREA_STYLE( '', ( #2604 ) );
#2127 = EDGE_CURVE( '', #2589, #2605, #2606, .T. );
#2128 = EDGE_CURVE( '', #2605, #2467, #2607, .T. );
#2129 = FILL_AREA_STYLE( '', ( #2608 ) );
#2130 = EDGE_CURVE( '', #2535, #2469, #2609, .T. );
#2131 = FILL_AREA_STYLE( '', ( #2610 ) );
#2132 = EDGE_CURVE( '', #2611, #2427, #2612, .T. );
#2133 = EDGE_CURVE( '', #2611, #2363, #2613, .T. );
#2134 = FILL_AREA_STYLE( '', ( #2614 ) );
#2135 = EDGE_CURVE( '', #2400, #2414, #2615, .T. );
#2136 = FILL_AREA_STYLE( '', ( #2616 ) );
#2137 = EDGE_CURVE( '', #2617, #2280, #2618, .T. );
#2138 = EDGE_CURVE( '', #2617, #2577, #2619, .T. );
#2139 = FILL_AREA_STYLE( '', ( #2620 ) );
#2140 = EDGE_CURVE( '', #2621, #2622, #2623, .T. );
#2141 = EDGE_CURVE( '', #2493, #2621, #2624, .T. );
#2142 = EDGE_CURVE( '', #2622, #2494, #2625, .T. );
#2143 = FILL_AREA_STYLE( '', ( #2626 ) );
#2144 = EDGE_CURVE( '', #2480, #2547, #2627, .T. );
#2145 = FILL_AREA_STYLE( '', ( #2628 ) );
#2146 = EDGE_CURVE( '', #2414, #2527, #2629, .T. );
#2147 = EDGE_CURVE( '', #2529, #2413, #2630, .T. );
#2148 = FILL_AREA_STYLE( '', ( #2631 ) );
#2149 = EDGE_CURVE( '', #2292, #2617, #2632, .T. );
#2150 = FILL_AREA_STYLE( '', ( #2633 ) );
#2151 = EDGE_CURVE( '', #2542, #2327, #2634, .T. );
#2152 = EDGE_CURVE( '', #2635, #2542, #2636, .T. );
#2153 = EDGE_CURVE( '', #2635, #2329, #2637, .T. );
#2154 = FILL_AREA_STYLE( '', ( #2638 ) );
#2155 = EDGE_CURVE( '', #2510, #2561, #2639, .T. );
#2156 = EDGE_CURVE( '', #2561, #2555, #2640, .T. );
#2157 = FILL_AREA_STYLE( '', ( #2641 ) );
#2158 = EDGE_CURVE( '', #2316, #2605, #2642, .T. );
#2159 = EDGE_CURVE( '', #2589, #2317, #2643, .T. );
#2160 = FILL_AREA_STYLE( '', ( #2644 ) );
#2161 = EDGE_CURVE( '', #2557, #2395, #2645, .T. );
#2162 = FILL_AREA_STYLE( '', ( #2646 ) );
#2163 = FILL_AREA_STYLE( '', ( #2647 ) );
#2164 = EDGE_CURVE( '', #2506, #2611, #2648, .T. );
#2165 = EDGE_CURVE( '', #2611, #2425, #2649, .T. );
#2166 = FILL_AREA_STYLE( '', ( #2650 ) );
#2167 = EDGE_CURVE( '', #2413, #2562, #2651, .T. );
#2168 = EDGE_CURVE( '', #2409, #2524, #2652, .T. );
#2169 = FILL_AREA_STYLE( '', ( #2653 ) );
#2170 = EDGE_CURVE( '', #2654, #2621, #2655, .T. );
#2171 = EDGE_CURVE( '', #2654, #2304, #2656, .T. );
#2172 = EDGE_CURVE( '', #2303, #2496, #2657, .T. );
#2173 = FILL_AREA_STYLE( '', ( #2658 ) );
#2174 = EDGE_CURVE( '', #2453, #2593, #2659, .T. );
#2175 = EDGE_CURVE( '', #2455, #2593, #2660, .T. );
#2176 = FILL_AREA_STYLE( '', ( #2661 ) );
#2177 = EDGE_CURVE( '', #2662, #2654, #2663, .T. );
#2178 = EDGE_CURVE( '', #2413, #2662, #2664, .T. );
#2179 = FILL_AREA_STYLE( '', ( #2665 ) );
#2180 = EDGE_CURVE( '', #2580, #2666, #2667, .T. );
#2181 = EDGE_CURVE( '', #2666, #2296, #2668, .T. );
#2182 = FILL_AREA_STYLE( '', ( #2669 ) );
#2183 = EDGE_CURVE( '', #2367, #2670, #2671, .T. );
#2184 = EDGE_CURVE( '', #2670, #2432, #2672, .T. );
#2185 = FILL_AREA_STYLE( '', ( #2673 ) );
#2186 = EDGE_CURVE( '', #2483, #2635, #2674, .T. );
#2187 = EDGE_CURVE( '', #2391, #2635, #2675, .T. );
#2188 = FILL_AREA_STYLE( '', ( #2676 ) );
#2189 = EDGE_CURVE( '', #2343, #2535, #2677, .T. );
#2190 = FILL_AREA_STYLE( '', ( #2678 ) );
#2191 = EDGE_CURVE( '', #2611, #2567, #2679, .T. );
#2192 = EDGE_CURVE( '', #2506, #2570, #2680, .T. );
#2193 = FILL_AREA_STYLE( '', ( #2681 ) );
#2194 = EDGE_CURVE( '', #2451, #2280, #2682, .T. );
#2195 = FILL_AREA_STYLE( '', ( #2683 ) );
#2196 = EDGE_CURVE( '', #2568, #2363, #2684, .T. );
#2197 = FILL_AREA_STYLE( '', ( #2685 ) );
#2198 = EDGE_CURVE( '', #2686, #2460, #2687, .T. );
#2199 = EDGE_CURVE( '', #2686, #2589, #2688, .T. );
#2200 = FILL_AREA_STYLE( '', ( #2689 ) );
#2201 = EDGE_CURVE( '', #2510, #2597, #2690, .T. );
#2202 = EDGE_CURVE( '', #2303, #2510, #2691, .T. );
#2203 = FILL_AREA_STYLE( '', ( #2692 ) );
#2204 = EDGE_CURVE( '', #2504, #2572, #2693, .T. );
#2205 = FILL_AREA_STYLE( '', ( #2694 ) );
#2206 = EDGE_CURVE( '', #2461, #2686, #2695, .T. );
#2207 = FILL_AREA_STYLE( '', ( #2696 ) );
#2208 = EDGE_CURVE( '', #2352, #2697, #2698, .T. );
#2209 = EDGE_CURVE( '', #2697, #2474, #2699, .T. );
#2210 = FILL_AREA_STYLE( '', ( #2700 ) );
#2211 = EDGE_CURVE( '', #2582, #2666, #2701, .T. );
#2212 = FILL_AREA_STYLE( '', ( #2702 ) );
#2213 = EDGE_CURVE( '', #2605, #2535, #2703, .T. );
#2214 = FILL_AREA_STYLE( '', ( #2704 ) );
#2215 = EDGE_CURVE( '', #2345, #2605, #2705, .T. );
#2216 = FILL_AREA_STYLE( '', ( #2706 ) );
#2217 = EDGE_CURVE( '', #2686, #2319, #2707, .T. );
#2218 = FILL_AREA_STYLE( '', ( #2708 ) );
#2219 = EDGE_CURVE( '', #2335, #2697, #2709, .T. );
#2220 = EDGE_CURVE( '', #2697, #2547, #2710, .T. );
#2221 = FILL_AREA_STYLE( '', ( #2711 ) );
#2222 = EDGE_CURVE( '', #2666, #2436, #2712, .T. );
#2223 = FILL_AREA_STYLE( '', ( #2713 ) );
#2224 = EDGE_CURVE( '', #2561, #2414, #2714, .T. );
#2225 = EDGE_CURVE( '', #2525, #2407, #2715, .T. );
#2226 = FILL_AREA_STYLE( '', ( #2716 ) );
#2227 = EDGE_CURVE( '', #2337, #2352, #2717, .T. );
#2228 = FILL_AREA_STYLE( '', ( #2718 ) );
#2229 = EDGE_CURVE( '', #2584, #2670, #2719, .T. );
#2230 = EDGE_CURVE( '', #2670, #2666, #2720, .T. );
#2231 = FILL_AREA_STYLE( '', ( #2721 ) );
#2232 = EDGE_CURVE( '', #2670, #2434, #2722, .T. );
#2233 = FILL_AREA_STYLE( '', ( #2723 ) );
#2234 = FILL_AREA_STYLE( '', ( #2724 ) );
#2235 = EDGE_CURVE( '', #2489, #2540, #2725, .T. );
#2236 = EDGE_CURVE( '', #2487, #2542, #2726, .T. );
#2237 = FILL_AREA_STYLE( '', ( #2727 ) );
#2238 = EDGE_CURVE( '', #2445, #2292, #2728, .T. );
#2239 = FILL_AREA_STYLE( '', ( #2729 ) );
#2240 = EDGE_CURVE( '', #2447, #2617, #2730, .T. );
#2241 = FILL_AREA_STYLE( '', ( #2731 ) );
#2242 = EDGE_CURVE( '', #2449, #2617, #2732, .T. );
#2243 = FILL_AREA_STYLE( '', ( #2733 ) );
#2244 = EDGE_CURVE( '', #2540, #2321, #2734, .T. );
#2245 = FILL_AREA_STYLE( '', ( #2735 ) );
#2246 = EDGE_CURVE( '', #2476, #2697, #2736, .T. );
#2247 = FILL_AREA_STYLE( '', ( #2737 ) );
#2248 = EDGE_CURVE( '', #2485, #2635, #2738, .T. );
#2249 = FILL_AREA_STYLE( '', ( #2739 ) );
#2250 = FILL_AREA_STYLE( '', ( #2740 ) );
#2251 = EDGE_CURVE( '', #2562, #2303, #2741, .T. );
#2252 = FILL_AREA_STYLE( '', ( #2742 ) );
#2253 = FILL_AREA_STYLE( '', ( #2743 ) );
#2254 = EDGE_CURVE( '', #2593, #2504, #2744, .T. );
#2255 = FILL_AREA_STYLE( '', ( #2745 ) );
#2256 = FILL_AREA_STYLE( '', ( #2746 ) );
#2257 = EDGE_CURVE( '', #2622, #2662, #2747, .T. );
#2258 = EDGE_CURVE( '', #2498, #2562, #2748, .T. );
#2259 = FILL_AREA_STYLE( '', ( #2749 ) );
#2260 = FILL_AREA_STYLE( '', ( #2750 ) );
#2261 = FILL_AREA_STYLE( '', ( #2751 ) );
#2262 = EDGE_CURVE( '', #2540, #2686, #2752, .T. );
#2263 = FILL_AREA_STYLE( '', ( #2753 ) );
#2264 = FILL_AREA_STYLE( '', ( #2754 ) );
#2265 = EDGE_CURVE( '', #2478, #2547, #2755, .T. );
#2266 = FILL_AREA_STYLE( '', ( #2756 ) );
#2267 = EDGE_CURVE( '', #2457, #2504, #2757, .T. );
#2268 = FILL_AREA_STYLE( '', ( #2758 ) );
#2269 = FILL_AREA_STYLE( '', ( #2759 ) );
#2270 = FILL_AREA_STYLE( '', ( #2760 ) );
#2271 = FILL_AREA_STYLE( '', ( #2761 ) );
#2272 = FILL_AREA_STYLE( '', ( #2762 ) );
#2273 = FILL_AREA_STYLE( '', ( #2763 ) );
#2274 = FILL_AREA_STYLE( '', ( #2764 ) );
#2275 = FILL_AREA_STYLE( '', ( #2765 ) );
#2276 = FILL_AREA_STYLE( '', ( #2766 ) );
#2277 = FILL_AREA_STYLE( '', ( #2767 ) );
#2278 = FILL_AREA_STYLE( '', ( #2768 ) );
#2279 = FILL_AREA_STYLE_COLOUR( '', #2769 );
#2280 = VERTEX_POINT( '', #2770 );
#2281 = VERTEX_POINT( '', #2771 );
#2282 = LINE( '', #2772, #2773 );
#2283 = VERTEX_POINT( '', #2774 );
#2284 = LINE( '', #2775, #2776 );
#2285 = CIRCLE( '', #2777, 0.0500000000000000 );
#2286 = FILL_AREA_STYLE_COLOUR( '', #2778 );
#2287 = VERTEX_POINT( '', #2779 );
#2288 = VERTEX_POINT( '', #2780 );
#2289 = LINE( '', #2781, #2782 );
#2290 = VERTEX_POINT( '', #2783 );
#2291 = LINE( '', #2784, #2785 );
#2292 = VERTEX_POINT( '', #2786 );
#2293 = LINE( '', #2787, #2788 );
#2294 = LINE( '', #2789, #2790 );
#2295 = FILL_AREA_STYLE_COLOUR( '', #2791 );
#2296 = VERTEX_POINT( '', #2792 );
#2297 = VERTEX_POINT( '', #2793 );
#2298 = LINE( '', #2794, #2795 );
#2299 = VERTEX_POINT( '', #2796 );
#2300 = LINE( '', #2797, #2798 );
#2301 = CIRCLE( '', #2799, 0.0500000000000000 );
#2302 = FILL_AREA_STYLE_COLOUR( '', #2800 );
#2303 = VERTEX_POINT( '', #2801 );
#2304 = VERTEX_POINT( '', #2802 );
#2305 = LINE( '', #2803, #2804 );
#2306 = VERTEX_POINT( '', #2805 );
#2307 = CIRCLE( '', #2806, 0.400000000000000 );
#2308 = VERTEX_POINT( '', #2807 );
#2309 = LINE( '', #2808, #2809 );
#2310 = VERTEX_POINT( '', #2810 );
#2311 = LINE( '', #2811, #2812 );
#2312 = VERTEX_POINT( '', #2813 );
#2313 = LINE( '', #2814, #2815 );
#2314 = CIRCLE( '', #2816, 0.100000000000000 );
#2315 = FILL_AREA_STYLE_COLOUR( '', #2817 );
#2316 = VERTEX_POINT( '', #2818 );
#2317 = VERTEX_POINT( '', #2819 );
#2318 = LINE( '', #2820, #2821 );
#2319 = VERTEX_POINT( '', #2822 );
#2320 = LINE( '', #2823, #2824 );
#2321 = VERTEX_POINT( '', #2825 );
#2322 = LINE( '', #2826, #2827 );
#2323 = VERTEX_POINT( '', #2828 );
#2324 = CIRCLE( '', #2829, 0.0500000000000000 );
#2325 = VERTEX_POINT( '', #2830 );
#2326 = LINE( '', #2831, #2832 );
#2327 = VERTEX_POINT( '', #2833 );
#2328 = CIRCLE( '', #2834, 0.0500000000000000 );
#2329 = VERTEX_POINT( '', #2835 );
#2330 = LINE( '', #2836, #2837 );
#2331 = VERTEX_POINT( '', #2838 );
#2332 = LINE( '', #2839, #2840 );
#2333 = VERTEX_POINT( '', #2841 );
#2334 = LINE( '', #2842, #2843 );
#2335 = VERTEX_POINT( '', #2844 );
#2336 = LINE( '', #2845, #2846 );
#2337 = VERTEX_POINT( '', #2847 );
#2338 = LINE( '', #2848, #2849 );
#2339 = VERTEX_POINT( '', #2850 );
#2340 = LINE( '', #2851, #2852 );
#2341 = VERTEX_POINT( '', #2853 );
#2342 = LINE( '', #2854, #2855 );
#2343 = VERTEX_POINT( '', #2856 );
#2344 = CIRCLE( '', #2857, 0.0500000000000000 );
#2345 = VERTEX_POINT( '', #2858 );
#2346 = LINE( '', #2859, #2860 );
#2347 = CIRCLE( '', #2861, 0.0500000000000000 );
#2348 = FILL_AREA_STYLE_COLOUR( '', #2862 );
#2349 = VERTEX_POINT( '', #2863 );
#2350 = VERTEX_POINT( '', #2864 );
#2351 = LINE( '', #2865, #2866 );
#2352 = VERTEX_POINT( '', #2867 );
#2353 = LINE( '', #2868, #2869 );
#2354 = VERTEX_POINT( '', #2870 );
#2355 = LINE( '', #2871, #2872 );
#2356 = LINE( '', #2873, #2874 );
#2357 = FILL_AREA_STYLE_COLOUR( '', #2875 );
#2358 = VERTEX_POINT( '', #2876 );
#2359 = LINE( '', #2877, #2878 );
#2360 = CIRCLE( '', #2879, 0.0500000000000000 );
#2361 = FILL_AREA_STYLE_COLOUR( '', #2880 );
#2362 = VERTEX_POINT( '', #2881 );
#2363 = VERTEX_POINT( '', #2882 );
#2364 = LINE( '', #2883, #2884 );
#2365 = VERTEX_POINT( '', #2885 );
#2366 = LINE( '', #2886, #2887 );
#2367 = VERTEX_POINT( '', #2888 );
#2368 = LINE( '', #2889, #2890 );
#2369 = LINE( '', #2891, #2892 );
#2370 = FILL_AREA_STYLE_COLOUR( '', #2893 );
#2371 = VERTEX_POINT( '', #2894 );
#2372 = LINE( '', #2895, #2896 );
#2373 = VERTEX_POINT( '', #2897 );
#2374 = LINE( '', #2898, #2899 );
#2375 = LINE( '', #2900, #2901 );
#2376 = FILL_AREA_STYLE_COLOUR( '', #2902 );
#2377 = VERTEX_POINT( '', #2903 );
#2378 = LINE( '', #2904, #2905 );
#2379 = VERTEX_POINT( '', #2906 );
#2380 = LINE( '', #2907, #2908 );
#2381 = LINE( '', #2909, #2910 );
#2382 = FILL_AREA_STYLE_COLOUR( '', #2911 );
#2383 = VERTEX_POINT( '', #2912 );
#2384 = LINE( '', #2913, #2914 );
#2385 = LINE( '', #2915, #2916 );
#2386 = LINE( '', #2917, #2918 );
#2387 = FILL_AREA_STYLE_COLOUR( '', #2919 );
#2388 = VERTEX_POINT( '', #2920 );
#2389 = VERTEX_POINT( '', #2921 );
#2390 = CIRCLE( '', #2922, 0.0500000000000000 );
#2391 = VERTEX_POINT( '', #2923 );
#2392 = LINE( '', #2924, #2925 );
#2393 = LINE( '', #2926, #2927 );
#2394 = FILL_AREA_STYLE_COLOUR( '', #2928 );
#2395 = VERTEX_POINT( '', #2929 );
#2396 = VERTEX_POINT( '', #2930 );
#2397 = LINE( '', #2931, #2932 );
#2398 = VERTEX_POINT( '', #2933 );
#2399 = LINE( '', #2934, #2935 );
#2400 = VERTEX_POINT( '', #2936 );
#2401 = LINE( '', #2937, #2938 );
#2402 = LINE( '', #2939, #2940 );
#2403 = FILL_AREA_STYLE_COLOUR( '', #2941 );
#2404 = VERTEX_POINT( '', #2942 );
#2405 = VERTEX_POINT( '', #2943 );
#2406 = LINE( '', #2944, #2945 );
#2407 = VERTEX_POINT( '', #2946 );
#2408 = LINE( '', #2947, #2948 );
#2409 = VERTEX_POINT( '', #2949 );
#2410 = LINE( '', #2950, #2951 );
#2411 = LINE( '', #2952, #2953 );
#2412 = FILL_AREA_STYLE_COLOUR( '', #2954 );
#2413 = VERTEX_POINT( '', #2955 );
#2414 = VERTEX_POINT( '', #2956 );
#2415 = LINE( '', #2957, #2958 );
#2416 = VERTEX_POINT( '', #2959 );
#2417 = LINE( '', #2960, #2961 );
#2418 = LINE( '', #2962, #2963 );
#2419 = LINE( '', #2964, #2965 );
#2420 = VERTEX_POINT( '', #2966 );
#2421 = VERTEX_POINT( '', #2967 );
#2422 = LINE( '', #2968, #2969 );
#2423 = VERTEX_POINT( '', #2970 );
#2424 = CIRCLE( '', #2971, 0.0500000000000000 );
#2425 = VERTEX_POINT( '', #2972 );
#2426 = LINE( '', #2973, #2974 );
#2427 = VERTEX_POINT( '', #2975 );
#2428 = CIRCLE( '', #2976, 0.0500000000000000 );
#2429 = LINE( '', #2977, #2978 );
#2430 = VERTEX_POINT( '', #2979 );
#2431 = CIRCLE( '', #2980, 0.0500000000000000 );
#2432 = VERTEX_POINT( '', #2981 );
#2433 = LINE( '', #2982, #2983 );
#2434 = VERTEX_POINT( '', #2984 );
#2435 = CIRCLE( '', #2985, 0.0500000000000000 );
#2436 = VERTEX_POINT( '', #2986 );
#2437 = LINE( '', #2987, #2988 );
#2438 = LINE( '', #2989, #2990 );
#2439 = VERTEX_POINT( '', #2991 );
#2440 = LINE( '', #2992, #2993 );
#2441 = VERTEX_POINT( '', #2994 );
#2442 = CIRCLE( '', #2995, 0.0500000000000000 );
#2443 = VERTEX_POINT( '', #2996 );
#2444 = LINE( '', #2997, #2998 );
#2445 = VERTEX_POINT( '', #2999 );
#2446 = CIRCLE( '', #3000, 0.0500000000000000 );
#2447 = VERTEX_POINT( '', #3001 );
#2448 = LINE( '', #3002, #3003 );
#2449 = VERTEX_POINT( '', #3004 );
#2450 = CIRCLE( '', #3005, 0.0500000000000000 );
#2451 = VERTEX_POINT( '', #3006 );
#2452 = LINE( '', #3007, #3008 );
#2453 = VERTEX_POINT( '', #3009 );
#2454 = LINE( '', #3010, #3011 );
#2455 = VERTEX_POINT( '', #3012 );
#2456 = CIRCLE( '', #3013, 0.0500000000000000 );
#2457 = VERTEX_POINT( '', #3014 );
#2458 = LINE( '', #3015, #3016 );
#2459 = CIRCLE( '', #3017, 0.0500000000000000 );
#2460 = VERTEX_POINT( '', #3018 );
#2461 = VERTEX_POINT( '', #3019 );
#2462 = CIRCLE( '', #3020, 0.0500000000000000 );
#2463 = VERTEX_POINT( '', #3021 );
#2464 = LINE( '', #3022, #3023 );
#2465 = VERTEX_POINT( '', #3024 );
#2466 = CIRCLE( '', #3025, 0.0500000000000000 );
#2467 = VERTEX_POINT( '', #3026 );
#2468 = LINE( '', #3027, #3028 );
#2469 = VERTEX_POINT( '', #3029 );
#2470 = LINE( '', #3030, #3031 );
#2471 = VERTEX_POINT( '', #3032 );
#2472 = LINE( '', #3033, #3034 );
#2473 = CIRCLE( '', #3035, 0.0500000000000000 );
#2474 = VERTEX_POINT( '', #3036 );
#2475 = LINE( '', #3037, #3038 );
#2476 = VERTEX_POINT( '', #3039 );
#2477 = CIRCLE( '', #3040, 0.0500000000000000 );
#2478 = VERTEX_POINT( '', #3041 );
#2479 = LINE( '', #3042, #3043 );
#2480 = VERTEX_POINT( '', #3044 );
#2481 = CIRCLE( '', #3045, 0.0500000000000000 );
#2482 = LINE( '', #3046, #3047 );
#2483 = VERTEX_POINT( '', #3048 );
#2484 = LINE( '', #3049, #3050 );
#2485 = VERTEX_POINT( '', #3051 );
#2486 = CIRCLE( '', #3052, 0.0500000000000000 );
#2487 = VERTEX_POINT( '', #3053 );
#2488 = LINE( '', #3054, #3055 );
#2489 = VERTEX_POINT( '', #3056 );
#2490 = LINE( '', #3057, #3058 );
#2491 = LINE( '', #3059, #3060 );
#2492 = FILL_AREA_STYLE_COLOUR( '', #3061 );
#2493 = VERTEX_POINT( '', #3062 );
#2494 = VERTEX_POINT( '', #3063 );
#2495 = LINE( '', #3064, #3065 );
#2496 = VERTEX_POINT( '', #3066 );
#2497 = LINE( '', #3067, #3068 );
#2498 = VERTEX_POINT( '', #3069 );
#2499 = LINE( '', #3070, #3071 );
#2500 = LINE( '', #3072, #3073 );
#2501 = FILL_AREA_STYLE_COLOUR( '', #3074 );
#2502 = LINE( '', #3075, #3076 );
#2503 = FILL_AREA_STYLE_COLOUR( '', #3077 );
#2504 = VERTEX_POINT( '', #3078 );
#2505 = LINE( '', #3079, #3080 );
#2506 = VERTEX_POINT( '', #3081 );
#2507 = LINE( '', #3082, #3083 );
#2508 = LINE( '', #3084, #3085 );
#2509 = FILL_AREA_STYLE_COLOUR( '', #3086 );
#2510 = VERTEX_POINT( '', #3087 );
#2511 = LINE( '', #3088, #3089 );
#2512 = CIRCLE( '', #3090, 0.400000000000000 );
#2513 = VERTEX_POINT( '', #3091 );
#2514 = LINE( '', #3092, #3093 );
#2515 = VERTEX_POINT( '', #3094 );
#2516 = LINE( '', #3095, #3096 );
#2517 = CIRCLE( '', #3097, 0.100000000000000 );
#2518 = FILL_AREA_STYLE_COLOUR( '', #3098 );
#2519 = LINE( '', #3099, #3100 );
#2520 = LINE( '', #3101, #3102 );
#2521 = FILL_AREA_STYLE_COLOUR( '', #3103 );
#2522 = LINE( '', #3104, #3105 );
#2523 = FILL_AREA_STYLE_COLOUR( '', #3106 );
#2524 = VERTEX_POINT( '', #3107 );
#2525 = VERTEX_POINT( '', #3108 );
#2526 = LINE( '', #3109, #3110 );
#2527 = VERTEX_POINT( '', #3111 );
#2528 = LINE( '', #3112, #3113 );
#2529 = VERTEX_POINT( '', #3114 );
#2530 = LINE( '', #3115, #3116 );
#2531 = LINE( '', #3117, #3118 );
#2532 = FILL_AREA_STYLE_COLOUR( '', #3119 );
#2533 = LINE( '', #3120, #3121 );
#2534 = FILL_AREA_STYLE_COLOUR( '', #3122 );
#2535 = VERTEX_POINT( '', #3123 );
#2536 = LINE( '', #3124, #3125 );
#2537 = LINE( '', #3126, #3127 );
#2538 = LINE( '', #3128, #3129 );
#2539 = FILL_AREA_STYLE_COLOUR( '', #3130 );
#2540 = VERTEX_POINT( '', #3131 );
#2541 = LINE( '', #3132, #3133 );
#2542 = VERTEX_POINT( '', #3134 );
#2543 = LINE( '', #3135, #3136 );
#2544 = LINE( '', #3137, #3138 );
#2545 = FILL_AREA_STYLE_COLOUR( '', #3139 );
#2546 = LINE( '', #3140, #3141 );
#2547 = VERTEX_POINT( '', #3142 );
#2548 = LINE( '', #3143, #3144 );
#2549 = LINE( '', #3145, #3146 );
#2550 = FILL_AREA_STYLE_COLOUR( '', #3147 );
#2551 = VERTEX_POINT( '', #3148 );
#2552 = LINE( '', #3149, #3150 );
#2553 = LINE( '', #3151, #3152 );
#2554 = FILL_AREA_STYLE_COLOUR( '', #3153 );
#2555 = VERTEX_POINT( '', #3154 );
#2556 = LINE( '', #3155, #3156 );
#2557 = VERTEX_POINT( '', #3157 );
#2558 = LINE( '', #3158, #3159 );
#2559 = LINE( '', #3160, #3161 );
#2560 = FILL_AREA_STYLE_COLOUR( '', #3162 );
#2561 = VERTEX_POINT( '', #3163 );
#2562 = VERTEX_POINT( '', #3164 );
#2563 = LINE( '', #3165, #3166 );
#2564 = CIRCLE( '', #3167, 0.100000000000000 );
#2565 = CIRCLE( '', #3168, 0.100000000000000 );
#2566 = FILL_AREA_STYLE_COLOUR( '', #3169 );
#2567 = VERTEX_POINT( '', #3170 );
#2568 = VERTEX_POINT( '', #3171 );
#2569 = LINE( '', #3172, #3173 );
#2570 = VERTEX_POINT( '', #3174 );
#2571 = LINE( '', #3175, #3176 );
#2572 = VERTEX_POINT( '', #3177 );
#2573 = LINE( '', #3178, #3179 );
#2574 = VERTEX_POINT( '', #3180 );
#2575 = LINE( '', #3181, #3182 );
#2576 = LINE( '', #3183, #3184 );
#2577 = VERTEX_POINT( '', #3185 );
#2578 = LINE( '', #3186, #3187 );
#2579 = LINE( '', #3188, #3189 );
#2580 = VERTEX_POINT( '', #3190 );
#2581 = LINE( '', #3191, #3192 );
#2582 = VERTEX_POINT( '', #3193 );
#2583 = CIRCLE( '', #3194, 0.0500000000000000 );
#2584 = VERTEX_POINT( '', #3195 );
#2585 = LINE( '', #3196, #3197 );
#2586 = LINE( '', #3198, #3199 );
#2587 = CIRCLE( '', #3200, 0.0500000000000000 );
#2588 = FILL_AREA_STYLE_COLOUR( '', #3201 );
#2589 = VERTEX_POINT( '', #3202 );
#2590 = LINE( '', #3203, #3204 );
#2591 = LINE( '', #3205, #3206 );
#2592 = FILL_AREA_STYLE_COLOUR( '', #3207 );
#2593 = VERTEX_POINT( '', #3208 );
#2594 = LINE( '', #3209, #3210 );
#2595 = LINE( '', #3211, #3212 );
#2596 = FILL_AREA_STYLE_COLOUR( '', #3213 );
#2597 = VERTEX_POINT( '', #3214 );
#2598 = LINE( '', #3215, #3216 );
#2599 = LINE( '', #3217, #3218 );
#2600 = FILL_AREA_STYLE_COLOUR( '', #3219 );
#2601 = LINE( '', #3220, #3221 );
#2602 = FILL_AREA_STYLE_COLOUR( '', #3222 );
#2603 = CIRCLE( '', #3223, 0.400000000000000 );
#2604 = FILL_AREA_STYLE_COLOUR( '', #3224 );
#2605 = VERTEX_POINT( '', #3225 );
#2606 = LINE( '', #3226, #3227 );
#2607 = LINE( '', #3228, #3229 );
#2608 = FILL_AREA_STYLE_COLOUR( '', #3230 );
#2609 = LINE( '', #3231, #3232 );
#2610 = FILL_AREA_STYLE_COLOUR( '', #3233 );
#2611 = VERTEX_POINT( '', #3234 );
#2612 = LINE( '', #3235, #3236 );
#2613 = LINE( '', #3237, #3238 );
#2614 = FILL_AREA_STYLE_COLOUR( '', #3239 );
#2615 = CIRCLE( '', #3240, 0.400000000000000 );
#2616 = FILL_AREA_STYLE_COLOUR( '', #3241 );
#2617 = VERTEX_POINT( '', #3242 );
#2618 = LINE( '', #3243, #3244 );
#2619 = LINE( '', #3245, #3246 );
#2620 = FILL_AREA_STYLE_COLOUR( '', #3247 );
#2621 = VERTEX_POINT( '', #3248 );
#2622 = VERTEX_POINT( '', #3249 );
#2623 = LINE( '', #3250, #3251 );
#2624 = LINE( '', #3252, #3253 );
#2625 = LINE( '', #3254, #3255 );
#2626 = FILL_AREA_STYLE_COLOUR( '', #3256 );
#2627 = LINE( '', #3257, #3258 );
#2628 = FILL_AREA_STYLE_COLOUR( '', #3259 );
#2629 = CIRCLE( '', #3260, 0.400000000000000 );
#2630 = CIRCLE( '', #3261, 0.400000000000000 );
#2631 = FILL_AREA_STYLE_COLOUR( '', #3262 );
#2632 = LINE( '', #3263, #3264 );
#2633 = FILL_AREA_STYLE_COLOUR( '', #3265 );
#2634 = LINE( '', #3266, #3267 );
#2635 = VERTEX_POINT( '', #3268 );
#2636 = LINE( '', #3269, #3270 );
#2637 = LINE( '', #3271, #3272 );
#2638 = FILL_AREA_STYLE_COLOUR( '', #3273 );
#2639 = LINE( '', #3274, #3275 );
#2640 = CIRCLE( '', #3276, 0.100000000000000 );
#2641 = FILL_AREA_STYLE_COLOUR( '', #3277 );
#2642 = LINE( '', #3278, #3279 );
#2643 = LINE( '', #3280, #3281 );
#2644 = FILL_AREA_STYLE_COLOUR( '', #3282 );
#2645 = LINE( '', #3283, #3284 );
#2646 = FILL_AREA_STYLE_COLOUR( '', #3285 );
#2647 = FILL_AREA_STYLE_COLOUR( '', #3286 );
#2648 = LINE( '', #3287, #3288 );
#2649 = LINE( '', #3289, #3290 );
#2650 = FILL_AREA_STYLE_COLOUR( '', #3291 );
#2651 = LINE( '', #3292, #3293 );
#2652 = LINE( '', #3294, #3295 );
#2653 = FILL_AREA_STYLE_COLOUR( '', #3296 );
#2654 = VERTEX_POINT( '', #3297 );
#2655 = LINE( '', #3298, #3299 );
#2656 = CIRCLE( '', #3300, 0.400000000000000 );
#2657 = CIRCLE( '', #3301, 0.100000000000000 );
#2658 = FILL_AREA_STYLE_COLOUR( '', #3302 );
#2659 = LINE( '', #3303, #3304 );
#2660 = LINE( '', #3305, #3306 );
#2661 = FILL_AREA_STYLE_COLOUR( '', #3307 );
#2662 = VERTEX_POINT( '', #3308 );
#2663 = LINE( '', #3309, #3310 );
#2664 = CIRCLE( '', #3311, 0.400000000000000 );
#2665 = FILL_AREA_STYLE_COLOUR( '', #3312 );
#2666 = VERTEX_POINT( '', #3313 );
#2667 = LINE( '', #3314, #3315 );
#2668 = LINE( '', #3316, #3317 );
#2669 = FILL_AREA_STYLE_COLOUR( '', #3318 );
#2670 = VERTEX_POINT( '', #3319 );
#2671 = LINE( '', #3320, #3321 );
#2672 = LINE( '', #3322, #3323 );
#2673 = FILL_AREA_STYLE_COLOUR( '', #3324 );
#2674 = LINE( '', #3325, #3326 );
#2675 = LINE( '', #3327, #3328 );
#2676 = FILL_AREA_STYLE_COLOUR( '', #3329 );
#2677 = LINE( '', #3330, #3331 );
#2678 = FILL_AREA_STYLE_COLOUR( '', #3332 );
#2679 = LINE( '', #3333, #3334 );
#2680 = LINE( '', #3335, #3336 );
#2681 = FILL_AREA_STYLE_COLOUR( '', #3337 );
#2682 = LINE( '', #3338, #3339 );
#2683 = FILL_AREA_STYLE_COLOUR( '', #3340 );
#2684 = LINE( '', #3341, #3342 );
#2685 = FILL_AREA_STYLE_COLOUR( '', #3343 );
#2686 = VERTEX_POINT( '', #3344 );
#2687 = LINE( '', #3345, #3346 );
#2688 = LINE( '', #3347, #3348 );
#2689 = FILL_AREA_STYLE_COLOUR( '', #3349 );
#2690 = CIRCLE( '', #3350, 0.100000000000000 );
#2691 = LINE( '', #3351, #3352 );
#2692 = FILL_AREA_STYLE_COLOUR( '', #3353 );
#2693 = LINE( '', #3354, #3355 );
#2694 = FILL_AREA_STYLE_COLOUR( '', #3356 );
#2695 = LINE( '', #3357, #3358 );
#2696 = FILL_AREA_STYLE_COLOUR( '', #3359 );
#2697 = VERTEX_POINT( '', #3360 );
#2698 = LINE( '', #3361, #3362 );
#2699 = LINE( '', #3363, #3364 );
#2700 = FILL_AREA_STYLE_COLOUR( '', #3365 );
#2701 = LINE( '', #3366, #3367 );
#2702 = FILL_AREA_STYLE_COLOUR( '', #3368 );
#2703 = LINE( '', #3369, #3370 );
#2704 = FILL_AREA_STYLE_COLOUR( '', #3371 );
#2705 = LINE( '', #3372, #3373 );
#2706 = FILL_AREA_STYLE_COLOUR( '', #3374 );
#2707 = LINE( '', #3375, #3376 );
#2708 = FILL_AREA_STYLE_COLOUR( '', #3377 );
#2709 = LINE( '', #3378, #3379 );
#2710 = LINE( '', #3380, #3381 );
#2711 = FILL_AREA_STYLE_COLOUR( '', #3382 );
#2712 = LINE( '', #3383, #3384 );
#2713 = FILL_AREA_STYLE_COLOUR( '', #3385 );
#2714 = LINE( '', #3386, #3387 );
#2715 = LINE( '', #3388, #3389 );
#2716 = FILL_AREA_STYLE_COLOUR( '', #3390 );
#2717 = LINE( '', #3391, #3392 );
#2718 = FILL_AREA_STYLE_COLOUR( '', #3393 );
#2719 = LINE( '', #3394, #3395 );
#2720 = LINE( '', #3396, #3397 );
#2721 = FILL_AREA_STYLE_COLOUR( '', #3398 );
#2722 = LINE( '', #3399, #3400 );
#2723 = FILL_AREA_STYLE_COLOUR( '', #3401 );
#2724 = FILL_AREA_STYLE_COLOUR( '', #3402 );
#2725 = LINE( '', #3403, #3404 );
#2726 = LINE( '', #3405, #3406 );
#2727 = FILL_AREA_STYLE_COLOUR( '', #3407 );
#2728 = LINE( '', #3408, #3409 );
#2729 = FILL_AREA_STYLE_COLOUR( '', #3410 );
#2730 = LINE( '', #3411, #3412 );
#2731 = FILL_AREA_STYLE_COLOUR( '', #3413 );
#2732 = LINE( '', #3414, #3415 );
#2733 = FILL_AREA_STYLE_COLOUR( '', #3416 );
#2734 = LINE( '', #3417, #3418 );
#2735 = FILL_AREA_STYLE_COLOUR( '', #3419 );
#2736 = LINE( '', #3420, #3421 );
#2737 = FILL_AREA_STYLE_COLOUR( '', #3422 );
#2738 = LINE( '', #3423, #3424 );
#2739 = FILL_AREA_STYLE_COLOUR( '', #3425 );
#2740 = FILL_AREA_STYLE_COLOUR( '', #3426 );
#2741 = LINE( '', #3427, #3428 );
#2742 = FILL_AREA_STYLE_COLOUR( '', #3429 );
#2743 = FILL_AREA_STYLE_COLOUR( '', #3430 );
#2744 = LINE( '', #3431, #3432 );
#2745 = FILL_AREA_STYLE_COLOUR( '', #3433 );
#2746 = FILL_AREA_STYLE_COLOUR( '', #3434 );
#2747 = LINE( '', #3435, #3436 );
#2748 = CIRCLE( '', #3437, 0.100000000000000 );
#2749 = FILL_AREA_STYLE_COLOUR( '', #3438 );
#2750 = FILL_AREA_STYLE_COLOUR( '', #3439 );
#2751 = FILL_AREA_STYLE_COLOUR( '', #3440 );
#2752 = LINE( '', #3441, #3442 );
#2753 = FILL_AREA_STYLE_COLOUR( '', #3443 );
#2754 = FILL_AREA_STYLE_COLOUR( '', #3444 );
#2755 = LINE( '', #3445, #3446 );
#2756 = FILL_AREA_STYLE_COLOUR( '', #3447 );
#2757 = LINE( '', #3448, #3449 );
#2758 = FILL_AREA_STYLE_COLOUR( '', #3450 );
#2759 = FILL_AREA_STYLE_COLOUR( '', #3451 );
#2760 = FILL_AREA_STYLE_COLOUR( '', #3452 );
#2761 = FILL_AREA_STYLE_COLOUR( '', #3453 );
#2762 = FILL_AREA_STYLE_COLOUR( '', #3454 );
#2763 = FILL_AREA_STYLE_COLOUR( '', #3455 );
#2764 = FILL_AREA_STYLE_COLOUR( '', #3456 );
#2765 = FILL_AREA_STYLE_COLOUR( '', #3457 );
#2766 = FILL_AREA_STYLE_COLOUR( '', #3458 );
#2767 = FILL_AREA_STYLE_COLOUR( '', #3459 );
#2768 = FILL_AREA_STYLE_COLOUR( '', #3460 );
#2769 = COLOUR_RGB( '', 0.666666686534882, 0.666666686534882, 0.800000011920929 );
#2770 = CARTESIAN_POINT( '', ( 14.2121826618010, 18.2966603759001, 0.200000000000000 ) );
#2771 = CARTESIAN_POINT( '', ( 14.1704658648592, 18.3242231923910, 0.300000000000000 ) );
#2772 = CARTESIAN_POINT( '', ( 14.2121826618010, 18.2966603759001, 0.200000000000000 ) );
#2773 = VECTOR( '', #3461, 1000.00000000000 );
#2774 = CARTESIAN_POINT( '', ( 14.2616798685341, 18.3037333191075, 0.300000000000000 ) );
#2775 = CARTESIAN_POINT( '', ( 14.2121826618010, 18.2966603759001, 0.200000000000000 ) );
#2776 = VECTOR( '', #3462, 1000.00000000000 );
#2777 = AXIS2_PLACEMENT_3D( '', #3463, #3464, #3465 );
#2778 = COLOUR_RGB( '', 0.666666686534882, 0.666666686534882, 0.800000011920929 );
#2779 = CARTESIAN_POINT( '', ( 18.9499692394451, 22.8500000000000, 0.300000000000000 ) );
#2780 = CARTESIAN_POINT( '', ( 19.0372143267010, 22.9000000000000, 0.200000000000000 ) );
#2781 = CARTESIAN_POINT( '', ( 16.5557992688929, 21.4779055670322, 3.04418886593566 ) );
#2782 = VECTOR( '', #3466, 1000.00000000000 );
#2783 = CARTESIAN_POINT( '', ( 15.7520807624138, 17.3919376597000, 0.300000000000000 ) );
#2784 = CARTESIAN_POINT( '', ( 15.7520807624138, 17.3919376597000, 0.300000000000000 ) );
#2785 = VECTOR( '', #3467, 1000.00000000000 );
#2786 = CARTESIAN_POINT( '', ( 15.7807356710010, 17.3419376597000, 0.200000000000000 ) );
#2787 = CARTESIAN_POINT( '', ( 15.7520807624138, 17.3919376597000, 0.300000000000000 ) );
#2788 = VECTOR( '', #3468, 1000.00000000000 );
#2789 = CARTESIAN_POINT( '', ( 19.0372143267010, 22.9000000000000, 0.200000000000000 ) );
#2790 = VECTOR( '', #3469, 1000.00000000000 );
#2791 = COLOUR_RGB( '', 0.666666686534882, 0.666666686534882, 0.800000011920929 );
#2792 = CARTESIAN_POINT( '', ( 17.4686613175010, 22.9000000000000, 0.200000000000000 ) );
#2793 = CARTESIAN_POINT( '', ( 17.4257204401641, 22.9256140792054, 0.300000000000000 ) );
#2794 = CARTESIAN_POINT( '', ( 17.4686613175010, 22.9000000000000, 0.200000000000000 ) );
#2795 = VECTOR( '', #3470, 1000.00000000000 );
#2796 = CARTESIAN_POINT( '', ( 17.4686613175010, 22.9500000000000, 0.300000000000000 ) );
#2797 = CARTESIAN_POINT( '', ( 17.4686613175010, 22.9500000000000, 0.300000000000000 ) );
#2798 = VECTOR( '', #3471, 1000.00000000000 );
#2799 = AXIS2_PLACEMENT_3D( '', #3472, #3473, #3474 );
#2800 = COLOUR_RGB( '', 0.666666686534882, 0.666666686534882, 0.800000011920929 );
#2801 = CARTESIAN_POINT( '', ( 25.4000000000000, 25.4000000000000, 0.000000000000000 ) );
#2802 = CARTESIAN_POINT( '', ( 25.4000000000000, 25.4000000000000, 0.300000000000000 ) );
#2803 = CARTESIAN_POINT( '', ( 25.4000000000000, 25.4000000000000, -3.20000000000000 ) );
#2804 = VECTOR( '', #3475, 1000.00000000000 );
#2805 = CARTESIAN_POINT( '', ( 25.8000000000000, 25.4000000000000, -0.100000000000000 ) );
#2806 = AXIS2_PLACEMENT_3D( '', #3476, #3477, #3478 );
#2807 = CARTESIAN_POINT( '', ( 25.8000000000000, 25.4000000000000, -3.00000000000000 ) );
#2808 = CARTESIAN_POINT( '', ( 25.8000000000000, 25.4000000000000, -3.20000000000000 ) );
#2809 = VECTOR( '', #3479, 1000.00000000000 );
#2810 = CARTESIAN_POINT( '', ( 25.5000000000000, 25.4000000000000, -3.00000000000000 ) );
#2811 = CARTESIAN_POINT( '', ( 25.8000000000000, 25.4000000000000, -3.00000000000000 ) );
#2812 = VECTOR( '', #3480, 1000.00000000000 );
#2813 = CARTESIAN_POINT( '', ( 25.5000000000000, 25.4000000000000, -0.100000000000000 ) );
#2814 = CARTESIAN_POINT( '', ( 25.5000000000000, 25.4000000000000, -3.20000000000000 ) );
#2815 = VECTOR( '', #3481, 1000.00000000000 );
#2816 = AXIS2_PLACEMENT_3D( '', #3482, #3483, #3484 );
#2817 = COLOUR_RGB( '', 0.666666686534882, 0.666666686534882, 0.800000011920929 );
#2818 = CARTESIAN_POINT( '', ( 19.0397981501010, 19.5401283667000, 0.300000000000000 ) );
#2819 = CARTESIAN_POINT( '', ( 21.3639521601430, 19.5401283667000, 0.300000000000000 ) );
#2820 = CARTESIAN_POINT( '', ( 21.3639521601430, 19.5401283667000, 0.300000000000000 ) );
#2821 = VECTOR( '', #3485, 1000.00000000000 );
#2822 = CARTESIAN_POINT( '', ( 22.1134067889568, 20.8210958029000, 0.300000000000000 ) );
#2823 = CARTESIAN_POINT( '', ( 22.1134067889568, 20.8210958029000, 0.300000000000000 ) );
#2824 = VECTOR( '', #3486, 1000.00000000000 );
#2825 = CARTESIAN_POINT( '', ( 19.8580088676010, 20.8210958029000, 0.300000000000000 ) );
#2826 = CARTESIAN_POINT( '', ( 19.8580088676010, 20.8210958029000, 0.300000000000000 ) );
#2827 = VECTOR( '', #3487, 1000.00000000000 );
#2828 = CARTESIAN_POINT( '', ( 19.8152902554561, 20.8970788777067, 0.300000000000000 ) );
#2829 = AXIS2_PLACEMENT_3D( '', #3488, #3489, #3490 );
#2830 = CARTESIAN_POINT( '', ( 20.2082897821561, 21.5432069622067, 0.300000000000000 ) );
#2831 = CARTESIAN_POINT( '', ( 20.2082897821561, 21.5432069622067, 0.300000000000000 ) );
#2832 = VECTOR( '', #3491, 1000.00000000000 );
#2833 = CARTESIAN_POINT( '', ( 20.2510083943010, 21.5672238874000, 0.300000000000000 ) );
#2834 = AXIS2_PLACEMENT_3D( '', #3492, #3493, #3494 );
#2835 = CARTESIAN_POINT( '', ( 22.5575073809220, 21.5672238874000, 0.300000000000000 ) );
#2836 = CARTESIAN_POINT( '', ( 22.5575073809220, 21.5672238874000, 0.300000000000000 ) );
#2837 = VECTOR( '', #3495, 1000.00000000000 );
#2838 = CARTESIAN_POINT( '', ( 23.3125515580514, 22.8500000000000, 0.300000000000000 ) );
#2839 = CARTESIAN_POINT( '', ( 23.3125515580514, 22.8500000000000, 0.300000000000000 ) );
#2840 = VECTOR( '', #3496, 1000.00000000000 );
#2841 = CARTESIAN_POINT( '', ( 19.4584280063301, 22.8500000000000, 0.300000000000000 ) );
#2842 = CARTESIAN_POINT( '', ( 19.4584280063301, 22.8500000000000, 0.300000000000000 ) );
#2843 = VECTOR( '', #3497, 1000.00000000000 );
#2844 = CARTESIAN_POINT( '', ( 16.2772859434322, 17.3919376597000, 0.300000000000000 ) );
#2845 = CARTESIAN_POINT( '', ( 16.2772859434322, 17.3919376597000, 0.300000000000000 ) );
#2846 = VECTOR( '', #3498, 1000.00000000000 );
#2847 = CARTESIAN_POINT( '', ( 20.0965767834561, 17.3919376597000, 0.300000000000000 ) );
#2848 = CARTESIAN_POINT( '', ( 20.0965767834561, 17.3919376597000, 0.300000000000000 ) );
#2849 = VECTOR( '', #3499, 1000.00000000000 );
#2850 = CARTESIAN_POINT( '', ( 20.8394304102567, 18.6474975000000, 0.300000000000000 ) );
#2851 = CARTESIAN_POINT( '', ( 20.8394304102567, 18.6474975000000, 0.300000000000000 ) );
#2852 = VECTOR( '', #3500, 1000.00000000000 );
#2853 = CARTESIAN_POINT( '', ( 18.5732457862011, 18.6474975000000, 0.300000000000000 ) );
#2854 = CARTESIAN_POINT( '', ( 18.5732457862011, 18.6474975000000, 0.300000000000000 ) );
#2855 = VECTOR( '', #3501, 1000.00000000000 );
#2856 = CARTESIAN_POINT( '', ( 18.5301561785596, 18.7228605777569, 0.300000000000000 ) );
#2857 = AXIS2_PLACEMENT_3D( '', #3502, #3503, #3504 );
#2858 = CARTESIAN_POINT( '', ( 18.9967085424595, 19.5154914444569, 0.300000000000000 ) );
#2859 = CARTESIAN_POINT( '', ( 18.9967085424595, 19.5154914444569, 0.300000000000000 ) );
#2860 = VECTOR( '', #3505, 1000.00000000000 );
#2861 = AXIS2_PLACEMENT_3D( '', #3506, #3507, #3508 );
#2862 = COLOUR_RGB( '', 0.666666686534882, 0.666666686534882, 0.800000011920929 );
#2863 = CARTESIAN_POINT( '', ( 20.9271088293010, 18.6974975000000, 0.200000000000000 ) );
#2864 = CARTESIAN_POINT( '', ( 20.9701411603844, 18.6720373648564, 0.300000000000000 ) );
#2865 = CARTESIAN_POINT( '', ( 20.9271088293010, 18.6974975000000, 0.200000000000000 ) );
#2866 = VECTOR( '', #3509, 1000.00000000000 );
#2867 = CARTESIAN_POINT( '', ( 20.1250900713010, 17.3419376597000, 0.200000000000000 ) );
#2868 = CARTESIAN_POINT( '', ( 19.1048412668450, 15.6175287320542, 0.200000000000000 ) );
#2869 = VECTOR( '', #3510, 1000.00000000000 );
#2870 = CARTESIAN_POINT( '', ( 20.1681224023844, 17.3164775245564, 0.300000000000000 ) );
#2871 = CARTESIAN_POINT( '', ( 20.1250900713010, 17.3419376597000, 0.200000000000000 ) );
#2872 = VECTOR( '', #3511, 1000.00000000000 );
#2873 = CARTESIAN_POINT( '', ( 20.9701411603844, 18.6720373648564, 0.300000000000000 ) );
#2874 = VECTOR( '', #3512, 1000.00000000000 );
#2875 = COLOUR_RGB( '', 0.666666686534882, 0.666666686534882, 0.800000011920929 );
#2876 = CARTESIAN_POINT( '', ( 20.1250900713010, 17.2919376597000, 0.300000000000000 ) );
#2877 = CARTESIAN_POINT( '', ( 20.1250900713010, 17.3419376597000, 0.200000000000000 ) );
#2878 = VECTOR( '', #3513, 1000.00000000000 );
#2879 = AXIS2_PLACEMENT_3D( '', #3514, #3515, #3516 );
#2880 = COLOUR_RGB( '', 0.666666686534882, 0.666666686534882, 0.800000011920929 );
#2881 = CARTESIAN_POINT( '', ( 13.5537864252946, 19.9872038018598, 0.300000000000000 ) );
#2882 = CARTESIAN_POINT( '', ( 13.5131723267010, 20.0163670492000, 0.200000000000000 ) );
#2883 = CARTESIAN_POINT( '', ( 13.5537864252946, 19.9872038018598, 0.300000000000000 ) );
#2884 = VECTOR( '', #3517, 1000.00000000000 );
#2885 = CARTESIAN_POINT( '', ( 14.1525686098923, 20.8210958029000, 0.300000000000000 ) );
#2886 = CARTESIAN_POINT( '', ( 14.1525686098923, 20.8210958029000, 0.300000000000000 ) );
#2887 = VECTOR( '', #3518, 1000.00000000000 );
#2888 = CARTESIAN_POINT( '', ( 14.1269164923010, 20.8710958029000, 0.200000000000000 ) );
#2889 = CARTESIAN_POINT( '', ( 14.2216542208125, 20.6864371130780, 0.569317379644102 ) );
#2890 = VECTOR( '', #3519, 1000.00000000000 );
#2891 = CARTESIAN_POINT( '', ( 16.7586352915700, 24.5361501618103, 0.200000000000000 ) );
#2892 = VECTOR( '', #3520, 1000.00000000000 );
#2893 = COLOUR_RGB( '', 0.666666686534882, 0.666666686534882, 0.800000011920929 );
#2894 = CARTESIAN_POINT( '', ( 25.8000000000000, -0.600000000000000, -3.00000000000000 ) );
#2895 = CARTESIAN_POINT( '', ( 25.8000000000000, 14.0000000000000, -3.00000000000000 ) );
#2896 = VECTOR( '', #3521, 1000.00000000000 );
#2897 = CARTESIAN_POINT( '', ( 25.5000000000000, -0.600000000000000, -3.00000000000000 ) );
#2898 = CARTESIAN_POINT( '', ( 9.00000000000000, -0.600000000000000, -3.00000000000000 ) );
#2899 = VECTOR( '', #3522, 1000.00000000000 );
#2900 = CARTESIAN_POINT( '', ( 25.5000000000000, 14.0000000000000, -3.00000000000000 ) );
#2901 = VECTOR( '', #3523, 1000.00000000000 );
#2902 = COLOUR_RGB( '', 0.666666686534882, 0.666666686534882, 0.800000011920929 );
#2903 = CARTESIAN_POINT( '', ( 13.5563291388996, 20.1621935744841, 0.300000000000000 ) );
#2904 = CARTESIAN_POINT( '', ( 14.5542755163827, 23.5342464494352, 2.61237277880867 ) );
#2905 = VECTOR( '', #3524, 1000.00000000000 );
#2906 = CARTESIAN_POINT( '', ( 14.0863023937074, 20.9002590502402, 0.300000000000000 ) );
#2907 = CARTESIAN_POINT( '', ( 14.1269164923010, 20.8710958029000, 0.200000000000000 ) );
#2908 = VECTOR( '', #3525, 1000.00000000000 );
#2909 = CARTESIAN_POINT( '', ( 14.0863023937074, 20.9002590502402, 0.300000000000000 ) );
#2910 = VECTOR( '', #3526, 1000.00000000000 );
#2911 = COLOUR_RGB( '', 0.666666686534882, 0.666666686534882, 0.800000011920929 );
#2912 = CARTESIAN_POINT( '', ( 17.4970560806113, 22.8500000000000, 0.300000000000000 ) );
#2913 = CARTESIAN_POINT( '', ( 17.5850920331653, 22.6949785402120, 0.610042919576033 ) );
#2914 = VECTOR( '', #3527, 1000.00000000000 );
#2915 = CARTESIAN_POINT( '', ( 18.9499692394451, 22.8500000000000, 0.300000000000000 ) );
#2916 = VECTOR( '', #3528, 1000.00000000000 );
#2917 = CARTESIAN_POINT( '', ( 19.0372143267010, 22.9000000000000, 0.200000000000000 ) );
#2918 = VECTOR( '', #3529, 1000.00000000000 );
#2919 = COLOUR_RGB( '', 0.666666686534882, 0.666666686534882, 0.800000011920929 );
#2920 = CARTESIAN_POINT( '', ( 23.4430898097100, 22.8746372655409, 0.300000000000000 ) );
#2921 = CARTESIAN_POINT( '', ( 23.4000000000011, 22.9500000000000, 0.300000000000000 ) );
#2922 = AXIS2_PLACEMENT_3D( '', #3530, #3531, #3532 );
#2923 = CARTESIAN_POINT( '', ( 23.4000000000011, 22.9000000000000, 0.200000000000000 ) );
#2924 = CARTESIAN_POINT( '', ( 23.4000000000011, 22.9500000000000, 0.300000000000000 ) );
#2925 = VECTOR( '', #3533, 1000.00000000000 );
#2926 = CARTESIAN_POINT( '', ( 23.4430898097100, 22.8746372655409, 0.300000000000000 ) );
#2927 = VECTOR( '', #3534, 1000.00000000000 );
#2928 = COLOUR_RGB( '', 0.752941191196442, 0.752941191196442, 0.752941191196442 );
#2929 = CARTESIAN_POINT( '', ( -0.600000000000045, -1.00000000000000, -3.00000000000000 ) );
#2930 = CARTESIAN_POINT( '', ( 25.4000000000000, -1.00000000000000, -3.00000000000000 ) );
#2931 = CARTESIAN_POINT( '', ( 4.00000000000000, -1.00000000000000, -3.00000000000000 ) );
#2932 = VECTOR( '', #3535, 1000.00000000000 );
#2933 = CARTESIAN_POINT( '', ( 25.4000000000000, -1.00000000000000, -0.100000000000000 ) );
#2934 = CARTESIAN_POINT( '', ( 25.4000000000000, -1.00000000000000, -3.20000000000000 ) );
#2935 = VECTOR( '', #3536, 1000.00000000000 );
#2936 = CARTESIAN_POINT( '', ( -0.600000000000045, -1.00000000000000, -0.100000000000000 ) );
#2937 = CARTESIAN_POINT( '', ( 4.00000000000000, -1.00000000000000, -0.100000000000000 ) );
#2938 = VECTOR( '', #3537, 1000.00000000000 );
#2939 = CARTESIAN_POINT( '', ( -0.600000000000045, -1.00000000000000, -3.20000000000000 ) );
#2940 = VECTOR( '', #3538, 1000.00000000000 );
#2941 = COLOUR_RGB( '', 0.752941191196442, 0.752941191196442, 0.752941191196442 );
#2942 = CARTESIAN_POINT( '', ( -0.700000000000034, 25.4000000000000, -0.100000000000000 ) );
#2943 = CARTESIAN_POINT( '', ( -0.700000000000034, -0.600000000000000, -0.100000000000000 ) );
#2944 = CARTESIAN_POINT( '', ( -0.700000000000034, 14.4000000000000, -0.100000000000000 ) );
#2945 = VECTOR( '', #3539, 1000.00000000000 );
#2946 = CARTESIAN_POINT( '', ( -0.700000000000034, -0.600000000000000, -3.00000000000000 ) );
#2947 = CARTESIAN_POINT( '', ( -0.700000000000034, -0.600000000000000, -3.20000000000000 ) );
#2948 = VECTOR( '', #3540, 1000.00000000000 );
#2949 = CARTESIAN_POINT( '', ( -0.700000000000034, 25.4000000000000, -3.00000000000000 ) );
#2950 = CARTESIAN_POINT( '', ( -0.700000000000034, 14.0000000000000, -3.00000000000000 ) );
#2951 = VECTOR( '', #3541, 1000.00000000000 );
#2952 = CARTESIAN_POINT( '', ( -0.700000000000034, 25.4000000000000, -3.20000000000000 ) );
#2953 = VECTOR( '', #3542, 1000.00000000000 );
#2954 = COLOUR_RGB( '', 0.666666686534882, 0.666666686534882, 0.800000011920929 );
#2955 = CARTESIAN_POINT( '', ( -0.600000000000045, 25.4000000000000, 0.300000000000000 ) );
#2956 = CARTESIAN_POINT( '', ( -0.600000000000045, -0.600000000000000, 0.300000000000000 ) );
#2957 = CARTESIAN_POINT( '', ( -0.600000000000045, 14.0000000000000, 0.300000000000000 ) );
#2958 = VECTOR( '', #3543, 1000.00000000000 );
#2959 = CARTESIAN_POINT( '', ( 25.4000000000000, -0.600000000000000, 0.300000000000000 ) );
#2960 = CARTESIAN_POINT( '', ( 4.00000000000000, -0.600000000000010, 0.300000000000000 ) );
#2961 = VECTOR( '', #3544, 1000.00000000000 );
#2962 = CARTESIAN_POINT( '', ( 25.4000000000000, 14.0000000000000, 0.300000000000000 ) );
#2963 = VECTOR( '', #3545, 1000.00000000000 );
#2964 = CARTESIAN_POINT( '', ( 4.00000000000000, 25.4000000000000, 0.300000000000000 ) );
#2965 = VECTOR( '', #3546, 1000.00000000000 );
#2966 = CARTESIAN_POINT( '', ( 12.2186124704629, 17.3393340037257, 0.300000000000000 ) );
#2967 = CARTESIAN_POINT( '', ( 11.9287936215629, 22.8973963440258, 0.300000000000000 ) );
#2968 = CARTESIAN_POINT( '', ( 11.9287936215629, 22.8973963440258, 0.300000000000000 ) );
#2969 = VECTOR( '', #3547, 1000.00000000000 );
#2970 = CARTESIAN_POINT( '', ( 11.9787257853010, 22.9500000000000, 0.300000000000000 ) );
#2971 = AXIS2_PLACEMENT_3D( '', #3548, #3549, #3550 );
#2972 = CARTESIAN_POINT( '', ( 13.3767464555010, 22.9500000000000, 0.300000000000000 ) );
#2973 = CARTESIAN_POINT( '', ( 13.3767464555010, 22.9500000000000, 0.300000000000000 ) );
#2974 = VECTOR( '', #3551, 1000.00000000000 );
#2975 = CARTESIAN_POINT( '', ( 13.4266905923775, 22.9023628778354, 0.300000000000000 ) );
#2976 = AXIS2_PLACEMENT_3D( '', #3552, #3553, #3554 );
#2977 = CARTESIAN_POINT( '', ( 13.5563291388996, 20.1621935744841, 0.300000000000000 ) );
#2978 = VECTOR( '', #3555, 1000.00000000000 );
#2979 = CARTESIAN_POINT( '', ( 14.1269164923010, 20.9210958029000, 0.300000000000000 ) );
#2980 = AXIS2_PLACEMENT_3D( '', #3556, #3557, #3558 );
#2981 = CARTESIAN_POINT( '', ( 15.5760968642010, 20.9210958029000, 0.300000000000000 ) );
#2982 = CARTESIAN_POINT( '', ( 15.5760968642010, 20.9210958029000, 0.300000000000000 ) );
#2983 = VECTOR( '', #3559, 1000.00000000000 );
#2984 = CARTESIAN_POINT( '', ( 15.6253641110710, 20.8796244830937, 0.300000000000000 ) );
#2985 = AXIS2_PLACEMENT_3D( '', #3560, #3561, #3562 );
#2986 = CARTESIAN_POINT( '', ( 15.7558101158458, 20.1260828594773, 0.300000000000000 ) );
#2987 = CARTESIAN_POINT( '', ( 15.7558101158458, 20.1260828594773, 0.300000000000000 ) );
#2988 = VECTOR( '', #3563, 1000.00000000000 );
#2989 = CARTESIAN_POINT( '', ( 17.4257204401641, 22.9256140792054, 0.300000000000000 ) );
#2990 = VECTOR( '', #3564, 1000.00000000000 );
#2991 = CARTESIAN_POINT( '', ( 19.0372143267010, 22.9500000000000, 0.300000000000000 ) );
#2992 = CARTESIAN_POINT( '', ( 19.0372143267010, 22.9500000000000, 0.300000000000000 ) );
#2993 = VECTOR( '', #3565, 1000.00000000000 );
#2994 = CARTESIAN_POINT( '', ( 19.0803549667297, 22.8747238219284, 0.300000000000000 ) );
#2995 = AXIS2_PLACEMENT_3D( '', #3566, #3567, #3568 );
#2996 = CARTESIAN_POINT( '', ( 15.8238763110297, 17.3166614816283, 0.300000000000000 ) );
#2997 = CARTESIAN_POINT( '', ( 15.8238763110297, 17.3166614816283, 0.300000000000000 ) );
#2998 = VECTOR( '', #3569, 1000.00000000000 );
#2999 = CARTESIAN_POINT( '', ( 15.7807356710010, 17.2919376597000, 0.300000000000000 ) );
#3000 = AXIS2_PLACEMENT_3D( '', #3570, #3571, #3572 );
#3001 = CARTESIAN_POINT( '', ( 14.3486085330010, 17.2919376597000, 0.300000000000000 ) );
#3002 = CARTESIAN_POINT( '', ( 14.3486085330010, 17.2919376597000, 0.300000000000000 ) );
#3003 = VECTOR( '', #3573, 1000.00000000000 );
#3004 = CARTESIAN_POINT( '', ( 14.2991113262679, 17.3348647164926, 0.300000000000000 ) );
#3005 = AXIS2_PLACEMENT_3D( '', #3574, #3575, #3576 );
#3006 = CARTESIAN_POINT( '', ( 14.1813122001814, 18.1592354948061, 0.300000000000000 ) );
#3007 = CARTESIAN_POINT( '', ( 14.1813122001814, 18.1592354948061, 0.300000000000000 ) );
#3008 = VECTOR( '', #3577, 1000.00000000000 );
#3009 = CARTESIAN_POINT( '', ( 13.6231020592428, 17.3143748432090, 0.300000000000000 ) );
#3010 = CARTESIAN_POINT( '', ( 13.6231020592428, 17.3143748432090, 0.300000000000000 ) );
#3011 = VECTOR( '', #3578, 1000.00000000000 );
#3012 = CARTESIAN_POINT( '', ( 13.5813852623010, 17.2919376597000, 0.300000000000000 ) );
#3013 = AXIS2_PLACEMENT_3D( '', #3579, #3580, #3581 );
#3014 = CARTESIAN_POINT( '', ( 12.2685446342010, 17.2919376597000, 0.300000000000000 ) );
#3015 = CARTESIAN_POINT( '', ( 12.2685446342010, 17.2919376597000, 0.300000000000000 ) );
#3016 = VECTOR( '', #3582, 1000.00000000000 );
#3017 = AXIS2_PLACEMENT_3D( '', #3583, #3584, #3585 );
#3018 = CARTESIAN_POINT( '', ( 22.2437455189751, 20.8458463777491, 0.300000000000000 ) );
#3019 = CARTESIAN_POINT( '', ( 22.2005892155010, 20.9210958029000, 0.300000000000000 ) );
#3020 = AXIS2_PLACEMENT_3D( '', #3586, #3587, #3588 );
#3021 = CARTESIAN_POINT( '', ( 21.4357839673751, 19.4648789415491, 0.300000000000000 ) );
#3022 = CARTESIAN_POINT( '', ( 22.2437455189751, 20.8458463777491, 0.300000000000000 ) );
#3023 = VECTOR( '', #3589, 1000.00000000000 );
#3024 = CARTESIAN_POINT( '', ( 21.3926276639010, 19.4401283667000, 0.300000000000000 ) );
#3025 = AXIS2_PLACEMENT_3D( '', #3590, #3591, #3592 );
#3026 = CARTESIAN_POINT( '', ( 19.0683861595905, 19.4401283667000, 0.300000000000000 ) );
#3027 = CARTESIAN_POINT( '', ( 21.3926276639010, 19.4401283667000, 0.300000000000000 ) );
#3028 = VECTOR( '', #3593, 1000.00000000000 );
#3029 = CARTESIAN_POINT( '', ( 18.6606950365911, 18.7474975000000, 0.300000000000000 ) );
#3030 = CARTESIAN_POINT( '', ( 19.0683861595905, 19.4401283667000, 0.300000000000000 ) );
#3031 = VECTOR( '', #3594, 1000.00000000000 );
#3032 = CARTESIAN_POINT( '', ( 20.9271088293010, 18.7474975000000, 0.300000000000000 ) );
#3033 = CARTESIAN_POINT( '', ( 18.6606950365911, 18.7474975000000, 0.300000000000000 ) );
#3034 = VECTOR( '', #3595, 1000.00000000000 );
#3035 = AXIS2_PLACEMENT_3D( '', #3596, #3597, #3598 );
#3036 = CARTESIAN_POINT( '', ( 16.1902716670010, 17.2919376597000, 0.300000000000000 ) );
#3037 = CARTESIAN_POINT( '', ( 20.1250900713010, 17.2919376597000, 0.300000000000000 ) );
#3038 = VECTOR( '', #3599, 1000.00000000000 );
#3039 = CARTESIAN_POINT( '', ( 16.1470733290924, 17.3671151020230, 0.300000000000000 ) );
#3040 = AXIS2_PLACEMENT_3D( '', #3600, #3601, #3602 );
#3041 = CARTESIAN_POINT( '', ( 19.3864987508924, 22.9251774423231, 0.300000000000000 ) );
#3042 = CARTESIAN_POINT( '', ( 16.1470733290923, 17.3671151020230, 0.300000000000000 ) );
#3043 = VECTOR( '', #3603, 1000.00000000000 );
#3044 = CARTESIAN_POINT( '', ( 19.4296970888010, 22.9500000000000, 0.300000000000000 ) );
#3045 = AXIS2_PLACEMENT_3D( '', #3604, #3605, #3606 );
#3046 = CARTESIAN_POINT( '', ( 19.4296970888010, 22.9500000000000, 0.300000000000000 ) );
#3047 = VECTOR( '', #3607, 1000.00000000000 );
#3048 = CARTESIAN_POINT( '', ( 22.6291854644100, 21.4918611529409, 0.300000000000000 ) );
#3049 = CARTESIAN_POINT( '', ( 23.4430898097100, 22.8746372655409, 0.300000000000000 ) );
#3050 = VECTOR( '', #3608, 1000.00000000000 );
#3051 = CARTESIAN_POINT( '', ( 22.5860956547010, 21.4672238874000, 0.300000000000000 ) );
#3052 = AXIS2_PLACEMENT_3D( '', #3609, #3610, #3611 );
#3053 = CARTESIAN_POINT( '', ( 20.2791190046268, 21.4672238874000, 0.300000000000000 ) );
#3054 = CARTESIAN_POINT( '', ( 22.5860956547010, 21.4672238874000, 0.300000000000000 ) );
#3055 = VECTOR( '', #3612, 1000.00000000000 );
#3056 = CARTESIAN_POINT( '', ( 19.9469432582465, 20.9210958029000, 0.300000000000000 ) );
#3057 = CARTESIAN_POINT( '', ( 20.2791190046268, 21.4672238874000, 0.300000000000000 ) );
#3058 = VECTOR( '', #3613, 1000.00000000000 );
#3059 = CARTESIAN_POINT( '', ( 19.9469432582465, 20.9210958029000, 0.300000000000000 ) );
#3060 = VECTOR( '', #3614, 1000.00000000000 );
#3061 = COLOUR_RGB( '', 0.752941191196442, 0.752941191196442, 0.752941191196442 );
#3062 = CARTESIAN_POINT( '', ( 25.4000000000000, 25.5000000000000, -3.00000000000000 ) );
#3063 = CARTESIAN_POINT( '', ( -0.600000000000045, 25.5000000000000, -3.00000000000000 ) );
#3064 = CARTESIAN_POINT( '', ( 4.00000000000000, 25.5000000000000, -3.00000000000000 ) );
#3065 = VECTOR( '', #3615, 1000.00000000000 );
#3066 = CARTESIAN_POINT( '', ( 25.4000000000000, 25.5000000000000, -0.100000000000000 ) );
#3067 = CARTESIAN_POINT( '', ( 25.4000000000000, 25.5000000000000, -3.20000000000000 ) );
#3068 = VECTOR( '', #3616, 1000.00000000000 );
#3069 = CARTESIAN_POINT( '', ( -0.600000000000045, 25.5000000000000, -0.100000000000000 ) );
#3070 = CARTESIAN_POINT( '', ( 4.40000000000000, 25.5000000000000, -0.100000000000000 ) );
#3071 = VECTOR( '', #3617, 1000.00000000000 );
#3072 = CARTESIAN_POINT( '', ( -0.600000000000045, 25.5000000000000, -3.20000000000000 ) );
#3073 = VECTOR( '', #3618, 1000.00000000000 );
#3074 = COLOUR_RGB( '', 0.666666686534882, 0.666666686534882, 0.800000011920929 );
#3075 = CARTESIAN_POINT( '', ( 20.9271088293010, 18.6974975000000, 0.200000000000000 ) );
#3076 = VECTOR( '', #3619, 1000.00000000000 );
#3077 = COLOUR_RGB( '', 0.666666686534882, 0.666666686534882, 0.800000011920929 );
#3078 = CARTESIAN_POINT( '', ( 12.2685446342010, 17.3419376597000, 0.200000000000000 ) );
#3079 = CARTESIAN_POINT( '', ( 12.2186124704629, 17.3393340037257, 0.300000000000000 ) );
#3080 = VECTOR( '', #3620, 1000.00000000000 );
#3081 = CARTESIAN_POINT( '', ( 11.9787257853010, 22.9000000000000, 0.200000000000000 ) );
#3082 = CARTESIAN_POINT( '', ( 11.9978656518120, 22.5329411573581, 0.200000000000000 ) );
#3083 = VECTOR( '', #3621, 1000.00000000000 );
#3084 = CARTESIAN_POINT( '', ( 11.9787257853010, 22.9000000000000, 0.200000000000000 ) );
#3085 = VECTOR( '', #3622, 1000.00000000000 );
#3086 = COLOUR_RGB( '', 0.666666686534882, 0.666666686534882, 0.800000011920929 );
#3087 = CARTESIAN_POINT( '', ( 25.4000000000000, -0.600000000000000, 0.000000000000000 ) );
#3088 = CARTESIAN_POINT( '', ( 25.4000000000000, -0.600000000000000, -3.20000000000000 ) );
#3089 = VECTOR( '', #3623, 1000.00000000000 );
#3090 = AXIS2_PLACEMENT_3D( '', #3624, #3625, #3626 );
#3091 = CARTESIAN_POINT( '', ( 25.4000000000000, -0.700000000000000, -3.00000000000000 ) );
#3092 = CARTESIAN_POINT( '', ( 25.4000000000000, -1.00000000000000, -3.00000000000000 ) );
#3093 = VECTOR( '', #3627, 1000.00000000000 );
#3094 = CARTESIAN_POINT( '', ( 25.4000000000000, -0.700000000000000, -0.100000000000000 ) );
#3095 = CARTESIAN_POINT( '', ( 25.4000000000000, -0.700000000000000, -3.20000000000000 ) );
#3096 = VECTOR( '', #3628, 1000.00000000000 );
#3097 = AXIS2_PLACEMENT_3D( '', #3629, #3630, #3631 );
#3098 = COLOUR_RGB( '', 0.666666686534882, 0.666666686534882, 0.800000011920929 );
#3099 = CARTESIAN_POINT( '', ( 15.8238763110297, 17.3166614816283, 0.300000000000000 ) );
#3100 = VECTOR( '', #3632, 1000.00000000000 );
#3101 = CARTESIAN_POINT( '', ( 19.0803549667297, 22.8747238219284, 0.300000000000000 ) );
#3102 = VECTOR( '', #3633, 1000.00000000000 );
#3103 = COLOUR_RGB( '', 0.666666686534882, 0.666666686534882, 0.800000011920929 );
#3104 = CARTESIAN_POINT( '', ( 14.1269164923010, 20.8710958029000, 0.200000000000000 ) );
#3105 = VECTOR( '', #3634, 1000.00000000000 );
#3106 = COLOUR_RGB( '', 0.752941191196442, 0.752941191196442, 0.752941191196442 );
#3107 = CARTESIAN_POINT( '', ( -1.00000000000000, 25.4000000000000, -3.00000000000000 ) );
#3108 = CARTESIAN_POINT( '', ( -1.00000000000000, -0.600000000000000, -3.00000000000000 ) );
#3109 = CARTESIAN_POINT( '', ( -1.00000000000000, 25.8000000000000, -3.00000000000000 ) );
#3110 = VECTOR( '', #3635, 1000.00000000000 );
#3111 = CARTESIAN_POINT( '', ( -1.00000000000000, -0.600000000000000, -0.100000000000000 ) );
#3112 = CARTESIAN_POINT( '', ( -1.00000000000000, -0.600000000000000, -3.20000000000000 ) );
#3113 = VECTOR( '', #3636, 1000.00000000000 );
#3114 = CARTESIAN_POINT( '', ( -1.00000000000000, 25.4000000000000, -0.100000000000000 ) );
#3115 = CARTESIAN_POINT( '', ( -1.00000000000000, 25.8000000000000, -0.100000000000000 ) );
#3116 = VECTOR( '', #3637, 1000.00000000000 );
#3117 = CARTESIAN_POINT( '', ( -1.00000000000000, 25.4000000000000, -3.20000000000000 ) );
#3118 = VECTOR( '', #3638, 1000.00000000000 );
#3119 = COLOUR_RGB( '', 0.666666686534882, 0.666666686534882, 0.800000011920929 );
#3120 = CARTESIAN_POINT( '', ( 19.0372143267010, 22.9500000000000, 0.300000000000000 ) );
#3121 = VECTOR( '', #3639, 1000.00000000000 );
#3122 = COLOUR_RGB( '', 0.666666686534882, 0.666666686534882, 0.800000011920929 );
#3123 = CARTESIAN_POINT( '', ( 18.5732457862011, 18.6974975000000, 0.200000000000000 ) );
#3124 = CARTESIAN_POINT( '', ( 18.5732457862011, 18.6474975000000, 0.300000000000000 ) );
#3125 = VECTOR( '', #3640, 1000.00000000000 );
#3126 = CARTESIAN_POINT( '', ( 19.1232970231080, 17.6688453950384, 2.25730420992311 ) );
#3127 = VECTOR( '', #3641, 1000.00000000000 );
#3128 = CARTESIAN_POINT( '', ( 16.1902716670010, 18.6974975000000, 0.200000000000000 ) );
#3129 = VECTOR( '', #3642, 1000.00000000000 );
#3130 = COLOUR_RGB( '', 0.666666686534882, 0.666666686534882, 0.800000011920929 );
#3131 = CARTESIAN_POINT( '', ( 19.8580088676010, 20.8710958029000, 0.200000000000000 ) );
#3132 = CARTESIAN_POINT( '', ( 19.8580088676010, 20.8710958029000, 0.200000000000000 ) );
#3133 = VECTOR( '', #3643, 1000.00000000000 );
#3134 = CARTESIAN_POINT( '', ( 20.2510083943010, 21.5172238874000, 0.200000000000000 ) );
#3135 = CARTESIAN_POINT( '', ( 17.3006525007569, 16.6665620606645, 0.200000000000000 ) );
#3136 = VECTOR( '', #3644, 1000.00000000000 );
#3137 = CARTESIAN_POINT( '', ( 20.2510083943010, 21.5172238874000, 0.200000000000000 ) );
#3138 = VECTOR( '', #3645, 1000.00000000000 );
#3139 = COLOUR_RGB( '', 0.666666686534882, 0.666666686534882, 0.800000011920929 );
#3140 = CARTESIAN_POINT( '', ( 20.6634227733868, 21.3353196205653, 3.32936075886940 ) );
#3141 = VECTOR( '', #3646, 1000.00000000000 );
#3142 = CARTESIAN_POINT( '', ( 19.4296970888010, 22.9000000000000, 0.200000000000000 ) );
#3143 = CARTESIAN_POINT( '', ( 16.1902716670010, 22.9000000000000, 0.200000000000000 ) );
#3144 = VECTOR( '', #3647, 1000.00000000000 );
#3145 = CARTESIAN_POINT( '', ( 19.2290261031275, 23.2492248123823, -0.498449624764568 ) );
#3146 = VECTOR( '', #3648, 1000.00000000000 );
#3147 = COLOUR_RGB( '', 0.752941191196442, 0.752941191196442, 0.752941191196442 );
#3148 = CARTESIAN_POINT( '', ( 25.8000000000000, -0.600000000000000, -0.100000000000000 ) );
#3149 = CARTESIAN_POINT( '', ( 25.8000000000000, 14.0000000000000, -0.100000000000000 ) );
#3150 = VECTOR( '', #3649, 1000.00000000000 );
#3151 = CARTESIAN_POINT( '', ( 25.8000000000000, -0.600000000000000, -3.20000000000000 ) );
#3152 = VECTOR( '', #3650, 1000.00000000000 );
#3153 = COLOUR_RGB( '', 0.752941191196442, 0.752941191196442, 0.752941191196442 );
#3154 = CARTESIAN_POINT( '', ( -0.600000000000045, -0.700000000000000, -0.100000000000000 ) );
#3155 = CARTESIAN_POINT( '', ( 20.4000000000000, -0.700000000000000, -0.100000000000000 ) );
#3156 = VECTOR( '', #3651, 1000.00000000000 );
#3157 = CARTESIAN_POINT( '', ( -0.600000000000045, -0.700000000000000, -3.00000000000000 ) );
#3158 = CARTESIAN_POINT( '', ( 4.00000000000000, -0.700000000000000, -3.00000000000000 ) );
#3159 = VECTOR( '', #3652, 1000.00000000000 );
#3160 = CARTESIAN_POINT( '', ( -0.600000000000045, -0.700000000000000, -3.20000000000000 ) );
#3161 = VECTOR( '', #3653, 1000.00000000000 );
#3162 = COLOUR_RGB( '', 0.666666686534882, 0.666666686534882, 0.800000011920929 );
#3163 = CARTESIAN_POINT( '', ( -0.600000000000045, -0.600000000000000, 0.000000000000000 ) );
#3164 = CARTESIAN_POINT( '', ( -0.600000000000045, 25.4000000000000, 0.000000000000000 ) );
#3165 = CARTESIAN_POINT( '', ( -0.600000000000045, 25.4000000000000, 0.000000000000000 ) );
#3166 = VECTOR( '', #3654, 1000.00000000000 );
#3167 = AXIS2_PLACEMENT_3D( '', #3655, #3656, #3657 );
#3168 = AXIS2_PLACEMENT_3D( '', #3658, #3659, #3660 );
#3169 = COLOUR_RGB( '', 0.666666686534882, 0.666666686534882, 0.800000011920929 );
#3170 = CARTESIAN_POINT( '', ( 13.3290560506368, 22.8500000000000, 0.300000000000000 ) );
#3171 = CARTESIAN_POINT( '', ( 13.4632281898245, 20.0140041713647, 0.300000000000000 ) );
#3172 = CARTESIAN_POINT( '', ( 13.4632281898245, 20.0140041713647, 0.300000000000000 ) );
#3173 = VECTOR( '', #3661, 1000.00000000000 );
#3174 = CARTESIAN_POINT( '', ( 12.0314009069422, 22.8500000000000, 0.300000000000000 ) );
#3175 = CARTESIAN_POINT( '', ( 13.3290560506368, 22.8500000000000, 0.300000000000000 ) );
#3176 = VECTOR( '', #3662, 1000.00000000000 );
#3177 = CARTESIAN_POINT( '', ( 12.3160053694040, 17.3919376597000, 0.300000000000000 ) );
#3178 = CARTESIAN_POINT( '', ( 12.0314009069422, 22.8500000000000, 0.300000000000000 ) );
#3179 = VECTOR( '', #3663, 1000.00000000000 );
#3180 = CARTESIAN_POINT( '', ( 13.5544929968901, 17.3919376597000, 0.300000000000000 ) );
#3181 = CARTESIAN_POINT( '', ( 12.3160053694040, 17.3919376597000, 0.300000000000000 ) );
#3182 = VECTOR( '', #3664, 1000.00000000000 );
#3183 = CARTESIAN_POINT( '', ( 13.5544929968901, 17.3919376597000, 0.300000000000000 ) );
#3184 = VECTOR( '', #3665, 1000.00000000000 );
#3185 = CARTESIAN_POINT( '', ( 14.3919716433922, 17.3919376597000, 0.300000000000000 ) );
#3186 = CARTESIAN_POINT( '', ( 14.2616798685341, 18.3037333191075, 0.300000000000000 ) );
#3187 = VECTOR( '', #3666, 1000.00000000000 );
#3188 = CARTESIAN_POINT( '', ( 14.3919716433922, 17.3919376597000, 0.300000000000000 ) );
#3189 = VECTOR( '', #3667, 1000.00000000000 );
#3190 = CARTESIAN_POINT( '', ( 15.7725168466379, 19.9588858156946, 0.300000000000000 ) );
#3191 = CARTESIAN_POINT( '', ( 17.4970560806113, 22.8500000000000, 0.300000000000000 ) );
#3192 = VECTOR( '', #3668, 1000.00000000000 );
#3193 = CARTESIAN_POINT( '', ( 15.6803087224310, 19.9759712147063, 0.300000000000000 ) );
#3194 = AXIS2_PLACEMENT_3D( '', #3669, #3670, #3671 );
#3195 = CARTESIAN_POINT( '', ( 15.5340087403043, 20.8210958029000, 0.300000000000000 ) );
#3196 = CARTESIAN_POINT( '', ( 15.6803087224310, 19.9759712147063, 0.300000000000000 ) );
#3197 = VECTOR( '', #3672, 1000.00000000000 );
#3198 = CARTESIAN_POINT( '', ( 15.5340087403043, 20.8210958029000, 0.300000000000000 ) );
#3199 = VECTOR( '', #3673, 1000.00000000000 );
#3200 = AXIS2_PLACEMENT_3D( '', #3674, #3675, #3676 );
#3201 = COLOUR_RGB( '', 0.666666686534882, 0.666666686534882, 0.800000011920929 );
#3202 = CARTESIAN_POINT( '', ( 21.3926276639010, 19.4901283667000, 0.200000000000000 ) );
#3203 = CARTESIAN_POINT( '', ( 21.3926276639010, 19.4901283667000, 0.200000000000000 ) );
#3204 = VECTOR( '', #3677, 1000.00000000000 );
#3205 = CARTESIAN_POINT( '', ( 21.3926276639010, 19.4901283667000, 0.200000000000000 ) );
#3206 = VECTOR( '', #3678, 1000.00000000000 );
#3207 = COLOUR_RGB( '', 0.666666686534882, 0.666666686534882, 0.800000011920929 );
#3208 = CARTESIAN_POINT( '', ( 13.5813852623010, 17.3419376597000, 0.200000000000000 ) );
#3209 = CARTESIAN_POINT( '', ( 13.4867584730092, 17.5178744724711, 0.551873625542269 ) );
#3210 = VECTOR( '', #3679, 1000.00000000000 );
#3211 = CARTESIAN_POINT( '', ( 17.7956580239950, 23.7203119856590, 0.200000000000000 ) );
#3212 = VECTOR( '', #3680, 1000.00000000000 );
#3213 = COLOUR_RGB( '', 0.752941191196442, 0.752941191196442, 0.752941191196442 );
#3214 = CARTESIAN_POINT( '', ( 25.5000000000000, -0.600000000000000, -0.100000000000000 ) );
#3215 = CARTESIAN_POINT( '', ( 25.5000000000000, -0.600000000000000, -3.20000000000000 ) );
#3216 = VECTOR( '', #3681, 1000.00000000000 );
#3217 = CARTESIAN_POINT( '', ( 25.5000000000000, 25.4000000000000, -0.100000000000000 ) );
#3218 = VECTOR( '', #3682, 1000.00000000000 );
#3219 = COLOUR_RGB( '', 0.666666686534882, 0.666666686534882, 0.800000011920929 );
#3220 = CARTESIAN_POINT( '', ( 11.9787257853010, 22.9000000000000, 0.200000000000000 ) );
#3221 = VECTOR( '', #3683, 1000.00000000000 );
#3222 = COLOUR_RGB( '', 0.666666686534882, 0.666666686534882, 0.800000011920929 );
#3223 = AXIS2_PLACEMENT_3D( '', #3684, #3685, #3686 );
#3224 = COLOUR_RGB( '', 0.666666686534882, 0.666666686534882, 0.800000011920929 );
#3225 = CARTESIAN_POINT( '', ( 19.0397981501010, 19.4901283667000, 0.200000000000000 ) );
#3226 = CARTESIAN_POINT( '', ( 16.1902716670010, 19.4901283667000, 0.200000000000000 ) );
#3227 = VECTOR( '', #3687, 1000.00000000000 );
#3228 = CARTESIAN_POINT( '', ( 19.2110236675656, 19.1906575037016, 0.798941725996762 ) );
#3229 = VECTOR( '', #3688, 1000.00000000000 );
#3230 = COLOUR_RGB( '', 0.666666686534882, 0.666666686534882, 0.800000011920929 );
#3231 = CARTESIAN_POINT( '', ( 18.9657605369926, 18.9219218084080, 0.648848616815991 ) );
#3232 = VECTOR( '', #3689, 1000.00000000000 );
#3233 = COLOUR_RGB( '', 0.666666686534882, 0.666666686534882, 0.800000011920929 );
#3234 = CARTESIAN_POINT( '', ( 13.3767464555010, 22.9000000000000, 0.200000000000000 ) );
#3235 = CARTESIAN_POINT( '', ( 13.3767464555010, 22.9000000000000, 0.200000000000000 ) );
#3236 = VECTOR( '', #3690, 1000.00000000000 );
#3237 = CARTESIAN_POINT( '', ( 13.3893878463158, 22.6327989861681, 0.200000000000000 ) );
#3238 = VECTOR( '', #3691, 1000.00000000000 );
#3239 = COLOUR_RGB( '', 0.666666686534882, 0.666666686534882, 0.800000011920929 );
#3240 = AXIS2_PLACEMENT_3D( '', #3692, #3693, #3694 );
#3241 = COLOUR_RGB( '', 0.666666686534882, 0.666666686534882, 0.800000011920929 );
#3242 = CARTESIAN_POINT( '', ( 14.3486085330010, 17.3419376597000, 0.200000000000000 ) );
#3243 = CARTESIAN_POINT( '', ( 13.6640995058706, 22.1322044316626, 0.200000000000000 ) );
#3244 = VECTOR( '', #3695, 1000.00000000000 );
#3245 = CARTESIAN_POINT( '', ( 14.5124080938471, 17.5308073687317, 0.577739418063416 ) );
#3246 = VECTOR( '', #3696, 1000.00000000000 );
#3247 = COLOUR_RGB( '', 0.666666686534882, 0.666666686534882, 0.800000011920929 );
#3248 = CARTESIAN_POINT( '', ( 25.4000000000000, 25.8000000000000, -3.00000000000000 ) );
#3249 = CARTESIAN_POINT( '', ( -0.600000000000045, 25.8000000000000, -3.00000000000000 ) );
#3250 = CARTESIAN_POINT( '', ( 20.8000000000000, 25.8000000000000, -3.00000000000000 ) );
#3251 = VECTOR( '', #3697, 1000.00000000000 );
#3252 = CARTESIAN_POINT( '', ( 25.4000000000000, 14.0000000000000, -3.00000000000000 ) );
#3253 = VECTOR( '', #3698, 1000.00000000000 );
#3254 = CARTESIAN_POINT( '', ( -0.600000000000045, 25.8000000000000, -3.00000000000000 ) );
#3255 = VECTOR( '', #3699, 1000.00000000000 );
#3256 = COLOUR_RGB( '', 0.666666686534882, 0.666666686534882, 0.800000011920929 );
#3257 = CARTESIAN_POINT( '', ( 19.4296970888010, 22.9500000000000, 0.300000000000000 ) );
#3258 = VECTOR( '', #3700, 1000.00000000000 );
#3259 = COLOUR_RGB( '', 0.666666686534882, 0.666666686534882, 0.800000011920929 );
#3260 = AXIS2_PLACEMENT_3D( '', #3701, #3702, #3703 );
#3261 = AXIS2_PLACEMENT_3D( '', #3704, #3705, #3706 );
#3262 = COLOUR_RGB( '', 0.666666686534882, 0.666666686534882, 0.800000011920929 );
#3263 = CARTESIAN_POINT( '', ( 19.0372143267010, 17.3419376597000, 0.200000000000000 ) );
#3264 = VECTOR( '', #3707, 1000.00000000000 );
#3265 = COLOUR_RGB( '', 0.666666686534882, 0.666666686534882, 0.800000011920929 );
#3266 = CARTESIAN_POINT( '', ( 20.2510083943010, 21.5172238874000, 0.200000000000000 ) );
#3267 = VECTOR( '', #3708, 1000.00000000000 );
#3268 = CARTESIAN_POINT( '', ( 22.5860956547010, 21.5172238874000, 0.200000000000000 ) );
#3269 = CARTESIAN_POINT( '', ( 16.1902716670010, 21.5172238874000, 0.200000000000000 ) );
#3270 = VECTOR( '', #3709, 1000.00000000000 );
#3271 = CARTESIAN_POINT( '', ( 23.0060271829676, 20.7827767299512, -1.26889431489754 ) );
#3272 = VECTOR( '', #3710, 1000.00000000000 );
#3273 = COLOUR_RGB( '', 0.666666686534882, 0.666666686534882, 0.800000011920929 );
#3274 = CARTESIAN_POINT( '', ( 4.40000000000000, -0.600000000000000, 0.000000000000000 ) );
#3275 = VECTOR( '', #3711, 1000.00000000000 );
#3276 = AXIS2_PLACEMENT_3D( '', #3712, #3713, #3714 );
#3277 = COLOUR_RGB( '', 0.666666686534882, 0.666666686534882, 0.800000011920929 );
#3278 = CARTESIAN_POINT( '', ( 19.0397981501010, 19.5401283667000, 0.300000000000000 ) );
#3279 = VECTOR( '', #3715, 1000.00000000000 );
#3280 = CARTESIAN_POINT( '', ( 21.6692239829515, 19.0078416013398, -0.764573530720290 ) );
#3281 = VECTOR( '', #3716, 1000.00000000000 );
#3282 = COLOUR_RGB( '', 0.666666686534882, 0.666666686534882, 0.800000011920929 );
#3283 = CARTESIAN_POINT( '', ( -0.600000000000045, 10.8000000000000, -3.00000000000000 ) );
#3284 = VECTOR( '', #3717, 1000.00000000000 );
#3285 = COLOUR_RGB( '', 0.666666686534882, 0.666666686534882, 0.800000011920929 );
#3286 = COLOUR_RGB( '', 0.666666686534882, 0.666666686534882, 0.800000011920929 );
#3287 = CARTESIAN_POINT( '', ( 19.0372143267010, 22.9000000000000, 0.200000000000000 ) );
#3288 = VECTOR( '', #3718, 1000.00000000000 );
#3289 = CARTESIAN_POINT( '', ( 13.3767464555010, 22.9000000000000, 0.200000000000000 ) );
#3290 = VECTOR( '', #3719, 1000.00000000000 );
#3291 = COLOUR_RGB( '', 0.666666686534882, 0.666666686534882, 0.800000011920929 );
#3292 = CARTESIAN_POINT( '', ( -0.600000000000045, 25.4000000000000, -3.20000000000000 ) );
#3293 = VECTOR( '', #3720, 1000.00000000000 );
#3294 = CARTESIAN_POINT( '', ( 15.8000000000000, 25.4000000000000, -3.00000000000000 ) );
#3295 = VECTOR( '', #3721, 1000.00000000000 );
#3296 = COLOUR_RGB( '', 0.666666686534882, 0.666666686534882, 0.800000011920929 );
#3297 = CARTESIAN_POINT( '', ( 25.4000000000000, 25.8000000000000, -0.100000000000000 ) );
#3298 = CARTESIAN_POINT( '', ( 25.4000000000000, 25.8000000000000, -3.20000000000000 ) );
#3299 = VECTOR( '', #3722, 1000.00000000000 );
#3300 = AXIS2_PLACEMENT_3D( '', #3723, #3724, #3725 );
#3301 = AXIS2_PLACEMENT_3D( '', #3726, #3727, #3728 );
#3302 = COLOUR_RGB( '', 0.666666686534882, 0.666666686534882, 0.800000011920929 );
#3303 = CARTESIAN_POINT( '', ( 13.6231020592428, 17.3143748432090, 0.300000000000000 ) );
#3304 = VECTOR( '', #3729, 1000.00000000000 );
#3305 = CARTESIAN_POINT( '', ( 13.5813852623010, 17.2919376597000, 0.300000000000000 ) );
#3306 = VECTOR( '', #3730, 1000.00000000000 );
#3307 = COLOUR_RGB( '', 0.666666686534882, 0.666666686534882, 0.800000011920929 );
#3308 = CARTESIAN_POINT( '', ( -0.600000000000045, 25.8000000000000, -0.100000000000000 ) );
#3309 = CARTESIAN_POINT( '', ( 20.8000000000000, 25.8000000000000, -0.100000000000000 ) );
#3310 = VECTOR( '', #3731, 1000.00000000000 );
#3311 = AXIS2_PLACEMENT_3D( '', #3732, #3733, #3734 );
#3312 = COLOUR_RGB( '', 0.666666686534882, 0.666666686534882, 0.800000011920929 );
#3313 = CARTESIAN_POINT( '', ( 15.7295759693010, 19.9844998949000, 0.200000000000000 ) );
#3314 = CARTESIAN_POINT( '', ( 15.7725168466379, 19.9588858156946, 0.300000000000000 ) );
#3315 = VECTOR( '', #3735, 1000.00000000000 );
#3316 = CARTESIAN_POINT( '', ( 17.8803004818251, 23.5900949560022, 0.200000000000000 ) );
#3317 = VECTOR( '', #3736, 1000.00000000000 );
#3318 = COLOUR_RGB( '', 0.666666686534882, 0.666666686534882, 0.800000011920929 );
#3319 = CARTESIAN_POINT( '', ( 15.5760968642010, 20.8710958029000, 0.200000000000000 ) );
#3320 = CARTESIAN_POINT( '', ( 19.0372143267010, 20.8710958029000, 0.200000000000000 ) );
#3321 = VECTOR( '', #3737, 1000.00000000000 );
#3322 = CARTESIAN_POINT( '', ( 15.5760968642010, 20.8710958029000, 0.200000000000000 ) );
#3323 = VECTOR( '', #3738, 1000.00000000000 );
#3324 = COLOUR_RGB( '', 0.666666686534882, 0.666666686534882, 0.800000011920929 );
#3325 = CARTESIAN_POINT( '', ( 22.6291854644100, 21.4918611529409, 0.300000000000000 ) );
#3326 = VECTOR( '', #3739, 1000.00000000000 );
#3327 = CARTESIAN_POINT( '', ( 19.1151762821068, 15.6203338844174, 0.200000000000000 ) );
#3328 = VECTOR( '', #3740, 1000.00000000000 );
#3329 = COLOUR_RGB( '', 0.666666686534882, 0.666666686534882, 0.800000011920929 );
#3330 = CARTESIAN_POINT( '', ( 18.5301561785596, 18.7228605777569, 0.300000000000000 ) );
#3331 = VECTOR( '', #3741, 1000.00000000000 );
#3332 = COLOUR_RGB( '', 0.666666686534882, 0.666666686534882, 0.800000011920929 );
#3333 = CARTESIAN_POINT( '', ( 12.8919931044111, 22.3917705642570, 1.21645887148605 ) );
#3334 = VECTOR( '', #3742, 1000.00000000000 );
#3335 = CARTESIAN_POINT( '', ( 12.2671220806795, 22.6262499958303, 0.747500008339503 ) );
#3336 = VECTOR( '', #3743, 1000.00000000000 );
#3337 = COLOUR_RGB( '', 0.666666686534882, 0.666666686534882, 0.800000011920929 );
#3338 = CARTESIAN_POINT( '', ( 15.0977519819288, 22.2389162455617, -2.66866238360869 ) );
#3339 = VECTOR( '', #3744, 1000.00000000000 );
#3340 = COLOUR_RGB( '', 0.666666686534882, 0.666666686534882, 0.800000011920929 );
#3341 = CARTESIAN_POINT( '', ( 13.4632281898245, 20.0140041713647, 0.300000000000000 ) );
#3342 = VECTOR( '', #3745, 1000.00000000000 );
#3343 = COLOUR_RGB( '', 0.666666686534882, 0.666666686534882, 0.800000011920929 );
#3344 = CARTESIAN_POINT( '', ( 22.2005892155010, 20.8710958029000, 0.200000000000000 ) );
#3345 = CARTESIAN_POINT( '', ( 22.2005892155010, 20.8710958029000, 0.200000000000000 ) );
#3346 = VECTOR( '', #3746, 1000.00000000000 );
#3347 = CARTESIAN_POINT( '', ( 19.1296280541191, 15.6222106878778, 0.200000000000000 ) );
#3348 = VECTOR( '', #3747, 1000.00000000000 );
#3349 = COLOUR_RGB( '', 0.666666686534882, 0.666666686534882, 0.800000011920929 );
#3350 = AXIS2_PLACEMENT_3D( '', #3748, #3749, #3750 );
#3351 = CARTESIAN_POINT( '', ( 25.4000000000000, 14.4000000000000, 0.000000000000000 ) );
#3352 = VECTOR( '', #3751, 1000.00000000000 );
#3353 = COLOUR_RGB( '', 0.666666686534882, 0.666666686534882, 0.800000011920929 );
#3354 = CARTESIAN_POINT( '', ( 13.1505138993255, 18.2710944261851, 2.05831353297010 ) );
#3355 = VECTOR( '', #3752, 1000.00000000000 );
#3356 = COLOUR_RGB( '', 0.666666686534882, 0.666666686534882, 0.800000011920929 );
#3357 = CARTESIAN_POINT( '', ( 22.2005892155010, 20.9210958029000, 0.300000000000000 ) );
#3358 = VECTOR( '', #3753, 1000.00000000000 );
#3359 = COLOUR_RGB( '', 0.666666686534882, 0.666666686534882, 0.800000011920929 );
#3360 = CARTESIAN_POINT( '', ( 16.1902716670010, 17.3419376597000, 0.200000000000000 ) );
#3361 = CARTESIAN_POINT( '', ( 16.1902716670010, 17.3419376597000, 0.200000000000000 ) );
#3362 = VECTOR( '', #3754, 1000.00000000000 );
#3363 = CARTESIAN_POINT( '', ( 16.1902716670010, 17.3419376597000, 0.200000000000000 ) );
#3364 = VECTOR( '', #3755, 1000.00000000000 );
#3365 = COLOUR_RGB( '', 0.666666686534882, 0.666666686534882, 0.800000011920929 );
#3366 = CARTESIAN_POINT( '', ( 15.6803087224310, 19.9759712147063, 0.300000000000000 ) );
#3367 = VECTOR( '', #3756, 1000.00000000000 );
#3368 = COLOUR_RGB( '', 0.666666686534882, 0.666666686534882, 0.800000011920929 );
#3369 = CARTESIAN_POINT( '', ( 17.3674840598712, 16.6490158372223, 0.200000000000000 ) );
#3370 = VECTOR( '', #3757, 1000.00000000000 );
#3371 = COLOUR_RGB( '', 0.666666686534882, 0.666666686534882, 0.800000011920929 );
#3372 = CARTESIAN_POINT( '', ( 18.9967085424595, 19.5154914444569, 0.300000000000000 ) );
#3373 = VECTOR( '', #3758, 1000.00000000000 );
#3374 = COLOUR_RGB( '', 0.666666686534882, 0.666666686534882, 0.800000011920929 );
#3375 = CARTESIAN_POINT( '', ( 19.9278871317982, 19.5676782600593, 2.80683508568140 ) );
#3376 = VECTOR( '', #3759, 1000.00000000000 );
#3377 = COLOUR_RGB( '', 0.666666686534882, 0.666666686534882, 0.800000011920929 );
#3378 = CARTESIAN_POINT( '', ( 16.1902716670010, 17.3419376597000, 0.200000000000000 ) );
#3379 = VECTOR( '', #3760, 1000.00000000000 );
#3380 = CARTESIAN_POINT( '', ( 16.1902716670010, 17.3419376597000, 0.200000000000000 ) );
#3381 = VECTOR( '', #3761, 1000.00000000000 );
#3382 = COLOUR_RGB( '', 0.666666686534882, 0.666666686534882, 0.800000011920929 );
#3383 = CARTESIAN_POINT( '', ( 16.2134863566034, 22.5961140027576, 2.04458216117705 ) );
#3384 = VECTOR( '', #3762, 1000.00000000000 );
#3385 = COLOUR_RGB( '', 0.666666686534882, 0.666666686534882, 0.800000011920929 );
#3386 = CARTESIAN_POINT( '', ( -0.600000000000045, -0.600000000000000, -3.20000000000000 ) );
#3387 = VECTOR( '', #3763, 1000.00000000000 );
#3388 = CARTESIAN_POINT( '', ( -1.00000000000000, -0.600000000000000, -3.00000000000000 ) );
#3389 = VECTOR( '', #3764, 1000.00000000000 );
#3390 = COLOUR_RGB( '', 0.666666686534882, 0.666666686534882, 0.800000011920929 );
#3391 = CARTESIAN_POINT( '', ( 20.2474484775634, 17.1273738273424, -0.229127664715200 ) );
#3392 = VECTOR( '', #3765, 1000.00000000000 );
#3393 = COLOUR_RGB( '', 0.666666686534882, 0.666666686534882, 0.800000011920929 );
#3394 = CARTESIAN_POINT( '', ( 15.4275491736812, 20.6946235860767, 0.552944433646641 ) );
#3395 = VECTOR( '', #3766, 1000.00000000000 );
#3396 = CARTESIAN_POINT( '', ( 15.3357935898043, 22.2592450211292, 0.200000000000000 ) );
#3397 = VECTOR( '', #3767, 1000.00000000000 );
#3398 = COLOUR_RGB( '', 0.666666686534882, 0.666666686534882, 0.800000011920929 );
#3399 = CARTESIAN_POINT( '', ( 15.5760968642010, 20.8710958029000, 0.200000000000000 ) );
#3400 = VECTOR( '', #3768, 1000.00000000000 );
#3401 = COLOUR_RGB( '', 0.666666686534882, 0.666666686534882, 0.800000011920929 );
#3402 = COLOUR_RGB( '', 0.666666686534882, 0.666666686534882, 0.800000011920929 );
#3403 = CARTESIAN_POINT( '', ( 20.1946616137831, 21.0603660861609, 0.578540566521617 ) );
#3404 = VECTOR( '', #3769, 1000.00000000000 );
#3405 = CARTESIAN_POINT( '', ( 20.4162867570787, 21.2232452777897, 0.787957219220540 ) );
#3406 = VECTOR( '', #3770, 1000.00000000000 );
#3407 = COLOUR_RGB( '', 0.666666686534882, 0.666666686534882, 0.800000011920929 );
#3408 = CARTESIAN_POINT( '', ( 15.7807356710010, 17.2919376597000, 0.300000000000000 ) );
#3409 = VECTOR( '', #3771, 1000.00000000000 );
#3410 = COLOUR_RGB( '', 0.666666686534882, 0.666666686534882, 0.800000011920929 );
#3411 = CARTESIAN_POINT( '', ( 14.3486085330010, 17.2919376597000, 0.300000000000000 ) );
#3412 = VECTOR( '', #3772, 1000.00000000000 );
#3413 = COLOUR_RGB( '', 0.666666686534882, 0.666666686534882, 0.800000011920929 );
#3414 = CARTESIAN_POINT( '', ( 14.2991113262679, 17.3348647164926, 0.300000000000000 ) );
#3415 = VECTOR( '', #3773, 1000.00000000000 );
#3416 = COLOUR_RGB( '', 0.666666686534882, 0.666666686534882, 0.800000011920929 );
#3417 = CARTESIAN_POINT( '', ( 19.8580088676010, 20.8710958029000, 0.200000000000000 ) );
#3418 = VECTOR( '', #3774, 1000.00000000000 );
#3419 = COLOUR_RGB( '', 0.666666686534882, 0.666666686534882, 0.800000011920929 );
#3420 = CARTESIAN_POINT( '', ( 16.1470733290923, 17.3671151020230, 0.300000000000000 ) );
#3421 = VECTOR( '', #3775, 1000.00000000000 );
#3422 = COLOUR_RGB( '', 0.666666686534882, 0.666666686534882, 0.800000011920929 );
#3423 = CARTESIAN_POINT( '', ( 22.5860956547010, 21.4672238874000, 0.300000000000000 ) );
#3424 = VECTOR( '', #3776, 1000.00000000000 );
#3425 = COLOUR_RGB( '', 0.666666686534882, 0.666666686534882, 0.800000011920929 );
#3426 = COLOUR_RGB( '', 0.666666686534882, 0.666666686534882, 0.800000011920929 );
#3427 = CARTESIAN_POINT( '', ( 20.4000000000000, 25.4000000000000, 0.000000000000000 ) );
#3428 = VECTOR( '', #3777, 1000.00000000000 );
#3429 = COLOUR_RGB( '', 0.666666686534882, 0.666666686534882, 0.800000011920929 );
#3430 = COLOUR_RGB( '', 0.666666686534882, 0.666666686534882, 0.800000011920929 );
#3431 = CARTESIAN_POINT( '', ( 19.0372143267010, 17.3419376597000, 0.200000000000000 ) );
#3432 = VECTOR( '', #3778, 1000.00000000000 );
#3433 = COLOUR_RGB( '', 0.666666686534882, 0.666666686534882, 0.800000011920929 );
#3434 = COLOUR_RGB( '', 0.666666686534882, 0.666666686534882, 0.800000011920929 );
#3435 = CARTESIAN_POINT( '', ( -0.600000000000045, 25.8000000000000, -3.20000000000000 ) );
#3436 = VECTOR( '', #3779, 1000.00000000000 );
#3437 = AXIS2_PLACEMENT_3D( '', #3780, #3781, #3782 );
#3438 = COLOUR_RGB( '', 0.752941191196442, 0.752941191196442, 0.752941191196442 );
#3439 = COLOUR_RGB( '', 0.666666686534882, 0.666666686534882, 0.800000011920929 );
#3440 = COLOUR_RGB( '', 0.666666686534882, 0.666666686534882, 0.800000011920929 );
#3441 = CARTESIAN_POINT( '', ( 16.1902716670010, 20.8710958029000, 0.200000000000000 ) );
#3442 = VECTOR( '', #3783, 1000.00000000000 );
#3443 = COLOUR_RGB( '', 0.666666686534882, 0.666666686534882, 0.800000011920929 );
#3444 = COLOUR_RGB( '', 0.666666686534882, 0.666666686534882, 0.800000011920929 );
#3445 = CARTESIAN_POINT( '', ( 19.3864987508924, 22.9251774423231, 0.300000000000000 ) );
#3446 = VECTOR( '', #3784, 1000.00000000000 );
#3447 = COLOUR_RGB( '', 0.666666686534882, 0.666666686534882, 0.800000011920929 );
#3448 = CARTESIAN_POINT( '', ( 12.2685446342010, 17.2919376597000, 0.300000000000000 ) );
#3449 = VECTOR( '', #3785, 1000.00000000000 );
#3450 = COLOUR_RGB( '', 0.666666686534882, 0.666666686534882, 0.800000011920929 );
#3451 = COLOUR_RGB( '', 0.666666686534882, 0.666666686534882, 0.800000011920929 );
#3452 = COLOUR_RGB( '', 0.666666686534882, 0.666666686534882, 0.800000011920929 );
#3453 = COLOUR_RGB( '', 0.666666686534882, 0.666666686534882, 0.800000011920929 );
#3454 = COLOUR_RGB( '', 0.666666686534882, 0.666666686534882, 0.800000011920929 );
#3455 = COLOUR_RGB( '', 0.666666686534882, 0.666666686534882, 0.800000011920929 );
#3456 = COLOUR_RGB( '', 0.666666686534882, 0.666666686534882, 0.800000011920929 );
#3457 = COLOUR_RGB( '', 0.666666686534882, 0.666666686534882, 0.800000011920929 );
#3458 = COLOUR_RGB( '', 0.666666686534882, 0.666666686534882, 0.800000011920929 );
#3459 = COLOUR_RGB( '', 0.666666686534882, 0.666666686534882, 0.800000011920929 );
#3460 = COLOUR_RGB( '', 0.666666686534882, 0.666666686534882, 0.800000011920929 );
#3461 = DIRECTION( '', ( -0.373126375061939, 0.246529325300554, 0.894427190999911 ) );
#3462 = DIRECTION( '', ( 0.442716475806766, 0.0632623272513204, 0.894427190999907 ) );
#3463 = CARTESIAN_POINT( '', ( 14.2121826618010, 18.2966603759001, 0.300000000000000 ) );
#3464 = DIRECTION( '', ( 0.000000000000000, 0.000000000000000, 1.00000000000000 ) );
#3465 = DIRECTION( '', ( -0.219173375138329, -0.975685928785730, 0.000000000000000 ) );
#3466 = DIRECTION( '', ( 0.615200292903915, 0.352570163119617, -0.705140326239213 ) );
#3467 = DIRECTION( '', ( -0.505523561433290, -0.862812800574842, 0.000000000000000 ) );
#3468 = DIRECTION( '', ( -0.248272673756007, 0.433211421702172, 0.866422843404320 ) );
#3469 = DIRECTION( '', ( -0.505523561433289, -0.862812800574843, 0.000000000000000 ) );
#3470 = DIRECTION( '', ( -0.384074882954810, 0.229099289137349, 0.894427190999922 ) );
#3471 = DIRECTION( '', ( 0.000000000000000, -0.447213595499968, -0.894427190999911 ) );
#3472 = CARTESIAN_POINT( '', ( 17.4686613175010, 22.9000000000000, 0.300000000000000 ) );
#3473 = DIRECTION( '', ( 0.000000000000000, 0.000000000000000, -1.00000000000000 ) );
#3474 = DIRECTION( '', ( 0.493821028254066, -0.869563564125186, 0.000000000000000 ) );
#3475 = DIRECTION( '', ( 0.000000000000000, 0.000000000000000, 1.00000000000000 ) );
#3476 = CARTESIAN_POINT( '', ( 25.4000000000000, 25.4000000000000, -0.100000000000000 ) );
#3477 = DIRECTION( '', ( 0.000000000000000, 1.00000000000000, 0.000000000000000 ) );
#3478 = DIRECTION( '', ( 0.000000000000000, 0.000000000000000, 1.00000000000000 ) );
#3479 = DIRECTION( '', ( 0.000000000000000, 0.000000000000000, 1.00000000000000 ) );
#3480 = DIRECTION( '', ( -1.00000000000000, 0.000000000000000, 0.000000000000000 ) );
#3481 = DIRECTION( '', ( 0.000000000000000, 0.000000000000000, 1.00000000000000 ) );
#3482 = CARTESIAN_POINT( '', ( 25.4000000000000, 25.4000000000000, -0.100000000000000 ) );
#3483 = DIRECTION( '', ( 0.000000000000000, -1.00000000000000, 0.000000000000000 ) );
#3484 = DIRECTION( '', ( 0.000000000000000, 0.000000000000000, 1.00000000000000 ) );
#3485 = DIRECTION( '', ( 1.00000000000000, 0.000000000000000, 0.000000000000000 ) );
#3486 = DIRECTION( '', ( 0.504988503019039, 0.863126069481504, 0.000000000000000 ) );
#3487 = DIRECTION( '', ( -1.00000000000000, 0.000000000000000, 0.000000000000000 ) );
#3488 = CARTESIAN_POINT( '', ( 19.8580088676010, 20.8710958029000, 0.300000000000000 ) );
#3489 = DIRECTION( '', ( 0.000000000000000, 0.000000000000000, -1.00000000000000 ) );
#3490 = DIRECTION( '', ( 0.871682710661746, 0.490070660143403, 0.000000000000000 ) );
#3491 = DIRECTION( '', ( 0.519661496133289, 0.854372242899143, 0.000000000000000 ) );
#3492 = CARTESIAN_POINT( '', ( 20.2510083943010, 21.5172238874000, 0.300000000000000 ) );
#3493 = DIRECTION( '', ( 0.000000000000000, 0.000000000000000, -1.00000000000000 ) );
#3494 = DIRECTION( '', ( 0.490070660143508, -0.871682710661687, 0.000000000000000 ) );
#3495 = DIRECTION( '', ( 1.00000000000000, 0.000000000000000, 0.000000000000000 ) );
#3496 = DIRECTION( '', ( 0.507254689182435, 0.861796194179593, 0.000000000000000 ) );
#3497 = DIRECTION( '', ( -1.00000000000000, 0.000000000000000, 0.000000000000000 ) );
#3498 = DIRECTION( '', ( -0.503548846460870, -0.863966758172979, 0.000000000000000 ) );
#3499 = DIRECTION( '', ( 1.00000000000000, 0.000000000000000, 0.000000000000000 ) );
#3500 = DIRECTION( '', ( 0.509202702872687, 0.860646621667192, 0.000000000000000 ) );
#3501 = DIRECTION( '', ( -1.00000000000000, 0.000000000000000, 0.000000000000000 ) );
#3502 = CARTESIAN_POINT( '', ( 18.5732457862011, 18.6974975000000, 0.300000000000000 ) );
#3503 = DIRECTION( '', ( 0.000000000000000, 0.000000000000000, -1.00000000000000 ) );
#3504 = DIRECTION( '', ( 0.868119103331616, 0.496355943281342, 0.000000000000000 ) );
#3505 = DIRECTION( '', ( 0.507261555138474, 0.861792152829496, 0.000000000000000 ) );
#3506 = CARTESIAN_POINT( '', ( 19.0397981501010, 19.4901283667000, 0.300000000000000 ) );
#3507 = DIRECTION( '', ( 0.000000000000000, 0.000000000000000, -1.00000000000000 ) );
#3508 = DIRECTION( '', ( 0.496355943281342, -0.868119103331616, 0.000000000000000 ) );
#3509 = DIRECTION( '', ( 0.384892870130629, -0.227722371590021, 0.894427190999929 ) );
#3510 = DIRECTION( '', ( -0.509202702872687, -0.860646621667192, 0.000000000000000 ) );
#3511 = DIRECTION( '', ( 0.384892870130634, -0.227722371589962, 0.894427190999942 ) );
#3512 = DIRECTION( '', ( 0.509202702872687, 0.860646621667192, 0.000000000000000 ) );
#3513 = DIRECTION( '', ( 0.000000000000000, -0.447213595499968, 0.894427190999911 ) );
#3514 = CARTESIAN_POINT( '', ( 20.1250900713010, 17.3419376597000, 0.300000000000000 ) );
#3515 = DIRECTION( '', ( 0.000000000000000, 0.000000000000000, 1.00000000000000 ) );
#3516 = DIRECTION( '', ( -0.495377279014233, 0.868677933089390, 0.000000000000000 ) );
#3517 = DIRECTION( '', ( -0.363263541201034, 0.260844013989449, -0.894427190999892 ) );
#3518 = DIRECTION( '', ( 0.583264946804287, 0.812281971872694, 0.000000000000000 ) );
#3519 = DIRECTION( '', ( -0.223628817426297, 0.435887635065864, -0.871775270131703 ) );
#3520 = DIRECTION( '', ( 0.583264946804290, 0.812281971872692, 0.000000000000000 ) );
#3521 = DIRECTION( '', ( 0.000000000000000, 1.00000000000000, 0.000000000000000 ) );
#3522 = DIRECTION( '', ( 1.00000000000000, 0.000000000000000, 0.000000000000000 ) );
#3523 = DIRECTION( '', ( 0.000000000000000, 1.00000000000000, 0.000000000000000 ) );
#3524 = DIRECTION( '', ( 0.237111433889570, 0.801197649865350, 0.549418323110062 ) );
#3525 = DIRECTION( '', ( -0.363263541201046, 0.260844013989333, 0.894427190999921 ) );
#3526 = DIRECTION( '', ( 0.583264946804290, 0.812281971872692, 0.000000000000000 ) );
#3527 = DIRECTION( '', ( -0.246155874854492, 0.433452946760006, -0.866905893519987 ) );
#3528 = DIRECTION( '', ( 1.00000000000000, 0.000000000000000, 0.000000000000000 ) );
#3529 = DIRECTION( '', ( 1.00000000000000, 0.000000000000000, 0.000000000000000 ) );
#3530 = CARTESIAN_POINT( '', ( 23.4000000000011, 22.9000000000000, 0.300000000000000 ) );
#3531 = DIRECTION( '', ( 0.000000000000000, 0.000000000000000, 1.00000000000000 ) );
#3532 = DIRECTION( '', ( -0.868117126078718, -0.496359401451033, 0.000000000000000 ) );
#3533 = DIRECTION( '', ( 0.000000000000000, -0.447213595499968, -0.894427190999911 ) );
#3534 = DIRECTION( '', ( -0.385406974587214, 0.226851193383474, -0.894427190999929 ) );
#3535 = DIRECTION( '', ( 1.00000000000000, 0.000000000000000, 0.000000000000000 ) );
#3536 = DIRECTION( '', ( 0.000000000000000, 0.000000000000000, 1.00000000000000 ) );
#3537 = DIRECTION( '', ( -1.00000000000000, 0.000000000000000, 0.000000000000000 ) );
#3538 = DIRECTION( '', ( 0.000000000000000, 0.000000000000000, -1.00000000000000 ) );
#3539 = DIRECTION( '', ( 0.000000000000000, -1.00000000000000, 0.000000000000000 ) );
#3540 = DIRECTION( '', ( 0.000000000000000, 0.000000000000000, 1.00000000000000 ) );
#3541 = DIRECTION( '', ( 0.000000000000000, -1.00000000000000, 0.000000000000000 ) );
#3542 = DIRECTION( '', ( 0.000000000000000, 0.000000000000000, 1.00000000000000 ) );
#3543 = DIRECTION( '', ( 0.000000000000000, -1.00000000000000, 0.000000000000000 ) );
#3544 = DIRECTION( '', ( 1.00000000000000, 0.000000000000000, 0.000000000000000 ) );
#3545 = DIRECTION( '', ( 0.000000000000000, 1.00000000000000, 0.000000000000000 ) );
#3546 = DIRECTION( '', ( -1.00000000000000, 0.000000000000000, 0.000000000000000 ) );
#3547 = DIRECTION( '', ( -0.0520731194853033, 0.998643274761849, 0.000000000000000 ) );
#3548 = CARTESIAN_POINT( '', ( 11.9787257853010, 22.9000000000000, 0.300000000000000 ) );
#3549 = DIRECTION( '', ( 0.000000000000000, 0.000000000000000, -1.00000000000000 ) );
#3550 = DIRECTION( '', ( 0.725283778767090, -0.688450027421984, 0.000000000000000 ) );
#3551 = DIRECTION( '', ( 1.00000000000000, 0.000000000000000, 0.000000000000000 ) );
#3552 = CARTESIAN_POINT( '', ( 13.3767464555010, 22.9000000000000, 0.300000000000000 ) );
#3553 = DIRECTION( '', ( -0.000000000000000, 0.000000000000000, -1.00000000000000 ) );
#3554 = DIRECTION( '', ( -0.690196509442440, -0.723621985814052, 0.000000000000000 ) );
#3555 = DIRECTION( '', ( 0.0472575567068144, -0.998882737529337, 0.000000000000000 ) );
#3556 = CARTESIAN_POINT( '', ( 14.1269164923010, 20.8710958029000, 0.300000000000000 ) );
#3557 = DIRECTION( '', ( 0.000000000000000, 0.000000000000000, -1.00000000000000 ) );
#3558 = DIRECTION( '', ( 0.456472919895493, -0.889737305839248, 0.000000000000000 ) );
#3559 = DIRECTION( '', ( 1.00000000000000, 0.000000000000000, 0.000000000000000 ) );
#3560 = CARTESIAN_POINT( '', ( 15.5760968642010, 20.8710958029000, 0.300000000000000 ) );
#3561 = DIRECTION( '', ( -0.000000000000000, 0.000000000000000, -1.00000000000000 ) );
#3562 = DIRECTION( '', ( -0.643982296389659, -0.765040392356313, 0.000000000000000 ) );
#3563 = DIRECTION( '', ( 0.170573603873552, -0.985344937400902, 0.000000000000000 ) );
#3564 = DIRECTION( '', ( 0.512281584108040, 0.858817546737232, 0.000000000000000 ) );
#3565 = DIRECTION( '', ( 1.00000000000000, 0.000000000000000, 0.000000000000000 ) );
#3566 = CARTESIAN_POINT( '', ( 19.0372143267010, 22.9000000000000, 0.300000000000000 ) );
#3567 = DIRECTION( '', ( -0.000000000000000, 0.000000000000000, -1.00000000000000 ) );
#3568 = DIRECTION( '', ( -0.867618453420967, -0.497230549426932, 0.000000000000000 ) );
#3569 = DIRECTION( '', ( -0.505523561433289, -0.862812800574843, 0.000000000000000 ) );
#3570 = CARTESIAN_POINT( '', ( 15.7807356710010, 17.3419376597000, 0.300000000000000 ) );
#3571 = DIRECTION( '', ( 0.000000000000000, 0.000000000000000, -1.00000000000000 ) );
#3572 = DIRECTION( '', ( -0.497230549426932, 0.867618453420967, 0.000000000000000 ) );
#3573 = DIRECTION( '', ( -1.00000000000000, 0.000000000000000, 0.000000000000000 ) );
#3574 = CARTESIAN_POINT( '', ( 14.3486085330010, 17.3419376597000, 0.300000000000000 ) );
#3575 = DIRECTION( '', ( 0.000000000000000, 0.000000000000000, -1.00000000000000 ) );
#3576 = DIRECTION( '', ( 0.655187429615081, 0.755466367268844, 0.000000000000000 ) );
#3577 = DIRECTION( '', ( -0.141458864148819, 0.989944134663025, 0.000000000000000 ) );
#3578 = DIRECTION( '', ( -0.551256329819213, -0.834335938836540, 0.000000000000000 ) );
#3579 = CARTESIAN_POINT( '', ( 13.5813852623010, 17.3419376597000, 0.300000000000000 ) );
#3580 = DIRECTION( '', ( 0.000000000000000, 0.000000000000000, -1.00000000000000 ) );
#3581 = DIRECTION( '', ( -0.473679042274870, 0.880697544512054, 0.000000000000000 ) );
#3582 = DIRECTION( '', ( -1.00000000000000, 0.000000000000000, 0.000000000000000 ) );
#3583 = CARTESIAN_POINT( '', ( 12.2685446342010, 17.3419376597000, 0.300000000000000 ) );
#3584 = DIRECTION( '', ( 0.000000000000000, 0.000000000000000, -1.00000000000000 ) );
#3585 = DIRECTION( '', ( 0.688450027422018, 0.725283778767058, 0.000000000000000 ) );
#3586 = CARTESIAN_POINT( '', ( 22.2005892155010, 20.8710958029000, 0.300000000000000 ) );
#3587 = DIRECTION( '', ( 0.000000000000000, 0.000000000000000, 1.00000000000000 ) );
#3588 = DIRECTION( '', ( -0.867464265263751, -0.497499495970017, 0.000000000000000 ) );
#3589 = DIRECTION( '', ( 0.504988503019040, 0.863126069481504, 0.000000000000000 ) );
#3590 = CARTESIAN_POINT( '', ( 21.3926276639010, 19.4901283667000, 0.300000000000000 ) );
#3591 = DIRECTION( '', ( 0.000000000000000, 0.000000000000000, 1.00000000000000 ) );
#3592 = DIRECTION( '', ( -0.497499495970033, 0.867464265263742, 0.000000000000000 ) );
#3593 = DIRECTION( '', ( 1.00000000000000, 0.000000000000000, 0.000000000000000 ) );
#3594 = DIRECTION( '', ( 0.507261555138477, 0.861792152829494, 0.000000000000000 ) );
#3595 = DIRECTION( '', ( -1.00000000000000, 0.000000000000000, 0.000000000000000 ) );
#3596 = CARTESIAN_POINT( '', ( 20.9271088293010, 18.6974975000000, 0.300000000000000 ) );
#3597 = DIRECTION( '', ( 0.000000000000000, 0.000000000000000, 1.00000000000000 ) );
#3598 = DIRECTION( '', ( -0.868677933089390, -0.495377279014233, 0.000000000000000 ) );
#3599 = DIRECTION( '', ( 1.00000000000000, 0.000000000000000, 0.000000000000000 ) );
#3600 = CARTESIAN_POINT( '', ( 16.1902716670010, 17.3419376597000, 0.300000000000000 ) );
#3601 = DIRECTION( '', ( 0.000000000000000, -0.000000000000000, 1.00000000000000 ) );
#3602 = DIRECTION( '', ( 0.867049262285822, 0.498222416968176, 0.000000000000000 ) );
#3603 = DIRECTION( '', ( -0.503548846460870, -0.863966758172979, 0.000000000000000 ) );
#3604 = CARTESIAN_POINT( '', ( 19.4296970888010, 22.9000000000000, 0.300000000000000 ) );
#3605 = DIRECTION( '', ( 0.000000000000000, 0.000000000000000, 1.00000000000000 ) );
#3606 = DIRECTION( '', ( 0.498222416968072, -0.867049262285882, 0.000000000000000 ) );
#3607 = DIRECTION( '', ( -1.00000000000000, 0.000000000000000, 0.000000000000000 ) );
#3608 = DIRECTION( '', ( 0.507254689182432, 0.861796194179595, 0.000000000000000 ) );
#3609 = CARTESIAN_POINT( '', ( 22.5860956547010, 21.5172238874000, 0.300000000000000 ) );
#3610 = DIRECTION( '', ( 0.000000000000000, 0.000000000000000, 1.00000000000000 ) );
#3611 = DIRECTION( '', ( -0.496359401450913, 0.868117126078786, 0.000000000000000 ) );
#3612 = DIRECTION( '', ( 1.00000000000000, 0.000000000000000, 0.000000000000000 ) );
#3613 = DIRECTION( '', ( 0.519661496133284, 0.854372242899146, 0.000000000000000 ) );
#3614 = DIRECTION( '', ( -1.00000000000000, 0.000000000000000, 0.000000000000000 ) );
#3615 = DIRECTION( '', ( -1.00000000000000, 0.000000000000000, 0.000000000000000 ) );
#3616 = DIRECTION( '', ( 0.000000000000000, 0.000000000000000, 1.00000000000000 ) );
#3617 = DIRECTION( '', ( -1.00000000000000, 0.000000000000000, 0.000000000000000 ) );
#3618 = DIRECTION( '', ( 0.000000000000000, 0.000000000000000, 1.00000000000000 ) );
#3619 = DIRECTION( '', ( 0.000000000000000, 0.447213595499968, 0.894427190999911 ) );
#3620 = DIRECTION( '', ( 0.446606849528118, 0.0232878069939181, -0.894427190999907 ) );
#3621 = DIRECTION( '', ( -0.0520731194853033, 0.998643274761849, 0.000000000000000 ) );
#3622 = DIRECTION( '', ( -0.446606849528118, -0.0232878069939181, 0.894427190999907 ) );
#3623 = DIRECTION( '', ( 0.000000000000000, 0.000000000000000, -1.00000000000000 ) );
#3624 = CARTESIAN_POINT( '', ( 25.4000000000000, -0.600000000000000, -0.100000000000000 ) );
#3625 = DIRECTION( '', ( 1.00000000000000, 0.000000000000000, 0.000000000000000 ) );
#3626 = DIRECTION( '', ( 0.000000000000000, 0.000000000000000, -1.00000000000000 ) );
#3627 = DIRECTION( '', ( 0.000000000000000, 1.00000000000000, 0.000000000000000 ) );
#3628 = DIRECTION( '', ( 0.000000000000000, 0.000000000000000, 1.00000000000000 ) );
#3629 = CARTESIAN_POINT( '', ( 25.4000000000000, -0.600000000000000, -0.100000000000000 ) );
#3630 = DIRECTION( '', ( -1.00000000000000, 0.000000000000000, 0.000000000000000 ) );
#3631 = DIRECTION( '', ( 0.000000000000000, 0.000000000000000, -1.00000000000000 ) );
#3632 = DIRECTION( '', ( -0.385861614788408, 0.226077009518575, -0.894427190999927 ) );
#3633 = DIRECTION( '', ( -0.385861614788410, 0.226077009518545, -0.894427190999934 ) );
#3634 = DIRECTION( '', ( 0.000000000000000, 0.447213595499968, 0.894427190999911 ) );
#3635 = DIRECTION( '', ( 0.000000000000000, -1.00000000000000, 0.000000000000000 ) );
#3636 = DIRECTION( '', ( 0.000000000000000, 0.000000000000000, 1.00000000000000 ) );
#3637 = DIRECTION( '', ( 0.000000000000000, 1.00000000000000, 0.000000000000000 ) );
#3638 = DIRECTION( '', ( 0.000000000000000, 0.000000000000000, -1.00000000000000 ) );
#3639 = DIRECTION( '', ( 0.000000000000000, -0.447213595499968, -0.894427190999911 ) );
#3640 = DIRECTION( '', ( 0.000000000000000, 0.447213595499968, -0.894427190999911 ) );
#3641 = DIRECTION( '', ( 0.617094086842830, 0.351907626511175, -0.703815253022329 ) );
#3642 = DIRECTION( '', ( 1.00000000000000, 0.000000000000000, 0.000000000000000 ) );
#3643 = DIRECTION( '', ( -0.382086882642290, 0.232399686128628, 0.894427190999923 ) );
#3644 = DIRECTION( '', ( -0.519661496133284, -0.854372242899146, 0.000000000000000 ) );
#3645 = DIRECTION( '', ( -0.382086882642286, 0.232399686128625, 0.894427190999925 ) );
#3646 = DIRECTION( '', ( -0.616090346614138, -0.352259190031687, 0.704518380063353 ) );
#3647 = DIRECTION( '', ( 1.00000000000000, 0.000000000000000, 0.000000000000000 ) );
#3648 = DIRECTION( '', ( -0.248890487821970, 0.433140514168736, -0.866281028337447 ) );
#3649 = DIRECTION( '', ( 0.000000000000000, -1.00000000000000, 0.000000000000000 ) );
#3650 = DIRECTION( '', ( 0.000000000000000, 0.000000000000000, -1.00000000000000 ) );
#3651 = DIRECTION( '', ( 1.00000000000000, 0.000000000000000, 0.000000000000000 ) );
#3652 = DIRECTION( '', ( 1.00000000000000, 0.000000000000000, 0.000000000000000 ) );
#3653 = DIRECTION( '', ( 0.000000000000000, 0.000000000000000, -1.00000000000000 ) );
#3654 = DIRECTION( '', ( 0.000000000000000, 1.00000000000000, 0.000000000000000 ) );
#3655 = CARTESIAN_POINT( '', ( -0.600000000000045, -0.600000000000000, -0.100000000000000 ) );
#3656 = DIRECTION( '', ( 0.000000000000000, 1.00000000000000, 0.000000000000000 ) );
#3657 = DIRECTION( '', ( 0.000000000000000, 0.000000000000000, -1.00000000000000 ) );
#3658 = CARTESIAN_POINT( '', ( -0.600000000000045, 25.4000000000000, -0.100000000000000 ) );
#3659 = DIRECTION( '', ( 0.000000000000000, -1.00000000000000, 0.000000000000000 ) );
#3660 = DIRECTION( '', ( 0.000000000000000, 0.000000000000000, 1.00000000000000 ) );
#3661 = DIRECTION( '', ( 0.0472575567068189, -0.998882737529337, 0.000000000000000 ) );
#3662 = DIRECTION( '', ( 1.00000000000000, 0.000000000000000, 0.000000000000000 ) );
#3663 = DIRECTION( '', ( -0.0520731194853023, 0.998643274761849, 0.000000000000000 ) );
#3664 = DIRECTION( '', ( -1.00000000000000, 0.000000000000000, 0.000000000000000 ) );
#3665 = DIRECTION( '', ( -0.551256329819217, -0.834335938836538, 0.000000000000000 ) );
#3666 = DIRECTION( '', ( -0.141458864148806, 0.989944134663027, 0.000000000000000 ) );
#3667 = DIRECTION( '', ( -1.00000000000000, 0.000000000000000, 0.000000000000000 ) );
#3668 = DIRECTION( '', ( 0.512281584108040, 0.858817546737232, 0.000000000000000 ) );
#3669 = CARTESIAN_POINT( '', ( 15.7295759693010, 19.9844998949000, 0.300000000000000 ) );
#3670 = DIRECTION( '', ( 0.000000000000000, -0.000000000000000, 1.00000000000000 ) );
#3671 = DIRECTION( '', ( 0.182190507672652, 0.983263250057675, 0.000000000000000 ) );
#3672 = DIRECTION( '', ( 0.170573603873552, -0.985344937400902, 0.000000000000000 ) );
#3673 = DIRECTION( '', ( 1.00000000000000, 0.000000000000000, 0.000000000000000 ) );
#3674 = CARTESIAN_POINT( '', ( 13.5131723267010, 20.0163670492000, 0.300000000000000 ) );
#3675 = DIRECTION( '', ( 0.000000000000000, -0.000000000000000, 1.00000000000000 ) );
#3676 = DIRECTION( '', ( 0.283779742046025, 0.958889492071058, 0.000000000000000 ) );
#3677 = DIRECTION( '', ( 0.386001712902618, -0.225837724121299, 0.894427190999892 ) );
#3678 = DIRECTION( '', ( 0.000000000000000, -0.447213595499968, 0.894427190999911 ) );
#3679 = DIRECTION( '', ( -0.233861755294500, 0.434812299598486, 0.869624599196948 ) );
#3680 = DIRECTION( '', ( -0.551256329819213, -0.834335938836540, 0.000000000000000 ) );
#3681 = DIRECTION( '', ( 0.000000000000000, 0.000000000000000, 1.00000000000000 ) );
#3682 = DIRECTION( '', ( 0.000000000000000, 1.00000000000000, 0.000000000000000 ) );
#3683 = DIRECTION( '', ( 0.000000000000000, 0.447213595499968, 0.894427190999911 ) );
#3684 = CARTESIAN_POINT( '', ( 25.4000000000000, -0.600000000000000, -0.100000000000000 ) );
#3685 = DIRECTION( '', ( 0.000000000000000, -1.00000000000000, 0.000000000000000 ) );
#3686 = DIRECTION( '', ( 0.000000000000000, 0.000000000000000, -1.00000000000000 ) );
#3687 = DIRECTION( '', ( -1.00000000000000, 0.000000000000000, 0.000000000000000 ) );
#3688 = DIRECTION( '', ( 0.247728655290671, -0.433273704105827, 0.866547408211629 ) );
#3689 = DIRECTION( '', ( 0.616093880338800, 0.352257953951109, 0.704515907902198 ) );
#3690 = DIRECTION( '', ( 0.446713940533320, 0.0211342218493730, 0.894427190999924 ) );
#3691 = DIRECTION( '', ( 0.0472575567068144, -0.998882737529337, 0.000000000000000 ) );
#3692 = CARTESIAN_POINT( '', ( -0.600000000000045, -0.600000000000010, -0.100000000000000 ) );
#3693 = DIRECTION( '', ( -1.00000000000000, 0.000000000000000, 0.000000000000000 ) );
#3694 = DIRECTION( '', ( 0.000000000000000, 0.000000000000000, 1.00000000000000 ) );
#3695 = DIRECTION( '', ( -0.141458864148819, 0.989944134663025, 0.000000000000000 ) );
#3696 = DIRECTION( '', ( 0.361605940819591, 0.416951110698609, 0.833902221397194 ) );
#3697 = DIRECTION( '', ( -1.00000000000000, 0.000000000000000, 0.000000000000000 ) );
#3698 = DIRECTION( '', ( 0.000000000000000, 1.00000000000000, 0.000000000000000 ) );
#3699 = DIRECTION( '', ( 0.000000000000000, -1.00000000000000, 0.000000000000000 ) );
#3700 = DIRECTION( '', ( 0.000000000000000, -0.447213595499968, -0.894427190999911 ) );
#3701 = CARTESIAN_POINT( '', ( -0.600000000000045, -0.600000000000000, -0.100000000000000 ) );
#3702 = DIRECTION( '', ( 0.000000000000000, -1.00000000000000, 0.000000000000000 ) );
#3703 = DIRECTION( '', ( 0.000000000000000, 0.000000000000000, -1.00000000000000 ) );
#3704 = CARTESIAN_POINT( '', ( -0.600000000000045, 25.4000000000000, -0.100000000000000 ) );
#3705 = DIRECTION( '', ( 0.000000000000000, 1.00000000000000, 0.000000000000000 ) );
#3706 = DIRECTION( '', ( 0.000000000000000, 0.000000000000000, 1.00000000000000 ) );
#3707 = DIRECTION( '', ( -1.00000000000000, 0.000000000000000, 0.000000000000000 ) );
#3708 = DIRECTION( '', ( 0.000000000000000, 0.447213595499968, 0.894427190999911 ) );
#3709 = DIRECTION( '', ( -1.00000000000000, 0.000000000000000, 0.000000000000000 ) );
#3710 = DIRECTION( '', ( -0.247730804934248, 0.433273458288567, 0.866546916577109 ) );
#3711 = DIRECTION( '', ( -1.00000000000000, 0.000000000000000, 0.000000000000000 ) );
#3712 = CARTESIAN_POINT( '', ( -0.600000000000045, -0.600000000000000, -0.100000000000000 ) );
#3713 = DIRECTION( '', ( 1.00000000000000, 0.000000000000000, -0.000000000000000 ) );
#3714 = DIRECTION( '', ( 0.000000000000000, 0.000000000000000, 1.00000000000000 ) );
#3715 = DIRECTION( '', ( 0.000000000000000, -0.447213595499968, -0.894427190999911 ) );
#3716 = DIRECTION( '', ( -0.248440104893490, 0.433192223910022, 0.866384447820020 ) );
#3717 = DIRECTION( '', ( 0.000000000000000, -1.00000000000000, 0.000000000000000 ) );
#3718 = DIRECTION( '', ( 1.00000000000000, 0.000000000000000, 0.000000000000000 ) );
#3719 = DIRECTION( '', ( 0.000000000000000, 0.447213595499968, 0.894427190999911 ) );
#3720 = DIRECTION( '', ( 0.000000000000000, 0.000000000000000, -1.00000000000000 ) );
#3721 = DIRECTION( '', ( -1.00000000000000, 0.000000000000000, 0.000000000000000 ) );
#3722 = DIRECTION( '', ( 0.000000000000000, 0.000000000000000, -1.00000000000000 ) );
#3723 = CARTESIAN_POINT( '', ( 25.4000000000000, 25.4000000000000, -0.100000000000000 ) );
#3724 = DIRECTION( '', ( 1.00000000000000, 0.000000000000000, 0.000000000000000 ) );
#3725 = DIRECTION( '', ( 0.000000000000000, 0.000000000000000, -1.00000000000000 ) );
#3726 = CARTESIAN_POINT( '', ( 25.4000000000000, 25.4000000000000, -0.100000000000000 ) );
#3727 = DIRECTION( '', ( -1.00000000000000, 0.000000000000000, 0.000000000000000 ) );
#3728 = DIRECTION( '', ( 0.000000000000000, 0.000000000000000, -1.00000000000000 ) );
#3729 = DIRECTION( '', ( -0.373126375061939, 0.246529325300554, -0.894427190999911 ) );
#3730 = DIRECTION( '', ( 0.000000000000000, 0.447213595499968, -0.894427190999911 ) );
#3731 = DIRECTION( '', ( 1.00000000000000, 0.000000000000000, 0.000000000000000 ) );
#3732 = CARTESIAN_POINT( '', ( -0.600000000000045, 25.4000000000000, -0.100000000000000 ) );
#3733 = DIRECTION( '', ( -1.00000000000000, 0.000000000000000, 0.000000000000000 ) );
#3734 = DIRECTION( '', ( 0.000000000000000, 0.000000000000000, 1.00000000000000 ) );
#3735 = DIRECTION( '', ( -0.384074882954809, 0.229099289137349, -0.894427190999922 ) );
#3736 = DIRECTION( '', ( 0.512281584108040, 0.858817546737232, 0.000000000000000 ) );
#3737 = DIRECTION( '', ( 1.00000000000000, 0.000000000000000, 0.000000000000000 ) );
#3738 = DIRECTION( '', ( 0.000000000000000, 0.447213595499968, 0.894427190999911 ) );
#3739 = DIRECTION( '', ( -0.385406974587214, 0.226851193383474, -0.894427190999929 ) );
#3740 = DIRECTION( '', ( -0.507254689182432, -0.861796194179595, 0.000000000000000 ) );
#3741 = DIRECTION( '', ( 0.385405167240527, -0.226854263932399, -0.894427190999911 ) );
#3742 = DIRECTION( '', ( -0.392352527405908, -0.411353739314045, 0.822707478628066 ) );
#3743 = DIRECTION( '', ( 0.426206090190732, -0.404561087769046, 0.809122175538068 ) );
#3744 = DIRECTION( '', ( 0.178712126960561, 0.795566101350844, -0.578909797860298 ) );
#3745 = DIRECTION( '', ( 0.446713940533320, 0.0211342218493730, -0.894427190999924 ) );
#3746 = DIRECTION( '', ( 0.386001712902618, -0.225837724121299, 0.894427190999892 ) );
#3747 = DIRECTION( '', ( -0.504988503019040, -0.863126069481504, 0.000000000000000 ) );
#3748 = CARTESIAN_POINT( '', ( 25.4000000000000, -0.600000000000000, -0.100000000000000 ) );
#3749 = DIRECTION( '', ( 0.000000000000000, 1.00000000000000, 0.000000000000000 ) );
#3750 = DIRECTION( '', ( 0.000000000000000, 0.000000000000000, -1.00000000000000 ) );
#3751 = DIRECTION( '', ( 0.000000000000000, -1.00000000000000, 0.000000000000000 ) );
#3752 = DIRECTION( '', ( 0.390752112900154, 0.411658301571608, 0.823316603143192 ) );
#3753 = DIRECTION( '', ( 0.000000000000000, -0.447213595499968, -0.894427190999911 ) );
#3754 = DIRECTION( '', ( -1.00000000000000, 0.000000000000000, 0.000000000000000 ) );
#3755 = DIRECTION( '', ( 0.000000000000000, -0.447213595499968, 0.894427190999911 ) );
#3756 = DIRECTION( '', ( 0.440659652262729, 0.0762828346856972, -0.894427190999919 ) );
#3757 = DIRECTION( '', ( -0.507261555138477, -0.861792152829494, 0.000000000000000 ) );
#3758 = DIRECTION( '', ( 0.385405167240527, -0.226854263932400, -0.894427190999911 ) );
#3759 = DIRECTION( '', ( -0.614925561015113, -0.352666004715588, 0.705332009431157 ) );
#3760 = DIRECTION( '', ( -0.614187209665440, -0.352923241366564, -0.705846482733107 ) );
#3761 = DIRECTION( '', ( 0.503548846460870, 0.863966758172979, 0.000000000000000 ) );
#3762 = DIRECTION( '', ( 0.149643423328488, 0.807610015753869, 0.570414681007218 ) );
#3763 = DIRECTION( '', ( 0.000000000000000, 0.000000000000000, 1.00000000000000 ) );
#3764 = DIRECTION( '', ( 1.00000000000000, 0.000000000000000, 0.000000000000000 ) );
#3765 = DIRECTION( '', ( 0.247120747322355, -0.433343128765851, -0.866686257531677 ) );
#3766 = DIRECTION( '', ( 0.352310935071036, 0.418539605062511, -0.837079210124997 ) );
#3767 = DIRECTION( '', ( 0.170573603873552, -0.985344937400902, 0.000000000000000 ) );
#3768 = DIRECTION( '', ( 0.440659652262729, 0.0762828346856972, 0.894427190999919 ) );
#3769 = DIRECTION( '', ( -0.622523003406356, -0.349990031352311, -0.699980062704602 ) );
#3770 = DIRECTION( '', ( -0.243839698054278, 0.433714699232766, -0.867429398465506 ) );
#3771 = DIRECTION( '', ( 0.000000000000000, 0.447213595499968, -0.894427190999911 ) );
#3772 = DIRECTION( '', ( 0.000000000000000, 0.447213595499968, -0.894427190999911 ) );
#3773 = DIRECTION( '', ( 0.442716475806765, 0.0632623272513203, -0.894427190999907 ) );
#3774 = DIRECTION( '', ( 0.000000000000000, -0.447213595499968, 0.894427190999911 ) );
#3775 = DIRECTION( '', ( 0.386377680315019, -0.225193890135593, -0.894427190999907 ) );
#3776 = DIRECTION( '', ( 0.000000000000000, 0.447213595499968, -0.894427190999911 ) );
#3777 = DIRECTION( '', ( 1.00000000000000, 0.000000000000000, 0.000000000000000 ) );
#3778 = DIRECTION( '', ( -1.00000000000000, 0.000000000000000, 0.000000000000000 ) );
#3779 = DIRECTION( '', ( 0.000000000000000, 0.000000000000000, 1.00000000000000 ) );
#3780 = CARTESIAN_POINT( '', ( -0.600000000000045, 25.4000000000000, -0.100000000000000 ) );
#3781 = DIRECTION( '', ( 1.00000000000000, 0.000000000000000, -0.000000000000000 ) );
#3782 = DIRECTION( '', ( 0.000000000000000, 0.000000000000000, 1.00000000000000 ) );
#3783 = DIRECTION( '', ( 1.00000000000000, 0.000000000000000, 0.000000000000000 ) );
#3784 = DIRECTION( '', ( 0.386377680315019, -0.225193890135593, -0.894427190999907 ) );
#3785 = DIRECTION( '', ( 0.000000000000000, 0.447213595499968, -0.894427190999911 ) );
ENDSEC;
END-ISO-10303-21;
