ISO-10303-21;
HEADER;
FILE_DESCRIPTION(('STEP AP242'),'1');
FILE_NAME('619540-1.stp','2022-07-26T03:52:34',('TraceParts'),('TraceParts S.A.'),'Spatial InterOp 3D',' ',' ');
FILE_SCHEMA(('AP242_MANAGED_MODEL_BASED_3D_ENGINEERING_MIM_LF  {1 0 10303 442 1 1 4}'));
ENDSEC;
DATA;
#1=PRODUCT_DEFINITION_CONTEXT('',#9,'design');
#2=APPLICATION_PROTOCOL_DEFINITION('INTERNATIONAL STANDARD','ap242_managed_model_based_3d_engineering',2014,#9);
#3=PRODUCT_CATEGORY_RELATIONSHIP('NONE','NONE',#10,#11);
#4=SHAPE_DEFINITION_REPRESENTATION(#12,#13);
#5= (GEOMETRIC_REPRESENTATION_CONTEXT(3)GLOBAL_UNCERTAINTY_ASSIGNED_CONTEXT((#16))GLOBAL_UNIT_ASSIGNED_CONTEXT((#18,#19,#20))REPRESENTATION_CONTEXT('NONE','WORKSPACE'));
#9=APPLICATION_CONTEXT('managed model based 3d engineering');
#10=PRODUCT_CATEGORY('part','NONE');
#11=PRODUCT_RELATED_PRODUCT_CATEGORY('detail',' ',(#22));
#12=PRODUCT_DEFINITION_SHAPE('NONE','NONE',#23);
#13=ADVANCED_BREP_SHAPE_REPRESENTATION('619540-1',(#24,#25),#5);
#16=UNCERTAINTY_MEASURE_WITH_UNIT(LENGTH_MEASURE(1.0E-06),#18,'','');
#18= (CONVERSION_BASED_UNIT('MILLIMETRE',#28)LENGTH_UNIT()NAMED_UNIT(#31));
#19= (NAMED_UNIT(#33)PLANE_ANGLE_UNIT()SI_UNIT($,.RADIAN.));
#20= (NAMED_UNIT(#33)SOLID_ANGLE_UNIT()SI_UNIT($,.STERADIAN.));
#22=PRODUCT('619540-1','619540-1','PART-619540-1-DESC',(#39));
#23=PRODUCT_DEFINITION('','NONE',#40,#1);
#24=MANIFOLD_SOLID_BREP('619540-1',#41);
#25=AXIS2_PLACEMENT_3D('',#42,#43,#44);
#28=LENGTH_MEASURE_WITH_UNIT(LENGTH_MEASURE(1.0),#45);
#31=DIMENSIONAL_EXPONENTS(1.0,0.0,0.0,0.0,0.0,0.0,0.0);
#33=DIMENSIONAL_EXPONENTS(0.0,0.0,0.0,0.0,0.0,0.0,0.0);
#39=PRODUCT_CONTEXT('',#9,'mechanical');
#40=PRODUCT_DEFINITION_FORMATION_WITH_SPECIFIED_SOURCE(' ','NONE',#22,.NOT_KNOWN.);
#41=CLOSED_SHELL('',(#46,#47,#48,#49,#50,#51,#52,#53,#54,#55,#56,#57,#58,#59,#60,#61,#62,#63,#64,#65,#66,#67,#68,#69,#70,#71,#72,#73,#74,#75,#76,#77,#78,#79,#80,#81,#82,#83,#84,#85,#86,#87,#88,#89,#90,#91,#92,#93,#94,#95,#96,#97,#98,#99,#100,#101,#102,#103,#104,#105,#106,#107,#108,#109,#110,#111,#112,#113,#114,#115,#116,#117,#118,#119,#120,#121,#122,#123,#124,#125,#126,#127,#128,#129,#130,#131,#132,#133,#134,#135,#136,#137,#138,#139,#140,#141,#142,#143,#144,#145,#146,#147,#148,#149,#150,#151,#152,#153,#154,#155,#156,#157,#158,#159,#160,#161,#162,#163,#164,#165,#166,#167,#168,#169,#170,#171,#172,#173,#174,#175,#176,#177,#178,#179,#180,#181,#182,#183,#184,#185));
#42=CARTESIAN_POINT('',(0.0,0.0,0.0));
#43=DIRECTION('',(0.0,0.0,1.0));
#44=DIRECTION('',(1.0,0.0,0.0));
#45= (NAMED_UNIT(#31)LENGTH_UNIT()SI_UNIT(.MILLI.,.METRE.));
#46=ADVANCED_FACE('',(#187),#188,.T.);
#47=ADVANCED_FACE('',(#189),#190,.T.);
#48=ADVANCED_FACE('',(#191),#192,.T.);
#49=ADVANCED_FACE('',(#193),#194,.T.);
#50=ADVANCED_FACE('',(#195),#196,.T.);
#51=ADVANCED_FACE('',(#197),#198,.T.);
#52=ADVANCED_FACE('',(#199),#200,.T.);
#53=ADVANCED_FACE('',(#201),#202,.T.);
#54=ADVANCED_FACE('',(#203),#204,.T.);
#55=ADVANCED_FACE('',(#205),#206,.T.);
#56=ADVANCED_FACE('',(#207),#208,.T.);
#57=ADVANCED_FACE('',(#209),#210,.T.);
#58=ADVANCED_FACE('',(#211),#212,.T.);
#59=ADVANCED_FACE('',(#213),#214,.T.);
#60=ADVANCED_FACE('',(#215),#216,.T.);
#61=ADVANCED_FACE('',(#217),#218,.T.);
#62=ADVANCED_FACE('',(#219),#220,.F.);
#63=ADVANCED_FACE('',(#221),#222,.T.);
#64=ADVANCED_FACE('',(#223),#224,.F.);
#65=ADVANCED_FACE('',(#225),#226,.F.);
#66=ADVANCED_FACE('',(#227),#228,.F.);
#67=ADVANCED_FACE('',(#229),#230,.F.);
#68=ADVANCED_FACE('',(#231),#232,.T.);
#69=ADVANCED_FACE('',(#233),#234,.T.);
#70=ADVANCED_FACE('',(#235),#236,.T.);
#71=ADVANCED_FACE('',(#237),#238,.T.);
#72=ADVANCED_FACE('',(#239),#240,.T.);
#73=ADVANCED_FACE('',(#241),#242,.T.);
#74=ADVANCED_FACE('',(#243),#244,.T.);
#75=ADVANCED_FACE('',(#245),#246,.T.);
#76=ADVANCED_FACE('',(#247),#248,.T.);
#77=ADVANCED_FACE('',(#249),#250,.T.);
#78=ADVANCED_FACE('',(#251),#252,.T.);
#79=ADVANCED_FACE('',(#253),#254,.T.);
#80=ADVANCED_FACE('',(#255),#256,.T.);
#81=ADVANCED_FACE('',(#257),#258,.T.);
#82=ADVANCED_FACE('',(#259),#260,.F.);
#83=ADVANCED_FACE('',(#261),#262,.F.);
#84=ADVANCED_FACE('',(#263),#264,.F.);
#85=ADVANCED_FACE('',(#265),#266,.F.);
#86=ADVANCED_FACE('',(#267),#268,.F.);
#87=ADVANCED_FACE('',(#269),#270,.F.);
#88=ADVANCED_FACE('',(#271,#272),#273,.F.);
#89=ADVANCED_FACE('',(#274),#275,.T.);
#90=ADVANCED_FACE('',(#276),#277,.T.);
#91=ADVANCED_FACE('',(#278),#279,.T.);
#92=ADVANCED_FACE('',(#280),#281,.T.);
#93=ADVANCED_FACE('',(#282),#283,.T.);
#94=ADVANCED_FACE('',(#284),#285,.T.);
#95=ADVANCED_FACE('',(#286),#287,.T.);
#96=ADVANCED_FACE('',(#288),#289,.T.);
#97=ADVANCED_FACE('',(#290),#291,.T.);
#98=ADVANCED_FACE('',(#292),#293,.T.);
#99=ADVANCED_FACE('',(#294),#295,.T.);
#100=ADVANCED_FACE('',(#296),#297,.T.);
#101=ADVANCED_FACE('',(#298,#299),#300,.F.);
#102=ADVANCED_FACE('',(#301),#302,.T.);
#103=ADVANCED_FACE('',(#303),#304,.T.);
#104=ADVANCED_FACE('',(#305,#306),#307,.T.);
#105=ADVANCED_FACE('',(#308),#309,.T.);
#106=ADVANCED_FACE('',(#310),#311,.T.);
#107=ADVANCED_FACE('',(#312,#313),#314,.F.);
#108=ADVANCED_FACE('',(#315),#316,.F.);
#109=ADVANCED_FACE('',(#317),#318,.F.);
#110=ADVANCED_FACE('',(#319),#320,.F.);
#111=ADVANCED_FACE('',(#321),#322,.T.);
#112=ADVANCED_FACE('',(#323),#324,.T.);
#113=ADVANCED_FACE('',(#325),#326,.T.);
#114=ADVANCED_FACE('',(#327),#328,.T.);
#115=ADVANCED_FACE('',(#329),#330,.T.);
#116=ADVANCED_FACE('',(#331),#332,.T.);
#117=ADVANCED_FACE('',(#333),#334,.T.);
#118=ADVANCED_FACE('',(#335),#336,.T.);
#119=ADVANCED_FACE('',(#337),#338,.T.);
#120=ADVANCED_FACE('',(#339),#340,.T.);
#121=ADVANCED_FACE('',(#341),#342,.T.);
#122=ADVANCED_FACE('',(#343),#344,.T.);
#123=ADVANCED_FACE('',(#345),#346,.T.);
#124=ADVANCED_FACE('',(#347),#348,.T.);
#125=ADVANCED_FACE('',(#349),#350,.T.);
#126=ADVANCED_FACE('',(#351),#352,.T.);
#127=ADVANCED_FACE('',(#353),#354,.T.);
#128=ADVANCED_FACE('',(#355),#356,.T.);
#129=ADVANCED_FACE('',(#357),#358,.T.);
#130=ADVANCED_FACE('',(#359),#360,.T.);
#131=ADVANCED_FACE('',(#361),#362,.T.);
#132=ADVANCED_FACE('',(#363),#364,.T.);
#133=ADVANCED_FACE('',(#365),#366,.T.);
#134=ADVANCED_FACE('',(#367),#368,.T.);
#135=ADVANCED_FACE('',(#369),#370,.T.);
#136=ADVANCED_FACE('',(#371,#372),#373,.T.);
#137=ADVANCED_FACE('',(#374,#375),#376,.T.);
#138=ADVANCED_FACE('',(#377,#378),#379,.T.);
#139=ADVANCED_FACE('',(#380,#381),#382,.T.);
#140=ADVANCED_FACE('',(#383),#384,.T.);
#141=ADVANCED_FACE('',(#385,#386),#387,.T.);
#142=ADVANCED_FACE('',(#388),#389,.T.);
#143=ADVANCED_FACE('',(#390),#391,.T.);
#144=ADVANCED_FACE('',(#392),#393,.T.);
#145=ADVANCED_FACE('',(#394),#395,.T.);
#146=ADVANCED_FACE('',(#396),#397,.T.);
#147=ADVANCED_FACE('',(#398),#399,.T.);
#148=ADVANCED_FACE('',(#400),#401,.T.);
#149=ADVANCED_FACE('',(#402),#403,.T.);
#150=ADVANCED_FACE('',(#404),#405,.T.);
#151=ADVANCED_FACE('',(#406),#407,.T.);
#152=ADVANCED_FACE('',(#408),#409,.T.);
#153=ADVANCED_FACE('',(#410),#411,.T.);
#154=ADVANCED_FACE('',(#412),#413,.T.);
#155=ADVANCED_FACE('',(#414),#415,.T.);
#156=ADVANCED_FACE('',(#416),#417,.T.);
#157=ADVANCED_FACE('',(#418),#419,.T.);
#158=ADVANCED_FACE('',(#420),#421,.T.);
#159=ADVANCED_FACE('',(#422),#423,.T.);
#160=ADVANCED_FACE('',(#424),#425,.T.);
#161=ADVANCED_FACE('',(#426),#427,.T.);
#162=ADVANCED_FACE('',(#428),#429,.T.);
#163=ADVANCED_FACE('',(#430),#431,.T.);
#164=ADVANCED_FACE('',(#432),#433,.T.);
#165=ADVANCED_FACE('',(#434),#435,.T.);
#166=ADVANCED_FACE('',(#436),#437,.T.);
#167=ADVANCED_FACE('',(#438),#439,.T.);
#168=ADVANCED_FACE('',(#440),#441,.T.);
#169=ADVANCED_FACE('',(#442),#443,.T.);
#170=ADVANCED_FACE('',(#444),#445,.T.);
#171=ADVANCED_FACE('',(#446),#447,.T.);
#172=ADVANCED_FACE('',(#448),#449,.F.);
#173=ADVANCED_FACE('',(#450),#451,.F.);
#174=ADVANCED_FACE('',(#452),#453,.F.);
#175=ADVANCED_FACE('',(#454),#455,.F.);
#176=ADVANCED_FACE('',(#456),#457,.T.);
#177=ADVANCED_FACE('',(#458),#459,.T.);
#178=ADVANCED_FACE('',(#460,#461),#462,.F.);
#179=ADVANCED_FACE('',(#463),#464,.T.);
#180=ADVANCED_FACE('',(#465),#466,.F.);
#181=ADVANCED_FACE('',(#467),#468,.F.);
#182=ADVANCED_FACE('',(#469,#470),#471,.T.);
#183=ADVANCED_FACE('',(#472),#473,.F.);
#184=ADVANCED_FACE('',(#474),#475,.F.);
#185=ADVANCED_FACE('',(#476),#477,.T.);
#187=FACE_OUTER_BOUND('',#478,.T.);
#188=CYLINDRICAL_SURFACE('',#479,3.175);
#189=FACE_OUTER_BOUND('',#480,.T.);
#190=CYLINDRICAL_SURFACE('',#481,3.175);
#191=FACE_OUTER_BOUND('',#482,.T.);
#192=CYLINDRICAL_SURFACE('',#483,3.175);
#193=FACE_OUTER_BOUND('',#484,.T.);
#194=CYLINDRICAL_SURFACE('',#485,3.175);
#195=FACE_OUTER_BOUND('',#486,.T.);
#196=CYLINDRICAL_SURFACE('',#487,3.175);
#197=FACE_OUTER_BOUND('',#488,.T.);
#198=CYLINDRICAL_SURFACE('',#489,3.175);
#199=FACE_OUTER_BOUND('',#490,.T.);
#200=CYLINDRICAL_SURFACE('',#491,3.175);
#201=FACE_OUTER_BOUND('',#492,.T.);
#202=CYLINDRICAL_SURFACE('',#493,3.175);
#203=FACE_OUTER_BOUND('',#494,.T.);
#204=CYLINDRICAL_SURFACE('',#495,3.175);
#205=FACE_OUTER_BOUND('',#496,.T.);
#206=CYLINDRICAL_SURFACE('',#497,3.175);
#207=FACE_OUTER_BOUND('',#498,.T.);
#208=CYLINDRICAL_SURFACE('',#499,3.175);
#209=FACE_OUTER_BOUND('',#500,.T.);
#210=CYLINDRICAL_SURFACE('',#501,3.175);
#211=FACE_OUTER_BOUND('',#502,.T.);
#212=CYLINDRICAL_SURFACE('',#503,3.175);
#213=FACE_OUTER_BOUND('',#504,.T.);
#214=CYLINDRICAL_SURFACE('',#505,3.175);
#215=FACE_OUTER_BOUND('',#506,.T.);
#216=CYLINDRICAL_SURFACE('',#507,3.175);
#217=FACE_OUTER_BOUND('',#508,.T.);
#218=CYLINDRICAL_SURFACE('',#509,3.175);
#219=FACE_OUTER_BOUND('',#510,.T.);
#220=B_SPLINE_SURFACE_WITH_KNOTS('',3,3,((#511,#512,#513,#514,#515,#516,#517,#518,#519,#520,#521,#522,#523,#524,#525,#526,#527,#528,#529,#530,#531,#532,#533,#534,#535,#536,#537,#538,#539,#540,#541,#542,#543,#544,#545),(#546,#547,#548,#549,#550,#551,#552,#553,#554,#555,#556,#557,#558,#559,#560,#561,#562,#563,#564,#565,#566,#567,#568,#569,#570,#571,#572,#573,#574,#575,#576,#577,#578,#579,#580),(#581,#582,#583,#584,#585,#586,#587,#588,#589,#590,#591,#592,#593,#594,#595,#596,#597,#598,#599,#600,#601,#602,#603,#604,#605,#606,#607,#608,#609,#610,#611,#612,#613,#614,#615),(#616,#617,#618,#619,#620,#621,#622,#623,#624,#625,#626,#627,#628,#629,#630,#631,#632,#633,#634,#635,#636,#637,#638,#639,#640,#641,#642,#643,#644,#645,#646,#647,#648,#649,#650)),.UNSPECIFIED.,.F.,.F.,.F.,(4,4),(4,1,1,1,1,1,1,1,1,1,1,1,1,1,1,1,1,1,1,1,1,1,1,1,1,1,1,1,1,1,1,1,4),(-0.0189985839076441,1.02128447813119),(0.1386363688537,0.1660817786696,0.1935271884856,0.2209725983015,0.2484180081174,0.2758634179334,0.3033088277493,0.3307542375653,0.3581996473812,0.3856450571971,0.4130904670131,0.440535876829,0.4679812866449,0.4954266964609,0.5228721062768,0.5503175160927,0.5777629259087,0.6052083357246,0.6326537455406,0.6600991553565,0.6875445651724,0.7149899749884,0.7424353848043,0.7698807946202,0.7973262044362,0.8247716142521,0.852217024068,0.879662433884,0.9071078436999,0.9345532535158,0.9619986633318,0.9894440731477,1.00228983866339),.UNSPECIFIED.);
#221=FACE_OUTER_BOUND('',#651,.T.);
#222=CONICAL_SURFACE('',#652,2.9375,0.7853981633973);
#223=FACE_OUTER_BOUND('',#653,.T.);
#224=B_SPLINE_SURFACE_WITH_KNOTS('',3,3,((#654,#655,#656,#657,#658,#659,#660,#661,#662,#663,#664,#665,#666,#667,#668,#669,#670,#671,#672,#673,#674,#675,#676,#677,#678,#679,#680,#681,#682,#683,#684,#685,#686,#687,#688),(#689,#690,#691,#692,#693,#694,#695,#696,#697,#698,#699,#700,#701,#702,#703,#704,#705,#706,#707,#708,#709,#710,#711,#712,#713,#714,#715,#716,#717,#718,#719,#720,#721,#722,#723),(#724,#725,#726,#727,#728,#729,#730,#731,#732,#733,#734,#735,#736,#737,#738,#739,#740,#741,#742,#743,#744,#745,#746,#747,#748,#749,#750,#751,#752,#753,#754,#755,#756,#757,#758),(#759,#760,#761,#762,#763,#764,#765,#766,#767,#768,#769,#770,#771,#772,#773,#774,#775,#776,#777,#778,#779,#780,#781,#782,#783,#784,#785,#786,#787,#788,#789,#790,#791,#792,#793)),.UNSPECIFIED.,.F.,.F.,.F.,(4,4),(4,1,1,1,1,1,1,1,1,1,1,1,1,1,1,1,1,1,1,1,1,1,1,1,1,1,1,1,1,1,1,1,4),(-0.00636527594205356,1.00982398527459),(0.181157379265252,0.2019908695787,0.2282544612128,0.254518052847,0.2807816444811,0.3070452361152,0.3333088277493,0.3595724193834,0.3858360110176,0.4120996026517,0.4383631942858,0.4646267859199,0.490890377554,0.5171539691881,0.5434175608223,0.5696811524564,0.5959447440905,0.6222083357246,0.6484719273587,0.6747355189928,0.700999110627,0.7272627022611,0.7535262938952,0.7797898855293,0.8060534771634,0.8323170687976,0.8585806604317,0.8848442520658,0.9111078436999,0.937371435334,0.9636350269681,0.9898986186023,1.00426639096554),.UNSPECIFIED.);
#225=FACE_OUTER_BOUND('',#794,.T.);
#226=B_SPLINE_SURFACE_WITH_KNOTS('',3,3,((#795,#796,#797,#798,#799,#800,#801,#802,#803,#804,#805,#806,#807,#808,#809,#810,#811,#812,#813,#814,#815,#816,#817,#818,#819,#820,#821,#822,#823,#824,#825,#826,#827,#828,#829),(#830,#831,#832,#833,#834,#835,#836,#837,#838,#839,#840,#841,#842,#843,#844,#845,#846,#847,#848,#849,#850,#851,#852,#853,#854,#855,#856,#857,#858,#859,#860,#861,#862,#863,#864),(#865,#866,#867,#868,#869,#870,#871,#872,#873,#874,#875,#876,#877,#878,#879,#880,#881,#882,#883,#884,#885,#886,#887,#888,#889,#890,#891,#892,#893,#894,#895,#896,#897,#898,#899),(#900,#901,#902,#903,#904,#905,#906,#907,#908,#909,#910,#911,#912,#913,#914,#915,#916,#917,#918,#919,#920,#921,#922,#923,#924,#925,#926,#927,#928,#929,#930,#931,#932,#933,#934)),.UNSPECIFIED.,.F.,.F.,.F.,(4,4),(4,1,1,1,1,1,1,1,1,1,1,1,1,1,1,1,1,1,1,1,1,1,1,1,1,1,1,1,1,1,1,1,4),(-0.0114781665953859,1.011478166595),(0.144158050718012,0.1660817786696,0.1935271884856,0.2209725983015,0.2484180081174,0.2758634179334,0.3033088277493,0.3307542375653,0.3581996473812,0.3856450571971,0.4130904670131,0.440535876829,0.4679812866449,0.4954266964609,0.5228721062768,0.5503175160927,0.5777629259087,0.6052083357246,0.6326537455406,0.6600991553565,0.6875445651724,0.7149899749884,0.7424353848043,0.7698807946202,0.7973262044362,0.8247716142521,0.852217024068,0.879662433884,0.9071078436999,0.9345532535158,0.9619986633318,0.9894440731477,1.01136780109952),.UNSPECIFIED.);
#227=FACE_OUTER_BOUND('',#935,.T.);
#228=B_SPLINE_SURFACE_WITH_KNOTS('',3,3,((#936,#937,#938,#939,#940,#941,#942,#943,#944,#945,#946,#947,#948,#949,#950,#951,#952,#953,#954,#955,#956,#957,#958,#959,#960,#961,#962,#963,#964,#965,#966,#967,#968,#969,#970),(#971,#972,#973,#974,#975,#976,#977,#978,#979,#980,#981,#982,#983,#984,#985,#986,#987,#988,#989,#990,#991,#992,#993,#994,#995,#996,#997,#998,#999,#1000,#1001,#1002,#1003,#1004,#1005),(#1006,#1007,#1008,#1009,#1010,#1011,#1012,#1013,#1014,#1015,#1016,#1017,#1018,#1019,#1020,#1021,#1022,#1023,#1024,#1025,#1026,#1027,#1028,#1029,#1030,#1031,#1032,#1033,#1034,#1035,#1036,#1037,#1038,#1039,#1040),(#1041,#1042,#1043,#1044,#1045,#1046,#1047,#1048,#1049,#1050,#1051,#1052,#1053,#1054,#1055,#1056,#1057,#1058,#1059,#1060,#1061,#1062,#1063,#1064,#1065,#1066,#1067,#1068,#1069,#1070,#1071,#1072,#1073,#1074,#1075)),.UNSPECIFIED.,.F.,.F.,.F.,(4,4),(4,1,1,1,1,1,1,1,1,1,1,1,1,1,1,1,1,1,1,1,1,1,1,1,1,1,1,1,1,1,1,1,4),(-0.0116303589743346,1.01163035897507),(-0.0113733649123179,0.0125,0.045,0.0775,0.11,0.1425,0.175,0.2075,0.24,0.2725,0.305,0.3375,0.37,0.4025,0.435,0.4675,0.5,0.5325,0.565,0.5975,0.63,0.6625,0.695,0.7275,0.76,0.7925,0.825,0.8575,0.89,0.9225,0.955,0.9875,1.0113733649123),.UNSPECIFIED.);
#229=FACE_OUTER_BOUND('',#1076,.T.);
#230=B_SPLINE_SURFACE_WITH_KNOTS('',3,3,((#1077,#1078,#1079,#1080,#1081,#1082,#1083,#1084,#1085,#1086,#1087,#1088,#1089,#1090,#1091,#1092,#1093,#1094,#1095,#1096,#1097,#1098,#1099,#1100,#1101,#1102,#1103,#1104,#1105,#1106,#1107,#1108,#1109,#1110,#1111),(#1112,#1113,#1114,#1115,#1116,#1117,#1118,#1119,#1120,#1121,#1122,#1123,#1124,#1125,#1126,#1127,#1128,#1129,#1130,#1131,#1132,#1133,#1134,#1135,#1136,#1137,#1138,#1139,#1140,#1141,#1142,#1143,#1144,#1145,#1146),(#1147,#1148,#1149,#1150,#1151,#1152,#1153,#1154,#1155,#1156,#1157,#1158,#1159,#1160,#1161,#1162,#1163,#1164,#1165,#1166,#1167,#1168,#1169,#1170,#1171,#1172,#1173,#1174,#1175,#1176,#1177,#1178,#1179,#1180,#1181),(#1182,#1183,#1184,#1185,#1186,#1187,#1188,#1189,#1190,#1191,#1192,#1193,#1194,#1195,#1196,#1197,#1198,#1199,#1200,#1201,#1202,#1203,#1204,#1205,#1206,#1207,#1208,#1209,#1210,#1211,#1212,#1213,#1214,#1215,#1216)),.UNSPECIFIED.,.F.,.F.,.F.,(4,4),(4,1,1,1,1,1,1,1,1,1,1,1,1,1,1,1,1,1,1,1,1,1,1,1,1,1,1,1,1,1,1,1,4),(-0.00189035916855451,1.00952328989871),(-0.00190008771698495,0.0125,0.045,0.0775,0.11,0.1425,0.175,0.2075,0.24,0.2725,0.305,0.3375,0.37,0.4025,0.435,0.4675,0.5,0.5325,0.565,0.5975,0.63,0.6625,0.695,0.7275,0.76,0.7925,0.825,0.8575,0.89,0.9225,0.955,0.9875,1.00314814407917),.UNSPECIFIED.);
#231=FACE_OUTER_BOUND('',#1217,.T.);
#232=CYLINDRICAL_SURFACE('',#1218,3.175);
#233=FACE_OUTER_BOUND('',#1219,.T.);
#234=CYLINDRICAL_SURFACE('',#1220,3.175);
#235=FACE_OUTER_BOUND('',#1221,.T.);
#236=CYLINDRICAL_SURFACE('',#1222,3.175);
#237=FACE_OUTER_BOUND('',#1223,.T.);
#238=CYLINDRICAL_SURFACE('',#1224,3.175);
#239=FACE_OUTER_BOUND('',#1225,.T.);
#240=CYLINDRICAL_SURFACE('',#1226,3.175);
#241=FACE_OUTER_BOUND('',#1227,.T.);
#242=CYLINDRICAL_SURFACE('',#1228,3.175);
#243=FACE_OUTER_BOUND('',#1229,.T.);
#244=CYLINDRICAL_SURFACE('',#1230,3.175);
#245=FACE_OUTER_BOUND('',#1231,.T.);
#246=CYLINDRICAL_SURFACE('',#1232,3.175);
#247=FACE_OUTER_BOUND('',#1233,.T.);
#248=CYLINDRICAL_SURFACE('',#1234,3.175);
#249=FACE_OUTER_BOUND('',#1235,.T.);
#250=CYLINDRICAL_SURFACE('',#1236,3.175);
#251=FACE_OUTER_BOUND('',#1237,.T.);
#252=CYLINDRICAL_SURFACE('',#1238,3.175);
#253=FACE_OUTER_BOUND('',#1239,.T.);
#254=CYLINDRICAL_SURFACE('',#1240,3.175);
#255=FACE_OUTER_BOUND('',#1241,.T.);
#256=CYLINDRICAL_SURFACE('',#1242,3.175);
#257=FACE_OUTER_BOUND('',#1243,.T.);
#258=CYLINDRICAL_SURFACE('',#1244,3.175);
#259=FACE_OUTER_BOUND('',#1245,.T.);
#260=B_SPLINE_SURFACE_WITH_KNOTS('',3,3,((#1246,#1247,#1248,#1249,#1250,#1251,#1252,#1253,#1254,#1255,#1256,#1257,#1258,#1259,#1260,#1261,#1262,#1263,#1264,#1265,#1266,#1267,#1268,#1269,#1270,#1271,#1272,#1273,#1274,#1275,#1276,#1277,#1278,#1279,#1280),(#1281,#1282,#1283,#1284,#1285,#1286,#1287,#1288,#1289,#1290,#1291,#1292,#1293,#1294,#1295,#1296,#1297,#1298,#1299,#1300,#1301,#1302,#1303,#1304,#1305,#1306,#1307,#1308,#1309,#1310,#1311,#1312,#1313,#1314,#1315),(#1316,#1317,#1318,#1319,#1320,#1321,#1322,#1323,#1324,#1325,#1326,#1327,#1328,#1329,#1330,#1331,#1332,#1333,#1334,#1335,#1336,#1337,#1338,#1339,#1340,#1341,#1342,#1343,#1344,#1345,#1346,#1347,#1348,#1349,#1350),(#1351,#1352,#1353,#1354,#1355,#1356,#1357,#1358,#1359,#1360,#1361,#1362,#1363,#1364,#1365,#1366,#1367,#1368,#1369,#1370,#1371,#1372,#1373,#1374,#1375,#1376,#1377,#1378,#1379,#1380,#1381,#1382,#1383,#1384,#1385)),.UNSPECIFIED.,.F.,.F.,.F.,(4,4),(4,1,1,1,1,1,1,1,1,1,1,1,1,1,1,1,1,1,1,1,1,1,1,1,1,1,1,1,1,1,1,1,4),(-0.00952392227720742,1.00189035916865),(-0.00190008771698502,0.0125,0.045,0.0775,0.11,0.1425,0.175,0.2075,0.24,0.2725,0.305,0.3375,0.37,0.4025,0.435,0.4675,0.5,0.5325,0.565,0.5975,0.63,0.6625,0.695,0.7275,0.76,0.7925,0.825,0.8575,0.89,0.9225,0.955,0.9875,1.00314975582372),.UNSPECIFIED.);
#261=FACE_OUTER_BOUND('',#1386,.T.);
#262=B_SPLINE_SURFACE_WITH_KNOTS('',3,3,((#1387,#1388,#1389,#1390,#1391,#1392,#1393,#1394,#1395,#1396,#1397,#1398,#1399,#1400,#1401,#1402,#1403,#1404,#1405,#1406,#1407,#1408,#1409,#1410,#1411,#1412,#1413,#1414,#1415,#1416,#1417,#1418,#1419,#1420,#1421),(#1422,#1423,#1424,#1425,#1426,#1427,#1428,#1429,#1430,#1431,#1432,#1433,#1434,#1435,#1436,#1437,#1438,#1439,#1440,#1441,#1442,#1443,#1444,#1445,#1446,#1447,#1448,#1449,#1450,#1451,#1452,#1453,#1454,#1455,#1456),(#1457,#1458,#1459,#1460,#1461,#1462,#1463,#1464,#1465,#1466,#1467,#1468,#1469,#1470,#1471,#1472,#1473,#1474,#1475,#1476,#1477,#1478,#1479,#1480,#1481,#1482,#1483,#1484,#1485,#1486,#1487,#1488,#1489,#1490,#1491),(#1492,#1493,#1494,#1495,#1496,#1497,#1498,#1499,#1500,#1501,#1502,#1503,#1504,#1505,#1506,#1507,#1508,#1509,#1510,#1511,#1512,#1513,#1514,#1515,#1516,#1517,#1518,#1519,#1520,#1521,#1522,#1523,#1524,#1525,#1526)),.UNSPECIFIED.,.F.,.F.,.F.,(4,4),(4,1,1,1,1,1,1,1,1,1,1,1,1,1,1,1,1,1,1,1,1,1,1,1,1,1,1,1,1,1,1,1,4),(-0.00885748286651693,1.00189035916815),(-0.0019000877169876,0.0125,0.045,0.0775,0.11,0.1425,0.175,0.2075,0.24,0.2725,0.305,0.3375,0.37,0.4025,0.435,0.4675,0.5,0.5325,0.565,0.5975,0.63,0.6625,0.695,0.7275,0.76,0.7925,0.825,0.8575,0.89,0.9225,0.955,0.9875,1.0023934896148),.UNSPECIFIED.);
#263=FACE_OUTER_BOUND('',#1527,.T.);
#264=B_SPLINE_SURFACE_WITH_KNOTS('',3,3,((#1528,#1529,#1530,#1531,#1532,#1533,#1534,#1535,#1536,#1537,#1538,#1539,#1540,#1541,#1542,#1543,#1544,#1545,#1546,#1547,#1548,#1549,#1550,#1551,#1552,#1553,#1554,#1555,#1556,#1557,#1558,#1559,#1560,#1561,#1562),(#1563,#1564,#1565,#1566,#1567,#1568,#1569,#1570,#1571,#1572,#1573,#1574,#1575,#1576,#1577,#1578,#1579,#1580,#1581,#1582,#1583,#1584,#1585,#1586,#1587,#1588,#1589,#1590,#1591,#1592,#1593,#1594,#1595,#1596,#1597),(#1598,#1599,#1600,#1601,#1602,#1603,#1604,#1605,#1606,#1607,#1608,#1609,#1610,#1611,#1612,#1613,#1614,#1615,#1616,#1617,#1618,#1619,#1620,#1621,#1622,#1623,#1624,#1625,#1626,#1627,#1628,#1629,#1630,#1631,#1632),(#1633,#1634,#1635,#1636,#1637,#1638,#1639,#1640,#1641,#1642,#1643,#1644,#1645,#1646,#1647,#1648,#1649,#1650,#1651,#1652,#1653,#1654,#1655,#1656,#1657,#1658,#1659,#1660,#1661,#1662,#1663,#1664,#1665,#1666,#1667)),.UNSPECIFIED.,.F.,.F.,.F.,(4,4),(4,1,1,1,1,1,1,1,1,1,1,1,1,1,1,1,1,1,1,1,1,1,1,1,1,1,1,1,1,1,1,1,4),(-0.0116303589746067,1.01163035897511),(-0.0113733649123192,0.0125,0.045,0.0775,0.11,0.1425,0.175,0.2075,0.24,0.2725,0.305,0.3375,0.37,0.4025,0.435,0.4675,0.5,0.5325,0.565,0.5975,0.63,0.6625,0.695,0.7275,0.76,0.7925,0.825,0.8575,0.89,0.9225,0.955,0.9875,1.01137336491231),.UNSPECIFIED.);
#265=FACE_OUTER_BOUND('',#1668,.T.);
#266=B_SPLINE_SURFACE_WITH_KNOTS('',3,3,((#1669,#1670,#1671,#1672,#1673,#1674,#1675,#1676,#1677,#1678,#1679,#1680,#1681,#1682,#1683,#1684,#1685,#1686,#1687,#1688,#1689,#1690,#1691,#1692,#1693,#1694,#1695,#1696,#1697,#1698,#1699,#1700,#1701,#1702,#1703),(#1704,#1705,#1706,#1707,#1708,#1709,#1710,#1711,#1712,#1713,#1714,#1715,#1716,#1717,#1718,#1719,#1720,#1721,#1722,#1723,#1724,#1725,#1726,#1727,#1728,#1729,#1730,#1731,#1732,#1733,#1734,#1735,#1736,#1737,#1738),(#1739,#1740,#1741,#1742,#1743,#1744,#1745,#1746,#1747,#1748,#1749,#1750,#1751,#1752,#1753,#1754,#1755,#1756,#1757,#1758,#1759,#1760,#1761,#1762,#1763,#1764,#1765,#1766,#1767,#1768,#1769,#1770,#1771,#1772,#1773),(#1774,#1775,#1776,#1777,#1778,#1779,#1780,#1781,#1782,#1783,#1784,#1785,#1786,#1787,#1788,#1789,#1790,#1791,#1792,#1793,#1794,#1795,#1796,#1797,#1798,#1799,#1800,#1801,#1802,#1803,#1804,#1805,#1806,#1807,#1808)),.UNSPECIFIED.,.F.,.F.,.F.,(4,4),(4,1,1,1,1,1,1,1,1,1,1,1,1,1,1,1,1,1,1,1,1,1,1,1,1,1,1,1,1,1,1,1,4),(-0.00189035916828266,1.00885671069862),(-0.00190008771698781,0.0125,0.045,0.0775,0.11,0.1425,0.175,0.2075,0.24,0.2725,0.305,0.3375,0.37,0.4025,0.435,0.4675,0.5,0.5325,0.565,0.5975,0.63,0.6625,0.695,0.7275,0.76,0.7925,0.825,0.8575,0.89,0.9225,0.955,0.9875,1.00239301753177),.UNSPECIFIED.);
#267=FACE_OUTER_BOUND('',#1809,.T.);
#268=B_SPLINE_SURFACE_WITH_KNOTS('',3,3,((#1810,#1811,#1812,#1813,#1814,#1815,#1816,#1817,#1818,#1819,#1820,#1821,#1822,#1823,#1824,#1825,#1826,#1827,#1828,#1829,#1830,#1831,#1832,#1833,#1834,#1835,#1836,#1837,#1838,#1839,#1840,#1841,#1842,#1843,#1844),(#1845,#1846,#1847,#1848,#1849,#1850,#1851,#1852,#1853,#1854,#1855,#1856,#1857,#1858,#1859,#1860,#1861,#1862,#1863,#1864,#1865,#1866,#1867,#1868,#1869,#1870,#1871,#1872,#1873,#1874,#1875,#1876,#1877,#1878,#1879),(#1880,#1881,#1882,#1883,#1884,#1885,#1886,#1887,#1888,#1889,#1890,#1891,#1892,#1893,#1894,#1895,#1896,#1897,#1898,#1899,#1900,#1901,#1902,#1903,#1904,#1905,#1906,#1907,#1908,#1909,#1910,#1911,#1912,#1913,#1914),(#1915,#1916,#1917,#1918,#1919,#1920,#1921,#1922,#1923,#1924,#1925,#1926,#1927,#1928,#1929,#1930,#1931,#1932,#1933,#1934,#1935,#1936,#1937,#1938,#1939,#1940,#1941,#1942,#1943,#1944,#1945,#1946,#1947,#1948,#1949)),.UNSPECIFIED.,.F.,.F.,.F.,(4,4),(4,1,1,1,1,1,1,1,1,1,1,1,1,1,1,1,1,1,1,1,1,1,1,1,1,1,1,1,1,1,1,1,4),(-0.00189035916771889,1.00913303468129),(-0.00190008771697763,0.0125,0.045,0.0775,0.11,0.1425,0.175,0.2075,0.24,0.2725,0.305,0.3375,0.37,0.4025,0.435,0.4675,0.5,0.5325,0.565,0.5975,0.63,0.6625,0.695,0.7275,0.76,0.7925,0.825,0.8575,0.89,0.9225,0.955,0.9875,1.00235857995374),.UNSPECIFIED.);
#269=FACE_OUTER_BOUND('',#1950,.T.);
#270=B_SPLINE_SURFACE_WITH_KNOTS('',3,3,((#1951,#1952,#1953,#1954,#1955,#1956,#1957,#1958,#1959,#1960,#1961,#1962,#1963,#1964,#1965,#1966,#1967,#1968,#1969),(#1970,#1971,#1972,#1973,#1974,#1975,#1976,#1977,#1978,#1979,#1980,#1981,#1982,#1983,#1984,#1985,#1986,#1987,#1988),(#1989,#1990,#1991,#1992,#1993,#1994,#1995,#1996,#1997,#1998,#1999,#2000,#2001,#2002,#2003,#2004,#2005,#2006,#2007),(#2008,#2009,#2010,#2011,#2012,#2013,#2014,#2015,#2016,#2017,#2018,#2019,#2020,#2021,#2022,#2023,#2024,#2025,#2026)),.UNSPECIFIED.,.F.,.F.,.F.,(4,4),(4,1,1,1,1,1,1,1,1,1,1,1,1,1,1,1,4),(-0.01573742525595,1.01569478592829),(-0.00527296491587553,0.02193285123967,0.05361363636364,0.0852944214876,0.1169752066116,0.1486559917355,0.1803367768595,0.2120175619835,0.2436983471074,0.2753791322314,0.3070599173554,0.3387407024793,0.3704214876033,0.4021022727273,0.4337830578512,0.4654638429752,0.4971446280992),.UNSPECIFIED.);
#271=FACE_OUTER_BOUND('',#2027,.T.);
#272=FACE_BOUND('',#2028,.T.);
#273=PLANE('',#2029);
#274=FACE_OUTER_BOUND('',#2030,.T.);
#275=CYLINDRICAL_SURFACE('',#2031,3.2);
#276=FACE_OUTER_BOUND('',#2032,.T.);
#277=PLANE('',#2033);
#278=FACE_OUTER_BOUND('',#2034,.T.);
#279=PLANE('',#2035);
#280=FACE_OUTER_BOUND('',#2036,.T.);
#281=PLANE('',#2037);
#282=FACE_OUTER_BOUND('',#2038,.T.);
#283=PLANE('',#2039);
#284=FACE_OUTER_BOUND('',#2040,.T.);
#285=CYLINDRICAL_SURFACE('',#2041,0.2);
#286=FACE_OUTER_BOUND('',#2042,.T.);
#287=CYLINDRICAL_SURFACE('',#2043,0.2);
#288=FACE_OUTER_BOUND('',#2044,.T.);
#289=PLANE('',#2045);
#290=FACE_OUTER_BOUND('',#2046,.T.);
#291=PLANE('',#2047);
#292=FACE_OUTER_BOUND('',#2048,.T.);
#293=CYLINDRICAL_SURFACE('',#2049,0.1);
#294=FACE_OUTER_BOUND('',#2050,.T.);
#295=SPHERICAL_SURFACE('',#2051,0.1);
#296=FACE_OUTER_BOUND('',#2052,.T.);
#297=CYLINDRICAL_SURFACE('',#2053,0.1);
#298=FACE_OUTER_BOUND('',#2054,.T.);
#299=FACE_BOUND('',#2055,.T.);
#300=PLANE('',#2056);
#301=FACE_OUTER_BOUND('',#2057,.T.);
#302=CYLINDRICAL_SURFACE('',#2058,2.6);
#303=FACE_OUTER_BOUND('',#2059,.T.);
#304=CYLINDRICAL_SURFACE('',#2060,2.6);
#305=FACE_OUTER_BOUND('',#2061,.T.);
#306=FACE_BOUND('',#2062,.T.);
#307=PLANE('',#2063);
#308=FACE_OUTER_BOUND('',#2064,.T.);
#309=CYLINDRICAL_SURFACE('',#2065,0.2);
#310=FACE_OUTER_BOUND('',#2066,.T.);
#311=CYLINDRICAL_SURFACE('',#2067,0.2);
#312=FACE_OUTER_BOUND('',#2068,.T.);
#313=FACE_BOUND('',#2069,.T.);
#314=PLANE('',#2070);
#315=FACE_OUTER_BOUND('',#2071,.T.);
#316=PLANE('',#2072);
#317=FACE_OUTER_BOUND('',#2073,.T.);
#318=CYLINDRICAL_SURFACE('',#2074,2.6);
#319=FACE_OUTER_BOUND('',#2075,.T.);
#320=CYLINDRICAL_SURFACE('',#2076,2.6);
#321=FACE_OUTER_BOUND('',#2077,.T.);
#322=PLANE('',#2078);
#323=FACE_OUTER_BOUND('',#2079,.T.);
#324=CYLINDRICAL_SURFACE('',#2080,0.1);
#325=FACE_OUTER_BOUND('',#2081,.T.);
#326=SPHERICAL_SURFACE('',#2082,0.1);
#327=FACE_OUTER_BOUND('',#2083,.T.);
#328=CYLINDRICAL_SURFACE('',#2084,0.1);
#329=FACE_OUTER_BOUND('',#2085,.T.);
#330=PLANE('',#2086);
#331=FACE_OUTER_BOUND('',#2087,.T.);
#332=PLANE('',#2088);
#333=FACE_OUTER_BOUND('',#2089,.T.);
#334=CYLINDRICAL_SURFACE('',#2090,0.1);
#335=FACE_OUTER_BOUND('',#2091,.T.);
#336=CYLINDRICAL_SURFACE('',#2092,0.1);
#337=FACE_OUTER_BOUND('',#2093,.T.);
#338=SPHERICAL_SURFACE('',#2094,0.1);
#339=FACE_OUTER_BOUND('',#2095,.T.);
#340=CYLINDRICAL_SURFACE('',#2096,0.1);
#341=FACE_OUTER_BOUND('',#2097,.T.);
#342=PLANE('',#2098);
#343=FACE_OUTER_BOUND('',#2099,.T.);
#344=CYLINDRICAL_SURFACE('',#2100,0.1);
#345=FACE_OUTER_BOUND('',#2101,.T.);
#346=SPHERICAL_SURFACE('',#2102,0.1);
#347=FACE_OUTER_BOUND('',#2103,.T.);
#348=CYLINDRICAL_SURFACE('',#2104,0.1);
#349=FACE_OUTER_BOUND('',#2105,.T.);
#350=SPHERICAL_SURFACE('',#2106,0.1);
#351=FACE_OUTER_BOUND('',#2107,.T.);
#352=CYLINDRICAL_SURFACE('',#2108,0.1);
#353=FACE_OUTER_BOUND('',#2109,.T.);
#354=SPHERICAL_SURFACE('',#2110,0.1);
#355=FACE_OUTER_BOUND('',#2111,.T.);
#356=CYLINDRICAL_SURFACE('',#2112,0.1);
#357=FACE_OUTER_BOUND('',#2113,.T.);
#358=CYLINDRICAL_SURFACE('',#2114,0.1);
#359=FACE_OUTER_BOUND('',#2115,.T.);
#360=SPHERICAL_SURFACE('',#2116,0.1);
#361=FACE_OUTER_BOUND('',#2117,.T.);
#362=CYLINDRICAL_SURFACE('',#2118,0.1);
#363=FACE_OUTER_BOUND('',#2119,.T.);
#364=SPHERICAL_SURFACE('',#2120,0.1);
#365=FACE_OUTER_BOUND('',#2121,.T.);
#366=CYLINDRICAL_SURFACE('',#2122,0.1);
#367=FACE_OUTER_BOUND('',#2123,.T.);
#368=CYLINDRICAL_SURFACE('',#2124,3.2);
#369=FACE_OUTER_BOUND('',#2125,.T.);
#370=CYLINDRICAL_SURFACE('',#2126,0.1);
#371=FACE_OUTER_BOUND('',#2127,.T.);
#372=FACE_BOUND('',#2128,.T.);
#373=PLANE('',#2129);
#374=FACE_OUTER_BOUND('',#2130,.T.);
#375=FACE_BOUND('',#2131,.T.);
#376=PLANE('',#2132);
#377=FACE_OUTER_BOUND('',#2133,.T.);
#378=FACE_BOUND('',#2134,.T.);
#379=PLANE('',#2135);
#380=FACE_OUTER_BOUND('',#2136,.T.);
#381=FACE_BOUND('',#2137,.T.);
#382=PLANE('',#2138);
#383=FACE_OUTER_BOUND('',#2139,.T.);
#384=PLANE('',#2140);
#385=FACE_OUTER_BOUND('',#2141,.T.);
#386=FACE_BOUND('',#2142,.T.);
#387=PLANE('',#2143);
#388=FACE_OUTER_BOUND('',#2144,.T.);
#389=PLANE('',#2145);
#390=FACE_OUTER_BOUND('',#2146,.T.);
#391=PLANE('',#2147);
#392=FACE_OUTER_BOUND('',#2148,.T.);
#393=PLANE('',#2149);
#394=FACE_OUTER_BOUND('',#2150,.T.);
#395=PLANE('',#2151);
#396=FACE_OUTER_BOUND('',#2152,.T.);
#397=PLANE('',#2153);
#398=FACE_OUTER_BOUND('',#2154,.T.);
#399=PLANE('',#2155);
#400=FACE_OUTER_BOUND('',#2156,.T.);
#401=PLANE('',#2157);
#402=FACE_OUTER_BOUND('',#2158,.T.);
#403=CYLINDRICAL_SURFACE('',#2159,0.635);
#404=FACE_OUTER_BOUND('',#2160,.T.);
#405=CYLINDRICAL_SURFACE('',#2161,0.635);
#406=FACE_OUTER_BOUND('',#2162,.T.);
#407=PLANE('',#2163);
#408=FACE_OUTER_BOUND('',#2164,.T.);
#409=PLANE('',#2165);
#410=FACE_OUTER_BOUND('',#2166,.T.);
#411=PLANE('',#2167);
#412=FACE_OUTER_BOUND('',#2168,.T.);
#413=PLANE('',#2169);
#414=FACE_OUTER_BOUND('',#2170,.T.);
#415=PLANE('',#2171);
#416=FACE_OUTER_BOUND('',#2172,.T.);
#417=PLANE('',#2173);
#418=FACE_OUTER_BOUND('',#2174,.T.);
#419=PLANE('',#2175);
#420=FACE_OUTER_BOUND('',#2176,.T.);
#421=PLANE('',#2177);
#422=FACE_OUTER_BOUND('',#2178,.T.);
#423=PLANE('',#2179);
#424=FACE_OUTER_BOUND('',#2180,.T.);
#425=PLANE('',#2181);
#426=FACE_OUTER_BOUND('',#2182,.T.);
#427=PLANE('',#2183);
#428=FACE_OUTER_BOUND('',#2184,.T.);
#429=PLANE('',#2185);
#430=FACE_OUTER_BOUND('',#2186,.T.);
#431=PLANE('',#2187);
#432=FACE_OUTER_BOUND('',#2188,.T.);
#433=PLANE('',#2189);
#434=FACE_OUTER_BOUND('',#2190,.T.);
#435=PLANE('',#2191);
#436=FACE_OUTER_BOUND('',#2192,.T.);
#437=PLANE('',#2193);
#438=FACE_OUTER_BOUND('',#2194,.T.);
#439=PLANE('',#2195);
#440=FACE_OUTER_BOUND('',#2196,.T.);
#441=PLANE('',#2197);
#442=FACE_OUTER_BOUND('',#2198,.T.);
#443=PLANE('',#2199);
#444=FACE_OUTER_BOUND('',#2200,.T.);
#445=PLANE('',#2201);
#446=FACE_OUTER_BOUND('',#2202,.T.);
#447=PLANE('',#2203);
#448=FACE_OUTER_BOUND('',#2204,.T.);
#449=B_SPLINE_SURFACE_WITH_KNOTS('',3,3,((#2205,#2206,#2207,#2208,#2209,#2210,#2211,#2212,#2213,#2214,#2215,#2216,#2217,#2218,#2219,#2220,#2221,#2222,#2223,#2224,#2225,#2226,#2227,#2228,#2229,#2230,#2231,#2232,#2233,#2234,#2235,#2236,#2237,#2238,#2239),(#2240,#2241,#2242,#2243,#2244,#2245,#2246,#2247,#2248,#2249,#2250,#2251,#2252,#2253,#2254,#2255,#2256,#2257,#2258,#2259,#2260,#2261,#2262,#2263,#2264,#2265,#2266,#2267,#2268,#2269,#2270,#2271,#2272,#2273,#2274),(#2275,#2276,#2277,#2278,#2279,#2280,#2281,#2282,#2283,#2284,#2285,#2286,#2287,#2288,#2289,#2290,#2291,#2292,#2293,#2294,#2295,#2296,#2297,#2298,#2299,#2300,#2301,#2302,#2303,#2304,#2305,#2306,#2307,#2308,#2309),(#2310,#2311,#2312,#2313,#2314,#2315,#2316,#2317,#2318,#2319,#2320,#2321,#2322,#2323,#2324,#2325,#2326,#2327,#2328,#2329,#2330,#2331,#2332,#2333,#2334,#2335,#2336,#2337,#2338,#2339,#2340,#2341,#2342,#2343,#2344)),.UNSPECIFIED.,.F.,.F.,.F.,(4,4),(4,1,1,1,1,1,1,1,1,1,1,1,1,1,1,1,1,1,1,1,1,1,1,1,1,1,1,1,1,1,1,1,4),(-0.0193278090785794,1.01906946956285),(-0.00448726378476777,0.007913223140496,0.02848760330579,0.04906198347108,0.06963636363637,0.09021074380166,0.1107851239669,0.1313595041322,0.1519338842975,0.1725082644628,0.1930826446281,0.2136570247934,0.2342314049587,0.254805785124,0.2753801652893,0.2959545454546,0.3165289256198,0.3371033057851,0.3576776859504,0.3782520661157,0.398826446281,0.4194008264463,0.4399752066116,0.4605495867769,0.4811239669422,0.5016983471075,0.5222727272727,0.542847107438,0.5634214876033,0.5839958677686,0.6045702479339,0.6251446280992,0.6457190082645),.UNSPECIFIED.);
#450=FACE_OUTER_BOUND('',#2345,.T.);
#451=B_SPLINE_SURFACE_WITH_KNOTS('',3,3,((#2346,#2347,#2348,#2349,#2350,#2351,#2352,#2353,#2354,#2355,#2356,#2357,#2358,#2359,#2360,#2361,#2362,#2363,#2364,#2365,#2366,#2367,#2368,#2369,#2370,#2371,#2372,#2373,#2374,#2375,#2376,#2377,#2378,#2379,#2380),(#2381,#2382,#2383,#2384,#2385,#2386,#2387,#2388,#2389,#2390,#2391,#2392,#2393,#2394,#2395,#2396,#2397,#2398,#2399,#2400,#2401,#2402,#2403,#2404,#2405,#2406,#2407,#2408,#2409,#2410,#2411,#2412,#2413,#2414,#2415),(#2416,#2417,#2418,#2419,#2420,#2421,#2422,#2423,#2424,#2425,#2426,#2427,#2428,#2429,#2430,#2431,#2432,#2433,#2434,#2435,#2436,#2437,#2438,#2439,#2440,#2441,#2442,#2443,#2444,#2445,#2446,#2447,#2448,#2449,#2450),(#2451,#2452,#2453,#2454,#2455,#2456,#2457,#2458,#2459,#2460,#2461,#2462,#2463,#2464,#2465,#2466,#2467,#2468,#2469,#2470,#2471,#2472,#2473,#2474,#2475,#2476,#2477,#2478,#2479,#2480,#2481,#2482,#2483,#2484,#2485)),.UNSPECIFIED.,.F.,.F.,.F.,(4,4),(4,1,1,1,1,1,1,1,1,1,1,1,1,1,1,1,1,1,1,1,1,1,1,1,1,1,1,1,1,1,1,1,4),(-0.00913330771274617,1.00189035916757),(-0.00190008771697742,0.0125,0.045,0.0775,0.11,0.1425,0.175,0.2075,0.24,0.2725,0.305,0.3375,0.37,0.4025,0.435,0.4675,0.5,0.5325,0.565,0.5975,0.63,0.6625,0.695,0.7275,0.76,0.7925,0.825,0.8575,0.89,0.9225,0.955,0.9875,1.00235893082157),.UNSPECIFIED.);
#452=FACE_OUTER_BOUND('',#2486,.T.);
#453=B_SPLINE_SURFACE_WITH_KNOTS('',3,3,((#2487,#2488,#2489,#2490,#2491,#2492,#2493,#2494,#2495,#2496,#2497,#2498,#2499,#2500,#2501,#2502,#2503,#2504,#2505,#2506,#2507,#2508,#2509,#2510,#2511,#2512,#2513,#2514,#2515,#2516,#2517,#2518,#2519,#2520,#2521),(#2522,#2523,#2524,#2525,#2526,#2527,#2528,#2529,#2530,#2531,#2532,#2533,#2534,#2535,#2536,#2537,#2538,#2539,#2540,#2541,#2542,#2543,#2544,#2545,#2546,#2547,#2548,#2549,#2550,#2551,#2552,#2553,#2554,#2555,#2556),(#2557,#2558,#2559,#2560,#2561,#2562,#2563,#2564,#2565,#2566,#2567,#2568,#2569,#2570,#2571,#2572,#2573,#2574,#2575,#2576,#2577,#2578,#2579,#2580,#2581,#2582,#2583,#2584,#2585,#2586,#2587,#2588,#2589,#2590,#2591),(#2592,#2593,#2594,#2595,#2596,#2597,#2598,#2599,#2600,#2601,#2602,#2603,#2604,#2605,#2606,#2607,#2608,#2609,#2610,#2611,#2612,#2613,#2614,#2615,#2616,#2617,#2618,#2619,#2620,#2621,#2622,#2623,#2624,#2625,#2626)),.UNSPECIFIED.,.F.,.F.,.F.,(4,4),(4,1,1,1,1,1,1,1,1,1,1,1,1,1,1,1,1,1,1,1,1,1,1,1,1,1,1,1,1,1,1,1,4),(-0.0116303589745477,1.01163035897489),(-0.0113733353676586,0.0125,0.045,0.0775,0.11,0.1425,0.175,0.2075,0.24,0.2725,0.305,0.3375,0.37,0.4025,0.435,0.4675,0.5,0.5325,0.565,0.5975,0.63,0.6625,0.695,0.7275,0.76,0.7925,0.825,0.8575,0.89,0.9225,0.955,0.9875,1.01137333536796),.UNSPECIFIED.);
#454=FACE_OUTER_BOUND('',#2627,.T.);
#455=B_SPLINE_SURFACE_WITH_KNOTS('',3,3,((#2628,#2629,#2630,#2631,#2632,#2633,#2634,#2635,#2636,#2637,#2638,#2639,#2640,#2641,#2642,#2643,#2644,#2645,#2646,#2647,#2648,#2649,#2650,#2651,#2652,#2653,#2654,#2655,#2656,#2657,#2658,#2659,#2660,#2661,#2662),(#2663,#2664,#2665,#2666,#2667,#2668,#2669,#2670,#2671,#2672,#2673,#2674,#2675,#2676,#2677,#2678,#2679,#2680,#2681,#2682,#2683,#2684,#2685,#2686,#2687,#2688,#2689,#2690,#2691,#2692,#2693,#2694,#2695,#2696,#2697),(#2698,#2699,#2700,#2701,#2702,#2703,#2704,#2705,#2706,#2707,#2708,#2709,#2710,#2711,#2712,#2713,#2714,#2715,#2716,#2717,#2718,#2719,#2720,#2721,#2722,#2723,#2724,#2725,#2726,#2727,#2728,#2729,#2730,#2731,#2732),(#2733,#2734,#2735,#2736,#2737,#2738,#2739,#2740,#2741,#2742,#2743,#2744,#2745,#2746,#2747,#2748,#2749,#2750,#2751,#2752,#2753,#2754,#2755,#2756,#2757,#2758,#2759,#2760,#2761,#2762,#2763,#2764,#2765,#2766,#2767)),.UNSPECIFIED.,.F.,.F.,.F.,(4,4),(4,1,1,1,1,1,1,1,1,1,1,1,1,1,1,1,1,1,1,1,1,1,1,1,1,1,1,1,1,1,1,1,4),(-0.0113531318385133,1.02378214183031),(-0.01047520661157,0.006547004132231,0.02356921487603,0.04059142561983,0.05761363636364,0.07463584710744,0.09165805785124,0.108680268595,0.1257024793388,0.1427246900826,0.1597469008264,0.1767691115702,0.1937913223141,0.2108135330579,0.2278357438017,0.2448579545455,0.2618801652893,0.2789023760331,0.2959245867769,0.3129467975207,0.3299690082645,0.3469912190083,0.3640134297521,0.3810356404959,0.3980578512397,0.4150800619835,0.4321022727273,0.4491244834711,0.4661466942149,0.4831689049587,0.5001911157025,0.5172133264463,0.527600613515512),.UNSPECIFIED.);
#456=FACE_OUTER_BOUND('',#2768,.T.);
#457=CONICAL_SURFACE('',#2769,2.896925625842,0.7853981633973);
#458=FACE_OUTER_BOUND('',#2770,.T.);
#459=CYLINDRICAL_SURFACE('',#2771,2.7);
#460=FACE_OUTER_BOUND('',#2772,.T.);
#461=FACE_BOUND('',#2773,.T.);
#462=PLANE('',#2774);
#463=FACE_OUTER_BOUND('',#2775,.T.);
#464=CYLINDRICAL_SURFACE('',#2776,2.7);
#465=FACE_OUTER_BOUND('',#2777,.T.);
#466=CYLINDRICAL_SURFACE('',#2778,2.325);
#467=FACE_OUTER_BOUND('',#2779,.T.);
#468=CYLINDRICAL_SURFACE('',#2780,2.325);
#469=FACE_OUTER_BOUND('',#2781,.T.);
#470=FACE_BOUND('',#2782,.T.);
#471=PLANE('',#2783);
#472=FACE_OUTER_BOUND('',#2784,.T.);
#473=CYLINDRICAL_SURFACE('',#2785,0.49);
#474=FACE_OUTER_BOUND('',#2786,.T.);
#475=CYLINDRICAL_SURFACE('',#2787,0.49);
#476=FACE_OUTER_BOUND('',#2788,.T.);
#477=PLANE('',#2789);
#478=EDGE_LOOP('',(#2790,#2791,#2792,#2793,#2794));
#479=AXIS2_PLACEMENT_3D('',#2795,#2796,#2797);
#480=EDGE_LOOP('',(#2798,#2799,#2800,#2801));
#481=AXIS2_PLACEMENT_3D('',#2802,#2803,#2804);
#482=EDGE_LOOP('',(#2805,#2806,#2807,#2808));
#483=AXIS2_PLACEMENT_3D('',#2809,#2810,#2811);
#484=EDGE_LOOP('',(#2812,#2813,#2814,#2815,#2816));
#485=AXIS2_PLACEMENT_3D('',#2817,#2818,#2819);
#486=EDGE_LOOP('',(#2820,#2821,#2822,#2823,#2824));
#487=AXIS2_PLACEMENT_3D('',#2825,#2826,#2827);
#488=EDGE_LOOP('',(#2828,#2829,#2830,#2831));
#489=AXIS2_PLACEMENT_3D('',#2832,#2833,#2834);
#490=EDGE_LOOP('',(#2835,#2836,#2837,#2838));
#491=AXIS2_PLACEMENT_3D('',#2839,#2840,#2841);
#492=EDGE_LOOP('',(#2842,#2843,#2844,#2845));
#493=AXIS2_PLACEMENT_3D('',#2846,#2847,#2848);
#494=EDGE_LOOP('',(#2849,#2850,#2851,#2852,#2853));
#495=AXIS2_PLACEMENT_3D('',#2854,#2855,#2856);
#496=EDGE_LOOP('',(#2857,#2858,#2859,#2860));
#497=AXIS2_PLACEMENT_3D('',#2861,#2862,#2863);
#498=EDGE_LOOP('',(#2864,#2865,#2866,#2867));
#499=AXIS2_PLACEMENT_3D('',#2868,#2869,#2870);
#500=EDGE_LOOP('',(#2871,#2872,#2873,#2874,#2875));
#501=AXIS2_PLACEMENT_3D('',#2876,#2877,#2878);
#502=EDGE_LOOP('',(#2879,#2880,#2881,#2882));
#503=AXIS2_PLACEMENT_3D('',#2883,#2884,#2885);
#504=EDGE_LOOP('',(#2886,#2887,#2888,#2889));
#505=AXIS2_PLACEMENT_3D('',#2890,#2891,#2892);
#506=EDGE_LOOP('',(#2893,#2894,#2895,#2896));
#507=AXIS2_PLACEMENT_3D('',#2897,#2898,#2899);
#508=EDGE_LOOP('',(#2900,#2901,#2902,#2903));
#509=AXIS2_PLACEMENT_3D('',#2904,#2905,#2906);
#510=EDGE_LOOP('',(#2907,#2908,#2909,#2910,#2911,#2912,#2913,#2914,#2915));
#511=CARTESIAN_POINT('',(0.420079486972821,-2.67538995537778,-0.770974887182427));
#512=CARTESIAN_POINT('',(-0.10706065697654,-2.75815948240985,-0.793114184433927));
#513=CARTESIAN_POINT('',(-1.21041539099582,-2.60272965312352,-0.837392778937017));
#514=CARTESIAN_POINT('',(-2.45568111889275,-1.48652167299544,-0.903810670691528));
#515=CARTESIAN_POINT('',(-2.86736735594743,0.134167585321827,-0.970228562446126));
#516=CARTESIAN_POINT('',(-2.30610408049907,1.70931703278288,-1.03664645420076));
#517=CARTESIAN_POINT('',(-0.962262683301863,2.70442540244263,-1.10306434595567));
#518=CARTESIAN_POINT('',(0.708110359101302,2.78180631245949,-1.16948223770976));
#519=CARTESIAN_POINT('',(2.13819276455516,1.91520213074075,-1.23590012946467));
#520=CARTESIAN_POINT('',(2.84269497918361,0.398688278485617,-1.30231802121876));
#521=CARTESIAN_POINT('',(2.58254987016387,-1.25311746368369,-1.36873591297367));
#522=CARTESIAN_POINT('',(1.44603562432526,-2.4796871089563,-1.43515380472776));
#523=CARTESIAN_POINT('',(-0.181180060008644,-2.86479335610438,-1.50157169648267));
#524=CARTESIAN_POINT('',(-1.74691363896513,-2.27775326278203,-1.56798958823676));
#525=CARTESIAN_POINT('',(-2.71984505312744,-0.91777452273773,-1.63440747999176));
#526=CARTESIAN_POINT('',(-2.76981725634838,0.753644182763254,-1.70082537174667));
#527=CARTESIAN_POINT('',(-1.8798725525747,2.16931933421845,-1.76724326350076));
#528=CARTESIAN_POINT('',(-0.352007065031297,2.84885208705366,-1.83366115525567));
#529=CARTESIAN_POINT('',(1.29530940471374,2.56164805033691,-1.90007904700976));
#530=CARTESIAN_POINT('',(2.50307225177223,1.40516778008298,-1.96649693876467));
#531=CARTESIAN_POINT('',(2.86143612729658,-0.228145736334609,-2.03291483051876));
#532=CARTESIAN_POINT('',(2.24879291284451,-1.78403969217485,-2.09933272227367));
#533=CARTESIAN_POINT('',(0.873038530829232,-2.73453303344673,-2.16575061402776));
#534=CARTESIAN_POINT('',(-0.798974988302588,-2.75708290648046,-2.23216850578276));
#535=CARTESIAN_POINT('',(-2.1998622883474,-1.84403718020543,-2.29858639753767));
#536=CARTESIAN_POINT('',(-2.85424263898711,-0.305231135149178,-2.36500428929176));
#537=CARTESIAN_POINT('',(-2.54005705421303,1.33715281899013,-2.43142218104667));
#538=CARTESIAN_POINT('',(-1.36392161470914,2.5257839316996,-2.49784007280076));
#539=CARTESIAN_POINT('',(0.275049127822414,2.85730890985478,-2.56425796455567));
#540=CARTESIAN_POINT('',(1.82068908049064,2.2192277983197,-2.63067585630976));
#541=CARTESIAN_POINT('',(2.7484727317817,0.828066505516,-2.69709374806476));
#542=CARTESIAN_POINT('',(2.74365345035924,-0.844086598815661,-2.76351163981967));
#543=CARTESIAN_POINT('',(1.97352200079782,-1.98411286541576,-2.81815248517142));
#544=CARTESIAN_POINT('',(1.2954661198035,-2.39039940171659,-2.85065403327197));
#545=CARTESIAN_POINT('',(1.06582709464433,-2.48866214433357,-2.86101628412124));
#546=CARTESIAN_POINT('',(0.444721280971566,-2.83232789258108,-0.862693177152246));
#547=CARTESIAN_POINT('',(-0.113340817604228,-2.91995266653138,-0.884832474403747));
#548=CARTESIAN_POINT('',(-1.28141815985912,-2.75540534888012,-0.929111068906744));
#549=CARTESIAN_POINT('',(-2.59973097168235,-1.57372079120207,-0.995528960661365));
#550=CARTESIAN_POINT('',(-3.03556665606824,0.142037833932705,-1.06194685241593));
#551=CARTESIAN_POINT('',(-2.44137976868096,1.80958529035446,-1.12836474417092));
#552=CARTESIAN_POINT('',(-1.01870885491935,2.86306655422182,-1.19478263592495));
#553=CARTESIAN_POINT('',(0.74964799694945,2.94498661576331,-1.26120052767992));
#554=CARTESIAN_POINT('',(2.26361880240666,2.02754757448449,-1.32761841943395));
#555=CARTESIAN_POINT('',(3.00944700171889,0.422075267693205,-1.39403631118892));
#556=CARTESIAN_POINT('',(2.73404182315315,-1.3266251291464,-1.46045420294301));
#557=CARTESIAN_POINT('',(1.53085983753866,-2.62514514919651,-1.52687209469792));
#558=CARTESIAN_POINT('',(-0.191808052695355,-3.03284166581589,-1.59328998645201));
#559=CARTESIAN_POINT('',(-1.84938730730556,-2.41136589663365,-1.65970787820692));
#560=CARTESIAN_POINT('',(-2.87939071909274,-0.971611026132787,-1.72612576996192));
#561=CARTESIAN_POINT('',(-2.93229428358118,0.797852827260075,-1.79254366171595));
#562=CARTESIAN_POINT('',(-1.99014556904142,2.29657125155622,-1.85896155347092));
#563=CARTESIAN_POINT('',(-0.372655741892717,3.01596528452919,-1.92537944522501));
#564=CARTESIAN_POINT('',(1.37129204253678,2.71191390599357,-1.99179733697992));
#565=CARTESIAN_POINT('',(2.6499020606653,1.48759469223668,-2.05821522873401));
#566=CARTESIAN_POINT('',(3.029287502515,-0.241528727912934,-2.12463312048892));
#567=CARTESIAN_POINT('',(2.38070673730521,-1.88869116872505,-2.19105101224301));
#568=CARTESIAN_POINT('',(0.924250828255799,-2.89494029393588,-2.25746890399792));
#569=CARTESIAN_POINT('',(-0.845842730438173,-2.91881293883306,-2.32388679575292));
#570=CARTESIAN_POINT('',(-2.32890585037775,-1.95220809959024,-2.39030468750701));
#571=CARTESIAN_POINT('',(-3.02167204535781,-0.32313594361429,-2.45672257926192));
#572=CARTESIAN_POINT('',(-2.68905638556779,1.41558998465089,-2.52314047101601));
#573=CARTESIAN_POINT('',(-1.44392903354876,2.67394600402197,-2.58955836277092));
#574=CARTESIAN_POINT('',(0.291183464674163,3.02491818317349,-2.65597625452501));
#575=CARTESIAN_POINT('',(1.92749040416519,2.34940733799793,-2.72239414627992));
#576=CARTESIAN_POINT('',(2.90969769269476,0.876640751293206,-2.78881203803492));
#577=CARTESIAN_POINT('',(2.90459571301312,-0.893600580645639,-2.85522992978901));
#578=CARTESIAN_POINT('',(2.0892884785803,-2.10050060158517,-2.90987077514142));
#579=CARTESIAN_POINT('',(1.37145795050802,-2.53061983965426,-2.94237232324208));
#580=CARTESIAN_POINT('',(1.12834833769221,-2.63464665868159,-2.95273457409129));
#581=CARTESIAN_POINT('',(0.469363074969984,-2.98926582978357,-0.954411467121814));
#582=CARTESIAN_POINT('',(-0.119620978232243,-3.08174585065206,-0.976550764373329));
#583=CARTESIAN_POINT('',(-1.35242092872324,-2.90808104463672,-1.02082935887624));
#584=CARTESIAN_POINT('',(-2.74378082447195,-1.66091990940787,-1.08724725063118));
#585=CARTESIAN_POINT('',(-3.20376595618987,0.14990808254424,-1.15366514238525));
#586=CARTESIAN_POINT('',(-2.57665545686204,1.90985354792687,-1.22008303414022));
#587=CARTESIAN_POINT('',(-1.07515502653576,3.02170770600018,-1.28650092589425));
#588=CARTESIAN_POINT('',(0.791185634798914,3.10816691906713,-1.35291881764922));
#589=CARTESIAN_POINT('',(2.38904484025981,2.13989301822741,-1.41933670940325));
#590=CARTESIAN_POINT('',(3.17619902425416,0.445462256899235,-1.48575460115825));
#591=CARTESIAN_POINT('',(2.88553377614079,-1.40013279461157,-1.55217249291316));
#592=CARTESIAN_POINT('',(1.61568405075042,-2.77060318943755,-1.61859038466725));
#593=CARTESIAN_POINT('',(-0.202436045384203,-3.20088997552659,-1.68500827642216));
#594=CARTESIAN_POINT('',(-1.95186097564847,-2.54497853048363,-1.75142616817625));
#595=CARTESIAN_POINT('',(-3.03893638505967,-1.0254475295253,-1.81784405993122));
#596=CARTESIAN_POINT('',(-3.094771310814,0.842061471759277,-1.88426195168525));
#597=CARTESIAN_POINT('',(-2.10041858550649,2.42382316889478,-1.95067984344025));
#598=CARTESIAN_POINT('',(-0.393304418751428,3.18307848200557,-2.01709773519516));
#599=CARTESIAN_POINT('',(1.44727468036231,2.8621797616486,-2.08351562694925));
#600=CARTESIAN_POINT('',(2.79673186956002,1.57002160438874,-2.14993351870416));
#601=CARTESIAN_POINT('',(3.19713887773342,-0.254911719494218,-2.21635141045825));
#602=CARTESIAN_POINT('',(2.51262056176428,-1.99334264527689,-2.28276930221316));
#603=CARTESIAN_POINT('',(0.975463125679727,-3.05534755442586,-2.34918719396725));
#604=CARTESIAN_POINT('',(-0.892710472576304,-3.08054297118566,-2.41560508572225));
#605=CARTESIAN_POINT('',(-2.45794941241057,-2.06037901897345,-2.48202297747716));
#606=CARTESIAN_POINT('',(-3.18910145172851,-0.341040752076856,-2.54844086923125));
#607=CARTESIAN_POINT('',(-2.83805571692176,1.49402715031328,-2.61485876098616));
#608=CARTESIAN_POINT('',(-1.52393645238673,2.82210807634601,-2.68127665274025));
#609=CARTESIAN_POINT('',(0.307317801527637,3.19252745649136,-2.74769454449516));
#610=CARTESIAN_POINT('',(2.03429172784055,2.47958687767534,-2.81411243624925));
#611=CARTESIAN_POINT('',(3.07092265360864,0.925214997069346,-2.88053032800425));
#612=CARTESIAN_POINT('',(3.06553797566616,-0.943114562476192,-2.94694821975916));
#613=CARTESIAN_POINT('',(2.20505495636332,-2.21688833775399,-3.0015890651109));
#614=CARTESIAN_POINT('',(1.44744978121287,-2.67084027759117,-3.03409061321145));
#615=CARTESIAN_POINT('',(1.19086958074038,-2.78063117302882,-3.04445286406073));
#616=CARTESIAN_POINT('',(0.494004868968731,-3.14620376698688,-1.04612975709146));
#617=CARTESIAN_POINT('',(-0.12590113885993,-3.24353903477271,-1.06826905434341));
#618=CARTESIAN_POINT('',(-1.42342369758653,-3.06075674039333,-1.11254764884641));
#619=CARTESIAN_POINT('',(-2.88783067726155,-1.7481190276145,-1.17896554060049));
#620=CARTESIAN_POINT('',(-3.37196525631068,0.157778331155116,-1.24538343235541));
#621=CARTESIAN_POINT('',(-2.71193114504394,2.01012180549846,-1.3118013241095));
#622=CARTESIAN_POINT('',(-1.13160119815298,3.18034885777937,-1.37821921586441));
#623=CARTESIAN_POINT('',(0.832723272647144,3.27134722237094,-1.44463710761849));
#624=CARTESIAN_POINT('',(2.51447087811131,2.25223846197115,-1.51105499937341));
#625=CARTESIAN_POINT('',(3.34295104678943,0.46884924610683,-1.57747289112841));
#626=CARTESIAN_POINT('',(3.03702572913008,-1.47364046007428,-1.64389078288249));
#627=CARTESIAN_POINT('',(1.70050826396383,-2.91606122967775,-1.71030867463741));
#628=CARTESIAN_POINT('',(-0.213064038070993,-3.36893828523811,-1.77672656639149));
#629=CARTESIAN_POINT('',(-2.05433464398976,-2.67859116433525,-1.84314445814641));
#630=CARTESIAN_POINT('',(-3.19848205102495,-1.07928403292019,-1.9095623499005));
#631=CARTESIAN_POINT('',(-3.25724833804767,0.886270116256176,-1.97598024165541));
#632=CARTESIAN_POINT('',(-2.21069160197321,2.55107508623166,-2.04239813341041));
#633=CARTESIAN_POINT('',(-0.413953095612772,3.35019167948198,-2.10881602516449));
#634=CARTESIAN_POINT('',(1.52325731818622,3.01244561730527,-2.17523391691941));
#635=CARTESIAN_POINT('',(2.94356167845308,1.65244851654244,-2.24165180867349));
#636=CARTESIAN_POINT('',(3.36499025295185,-0.268294711072706,-2.30806970042841));
#637=CARTESIAN_POINT('',(2.64453438622498,-2.09799412182709,-2.37448759218249));
#638=CARTESIAN_POINT('',(1.02667542310587,-3.21575481491501,-2.44090548393741));
#639=CARTESIAN_POINT('',(-0.939578214711966,-3.24227300353825,-2.50732337569241));
#640=CARTESIAN_POINT('',(-2.58699297444091,-2.16854993835915,-2.57374126744649));
#641=CARTESIAN_POINT('',(-3.35653085809921,-0.358945560541892,-2.64015915920141));
#642=CARTESIAN_POINT('',(-2.9870550482774,1.57246431597403,-2.70657705095549));
#643=CARTESIAN_POINT('',(-1.60394387122635,2.97027014866924,-2.77299494271041));
#644=CARTESIAN_POINT('',(0.323452138379467,3.36013672980919,-2.83941283446449));
#645=CARTESIAN_POINT('',(2.14109305151509,2.60976641735358,-2.90583072621941));
#646=CARTESIAN_POINT('',(3.2321476145217,0.973789242846556,-2.97224861797441));
#647=CARTESIAN_POINT('',(3.22648023831918,-0.992628544306167,-3.03866650972849));
#648=CARTESIAN_POINT('',(2.32082143414564,-2.3332760739234,-3.09330735508091));
#649=CARTESIAN_POINT('',(1.52344161191735,-2.81106071552884,-3.12580890318157));
#650=CARTESIAN_POINT('',(1.25339082378823,-2.92661568737675,-3.13617115403078));
#651=EDGE_LOOP('',(#2916,#2917,#2918,#2919,#2920,#2921,#2922,#2923));
#652=AXIS2_PLACEMENT_3D('',#2924,#2925,#2926);
#653=EDGE_LOOP('',(#2927,#2928,#2929,#2930,#2931,#2932,#2933,#2934,#2935));
#654=CARTESIAN_POINT('',(-2.18916867149397,-2.3031099235391,-0.524717242335305));
#655=CARTESIAN_POINT('',(-2.53317891375282,-1.97513716763749,-0.541522924521493));
#656=CARTESIAN_POINT('',(-3.1447242786015,-1.05881876687464,-0.579514570625809));
#657=CARTESIAN_POINT('',(-3.28275548452724,0.677736837755943,-0.638692180648417));
#658=CARTESIAN_POINT('',(-2.40817630510356,2.33155573703931,-0.70225007240293));
#659=CARTESIAN_POINT('',(-0.78346823488396,3.25910072903521,-0.765807964157517));
#660=CARTESIAN_POINT('',(1.08531618227111,3.1713767915525,-0.829365855912119));
#661=CARTESIAN_POINT('',(2.6160046787707,2.09572490096995,-0.892923747666616));
#662=CARTESIAN_POINT('',(3.33177000501777,0.367222889734629,-0.956481639421206));
#663=CARTESIAN_POINT('',(3.00963935085544,-1.47567428319807,-1.02003953117568));
#664=CARTESIAN_POINT('',(1.74996153710884,-2.85887711618719,-1.08359742293056));
#665=CARTESIAN_POINT('',(-0.0548552341101107,-3.35149736958252,-1.14715531468468));
#666=CARTESIAN_POINT('',(-1.84258378211524,-2.80007655710357,-1.21071320643956));
#667=CARTESIAN_POINT('',(-3.05632019279305,-1.37639042390711,-1.27427109819368));
#668=CARTESIAN_POINT('',(-3.31796759568276,0.476061711855144,-1.33782898994856));
#669=CARTESIAN_POINT('',(-2.54601894999174,2.1802135734711,-1.40138688170268));
#670=CARTESIAN_POINT('',(-0.98094769210417,3.20519661564995,-1.46494477345768));
#671=CARTESIAN_POINT('',(0.88970330074508,3.23171343968961,-1.52850266521256));
#672=CARTESIAN_POINT('',(2.48319853796026,2.25150366215346,-1.59206055696668));
#673=CARTESIAN_POINT('',(3.30314065179936,0.569917146694916,-1.65561844872156));
#674=CARTESIAN_POINT('',(3.09410552954485,-1.28920700104101,-1.71917634047568));
#675=CARTESIAN_POINT('',(1.92121070797232,-2.74672407341311,-1.78273423223056));
#676=CARTESIAN_POINT('',(0.149830295219735,-3.34859591506406,-1.84629212398468));
#677=CARTESIAN_POINT('',(-1.66822447186721,-2.9073305327204,-1.90985001573968));
#678=CARTESIAN_POINT('',(-2.96660261440626,-1.56038862948182,-1.97340790749456));
#679=CARTESIAN_POINT('',(-3.34084007932624,0.272637445476547,-2.03696579924868));
#680=CARTESIAN_POINT('',(-2.67435647030493,2.02073290833195,-2.10052369100356));
#681=CARTESIAN_POINT('',(-1.17477086677511,3.13934017756389,-2.16408158275768));
#682=CARTESIAN_POINT('',(0.69077197772902,3.27999634821129,-2.22763947451256));
#683=CARTESIAN_POINT('',(2.34113391068106,2.39888558487673,-2.29119736626668));
#684=CARTESIAN_POINT('',(3.26218007709614,0.770484533251319,-2.35475525802168));
#685=CARTESIAN_POINT('',(3.16707555728117,-1.09792677666082,-2.41831314977656));
#686=CARTESIAN_POINT('',(2.24848288982561,-2.39388582458373,-2.47227508065253));
#687=CARTESIAN_POINT('',(1.43180434562106,-2.85489073159049,-2.5050510476109));
#688=CARTESIAN_POINT('',(1.12525397314664,-2.9711135009464,-2.51664105065073));
#689=CARTESIAN_POINT('',(-2.08226898136738,-2.1906463475885,-0.614311262199233));
#690=CARTESIAN_POINT('',(-2.40948079745792,-1.87868888846742,-0.631116944385421));
#691=CARTESIAN_POINT('',(-2.99116368032793,-1.00711539675386,-0.669108590489738));
#692=CARTESIAN_POINT('',(-3.12245465954786,0.64464214802879,-0.728286200512345));
#693=CARTESIAN_POINT('',(-2.29058221373032,2.21770311844132,-0.791844092266942));
#694=CARTESIAN_POINT('',(-0.74521055623914,3.0999549936871,-0.855401984021446));
#695=CARTESIAN_POINT('',(1.03231891208159,3.01651471961319,-0.918959875776077));
#696=CARTESIAN_POINT('',(2.48826208260944,1.99338818045044,-0.982517767530538));
#697=CARTESIAN_POINT('',(3.16907574315101,0.349290962591977,-1.04607565928508));
#698=CARTESIAN_POINT('',(2.86267510904591,-1.40361536619664,-1.10963355103998));
#699=CARTESIAN_POINT('',(1.66450884975476,-2.71927477224244,-1.1731914427941));
#700=CARTESIAN_POINT('',(-0.0521765882823758,-3.18783979721982,-1.23674933454898));
#701=CARTESIAN_POINT('',(-1.75260824121399,-2.66334551386159,-1.3003072263031));
#702=CARTESIAN_POINT('',(-2.90707647037378,-1.30917965493987,-1.36386511805798));
#703=CARTESIAN_POINT('',(-3.15594732175446,0.452815056564876,-1.4274230098121));
#704=CARTESIAN_POINT('',(-2.42169383957193,2.0737511713509,-1.49098090156706));
#705=CARTESIAN_POINT('',(-0.933046858476258,3.04868308178181,-1.55453879332198));
#706=CARTESIAN_POINT('',(0.846258038444017,3.07390505800578,-1.6180966850761));
#707=CARTESIAN_POINT('',(2.36194102240717,2.14156008085782,-1.68165457683098));
#708=CARTESIAN_POINT('',(3.14184439504172,0.542087419742763,-1.7452124685851));
#709=CARTESIAN_POINT('',(2.94301670453338,-1.22625350151624,-1.80877036033998));
#710=CARTESIAN_POINT('',(1.82739572147774,-2.61259829492253,-1.8723282520941));
#711=CARTESIAN_POINT('',(0.142513905057818,-3.18508002415037,-1.93588614384906));
#712=CARTESIAN_POINT('',(-1.58676310188366,-2.76536215125618,-1.99944403560398));
#713=CARTESIAN_POINT('',(-2.8217399072337,-1.48419301096214,-2.0630019273581));
#714=CARTESIAN_POINT('',(-3.17770291502607,0.259324237217231,-2.12655981911298));
#715=CARTESIAN_POINT('',(-2.54376448729038,1.92205813532609,-2.1901177108671));
#716=CARTESIAN_POINT('',(-1.11740541875637,2.98604249129862,-2.25367560262198));
#717=CARTESIAN_POINT('',(0.657040766731409,3.11983025511556,-2.3172334943761));
#718=CARTESIAN_POINT('',(2.22681357855834,2.2817451703383,-2.38079138613098));
#719=CARTESIAN_POINT('',(3.10288397354741,0.732860864082055,-2.44434927788598));
#720=CARTESIAN_POINT('',(3.01242351968821,-1.04431371626251,-2.5079071696401));
#721=CARTESIAN_POINT('',(2.13868681640854,-2.27698955424223,-2.56186910051671));
#722=CARTESIAN_POINT('',(1.36188764945134,-2.71548304751047,-2.59464506747472));
#723=CARTESIAN_POINT('',(1.07030649348931,-2.82603052185978,-2.60623507051444));
#724=CARTESIAN_POINT('',(-1.97536929124003,-2.07818277163831,-0.703905282063239));
#725=CARTESIAN_POINT('',(-2.28578268116227,-1.78224060929735,-0.720710964249427));
#726=CARTESIAN_POINT('',(-2.8376030820537,-0.955412026633139,-0.758702610353746));
#727=CARTESIAN_POINT('',(-2.96215383456927,0.611547458300796,-0.81788022037635));
#728=CARTESIAN_POINT('',(-2.17298812235788,2.10385049984253,-0.88143811213095));
#729=CARTESIAN_POINT('',(-0.706952877595232,2.94080925833898,-0.944996003885471));
#730=CARTESIAN_POINT('',(0.979321641890294,2.86165264767387,-1.0085538956404));
#731=CARTESIAN_POINT('',(2.36051948644742,1.89105145993169,-1.07211178739448));
#732=CARTESIAN_POINT('',(3.00638148128426,0.331359035450773,-1.1356696791494));
#733=CARTESIAN_POINT('',(2.71571086723638,-1.33155644919369,-1.19922757090352));
#734=CARTESIAN_POINT('',(1.57905616240221,-2.57967242829694,-1.2627854626584));
#735=CARTESIAN_POINT('',(-0.0494979424527568,-3.02418222485709,-1.32634335441252));
#736=CARTESIAN_POINT('',(-1.66263270031198,-2.52661447062113,-1.3899012461674));
#737=CARTESIAN_POINT('',(-2.75783274795299,-1.24196888597569,-1.45345913792152));
#738=CARTESIAN_POINT('',(-2.99392704782695,0.42956840127232,-1.51701702967644));
#739=CARTESIAN_POINT('',(-2.29736872915365,1.96728876922837,-1.5805749214314));
#740=CARTESIAN_POINT('',(-0.885146024850709,2.89216954791291,-1.64413281318552));
#741=CARTESIAN_POINT('',(0.80281277614051,2.91609667632195,-1.7076907049404));
#742=CARTESIAN_POINT('',(2.24068350685259,2.03161649956447,-1.77124859669452));
#743=CARTESIAN_POINT('',(2.98054813828332,0.514257692793206,-1.8348064884494));
#744=CARTESIAN_POINT('',(2.79192787952267,-1.16330000198917,-1.89836438020352));
#745=CARTESIAN_POINT('',(1.73358073498546,-2.47847251642966,-1.9619222719584));
#746=CARTESIAN_POINT('',(0.135197514898573,-3.02156413323664,-2.0254801637134));
#747=CARTESIAN_POINT('',(-1.50530173189786,-2.62339376979349,-2.08903805546752));
#748=CARTESIAN_POINT('',(-2.67687720006038,-1.40799739244394,-2.1525959472224));
#749=CARTESIAN_POINT('',(-3.01456575072514,0.246011028955704,-2.21615383897652));
#750=CARTESIAN_POINT('',(-2.41317250427659,1.82338336231951,-2.2797117307314));
#751=CARTESIAN_POINT('',(-1.06003997073917,2.8327448050326,-2.34326962248552));
#752=CARTESIAN_POINT('',(0.623309555732275,2.95966416201984,-2.4068275142404));
#753=CARTESIAN_POINT('',(2.11249324643485,2.16460475580141,-2.47038540599452));
#754=CARTESIAN_POINT('',(2.94358786999869,0.695237194913627,-2.53394329774952));
#755=CARTESIAN_POINT('',(2.85777148209525,-0.990700655863888,-2.5975011895044));
#756=CARTESIAN_POINT('',(2.02889074299212,-2.1600932839,-2.65146312038037));
#757=CARTESIAN_POINT('',(1.29197095328185,-2.57607536343064,-2.68423908733874));
#758=CARTESIAN_POINT('',(1.01535901383207,-2.68094754277346,-2.69582909037857));
#759=CARTESIAN_POINT('',(-1.86846960111345,-1.96571919568813,-0.793499301927171));
#760=CARTESIAN_POINT('',(-2.16208456486738,-1.68579233012728,-0.810304984113371));
#761=CARTESIAN_POINT('',(-2.6840424837802,-0.903708656512361,-0.848296630217753));
#762=CARTESIAN_POINT('',(-2.80185300959072,0.578452768573647,-0.907474240240278));
#763=CARTESIAN_POINT('',(-2.05539403098547,1.98999788124371,-0.971032131994878));
#764=CARTESIAN_POINT('',(-0.668695198950322,2.78166352299087,-1.03459002374982));
#765=CARTESIAN_POINT('',(0.926324371700364,2.70679057573455,-1.09814791550394));
#766=CARTESIAN_POINT('',(2.23277689028616,1.78871473941218,-1.16170580725882));
#767=CARTESIAN_POINT('',(2.8436872194175,0.313427108308028,-1.22526369901294));
#768=CARTESIAN_POINT('',(2.56874662542685,-1.25949753219227,-1.28882159076782));
#769=CARTESIAN_POINT('',(1.49360347504812,-2.4400700843522,-1.35237948252194));
#770=CARTESIAN_POINT('',(-0.0468192966250852,-2.86052465249355,-1.41593737427682));
#771=CARTESIAN_POINT('',(-1.57265715941073,-2.38988342737914,-1.47949526603093));
#772=CARTESIAN_POINT('',(-2.60858902553373,-1.17475811700842,-1.54305315778582));
#773=CARTESIAN_POINT('',(-2.83190677389948,0.406321745982152,-1.60661104954082));
#774=CARTESIAN_POINT('',(-2.17304361873384,1.86082636710734,-1.67016894129493));
#775=CARTESIAN_POINT('',(-0.837245191222697,2.73565601404477,-1.73372683304982));
#776=CARTESIAN_POINT('',(0.759367513839464,2.75828829463812,-1.79728472480393));
#777=CARTESIAN_POINT('',(2.11942599130036,1.92167291826881,-1.86084261655882));
#778=CARTESIAN_POINT('',(2.81925188152569,0.486427965841035,-1.92440050831293));
#779=CARTESIAN_POINT('',(2.64083905451119,-1.1003465024644,-1.98795840006782));
#780=CARTESIAN_POINT('',(1.63976574849087,-2.3443467379391,-2.05151629182193));
#781=CARTESIAN_POINT('',(0.127881124736638,-2.85804824232211,-2.11507418357694));
#782=CARTESIAN_POINT('',(-1.42384036191517,-2.48142538832926,-2.17863207533182));
#783=CARTESIAN_POINT('',(-2.53201449288782,-1.33180177392341,-2.24218996708593));
#784=CARTESIAN_POINT('',(-2.85142858642497,0.232697820696488,-2.30574785884082));
#785=CARTESIAN_POINT('',(-2.28258052126203,1.7247085893145,-2.36930575059494));
#786=CARTESIAN_POINT('',(-1.00267452272084,2.67944711876734,-2.43286364234982));
#787=CARTESIAN_POINT('',(0.589578344734759,2.79949806892412,-2.49642153410394));
#788=CARTESIAN_POINT('',(1.99817291431214,2.04746434126297,-2.55997942585882));
#789=CARTESIAN_POINT('',(2.78429176644996,0.657613525744273,-2.62353731761382));
#790=CARTESIAN_POINT('',(2.70311944450229,-0.937087595465493,-2.68709520936794));
#791=CARTESIAN_POINT('',(1.91909466957505,-2.04319701355778,-2.74105714024456));
#792=CARTESIAN_POINT('',(1.22205425711212,-2.43666767935081,-2.77383310720256));
#793=CARTESIAN_POINT('',(0.960411534174749,-2.53586456368715,-2.78542311024228));
#794=EDGE_LOOP('',(#2936,#2937,#2938,#2939));
#795=CARTESIAN_POINT('',(0.100013797955488,-2.71466411619605,-0.700352404077241));
#796=CARTESIAN_POINT('',(-0.327326480935623,-2.72967646353676,-0.718037544624862));
#797=CARTESIAN_POINT('',(-1.29808469604223,-2.53599816392233,-0.757861982424042));
#798=CARTESIAN_POINT('',(-2.463573422387,-1.491299198914,-0.819825717474761));
#799=CARTESIAN_POINT('',(-2.876582776154,0.134598785975,-0.886243609229297));
#800=CARTESIAN_POINT('',(-2.313515658962,1.714810599796,-0.95266150098388));
#801=CARTESIAN_POINT('',(-0.9653552954001,2.713117144172,-1.01907939273826));
#802=CARTESIAN_POINT('',(0.7103861520853,2.790746748378,-1.08549728449315));
#803=CARTESIAN_POINT('',(2.145064693527,1.921357391028,-1.15191517624716));
#804=CARTESIAN_POINT('',(2.851831104939,0.3999696211116,-1.21833306800215));
#805=CARTESIAN_POINT('',(2.590849916618,-1.25714485277,-1.28475095975663));
#806=CARTESIAN_POINT('',(1.450683032298,-2.487656565203,-1.35116885151115));
#807=CARTESIAN_POINT('',(-0.1817623538617,-2.874000503743,-1.41758674326615));
#808=CARTESIAN_POINT('',(-1.752528037557,-2.285073724668,-1.48400463502015));
#809=CARTESIAN_POINT('',(-2.728586352008,-0.9207241545188,-1.55042252677515));
#810=CARTESIAN_POINT('',(-2.778719160688,0.7560663167167,-1.61684041852915));
#811=CARTESIAN_POINT('',(-1.885914267275,2.176291300746,-1.68325831028415));
#812=CARTESIAN_POINT('',(-0.3531383790964,2.858008001113,-1.74967620203816));
#813=CARTESIAN_POINT('',(1.299472394307,2.569880920518,-1.81609409379315));
#814=CARTESIAN_POINT('',(2.511116865434,1.409683843058,-1.88251198554762));
#815=CARTESIAN_POINT('',(2.870632485151,-0.2288789729825,-1.94892987730215));
#816=CARTESIAN_POINT('',(2.25602029918,-1.789773410037,-2.01534776905715));
#817=CARTESIAN_POINT('',(0.875844385789,-2.743321537968,-2.08176566081115));
#818=CARTESIAN_POINT('',(-0.8015428107464,-2.765943883946,-2.14818355256615));
#819=CARTESIAN_POINT('',(-2.206932416749,-1.849963723749,-2.21460144432015));
#820=CARTESIAN_POINT('',(-2.863415877719,-0.3062121162447,-2.28101933607515));
#821=CARTESIAN_POINT('',(-2.54822053318,1.34145028896,-2.34743722782925));
#822=CARTESIAN_POINT('',(-1.368305116803,2.533901538336,-2.41385511958415));
#823=CARTESIAN_POINT('',(0.2759331070882,2.866492003262,-2.48027301133915));
#824=CARTESIAN_POINT('',(1.826540585672,2.226360165455,-2.54669090309315));
#825=CARTESIAN_POINT('',(2.757306037041,0.8307278250678,-2.61310879484815));
#826=CARTESIAN_POINT('',(2.75247126695,-0.8467994052798,-2.67952668660215));
#827=CARTESIAN_POINT('',(1.87632104252749,-2.14376535816838,-2.74149042165313));
#828=CARTESIAN_POINT('',(0.981901282112608,-2.56790694786497,-2.78131485945219));
#829=CARTESIAN_POINT('',(0.563759372937248,-2.65736324069011,-2.79899999999977));
#830=CARTESIAN_POINT('',(0.100013797955488,-2.71466411619605,-0.730359123184169));
#831=CARTESIAN_POINT('',(-0.327326480935623,-2.72967646353676,-0.748044263731793));
#832=CARTESIAN_POINT('',(-1.29808469604223,-2.53599816392233,-0.78786870153094));
#833=CARTESIAN_POINT('',(-2.463573422387,-1.491299198914,-0.849832436581659));
#834=CARTESIAN_POINT('',(-2.876582776154,0.134598785975,-0.916250328336212));
#835=CARTESIAN_POINT('',(-2.313515658962,1.714810599796,-0.982668220090817));
#836=CARTESIAN_POINT('',(-0.9653552954001,2.713117144172,-1.04908611184506));
#837=CARTESIAN_POINT('',(0.7103861520853,2.790746748378,-1.11550400360003));
#838=CARTESIAN_POINT('',(2.145064693527,1.921357391028,-1.18192189535406));
#839=CARTESIAN_POINT('',(2.851831104939,0.3999696211116,-1.24833978710903));
#840=CARTESIAN_POINT('',(2.590849916618,-1.25714485277,-1.3147576788639));
#841=CARTESIAN_POINT('',(1.450683032298,-2.487656565203,-1.38117557061803));
#842=CARTESIAN_POINT('',(-0.1817623538617,-2.874000503743,-1.44759346237303));
#843=CARTESIAN_POINT('',(-1.752528037557,-2.285073724668,-1.51401135412703));
#844=CARTESIAN_POINT('',(-2.728586352008,-0.9207241545188,-1.58042924588203));
#845=CARTESIAN_POINT('',(-2.778719160688,0.7560663167167,-1.64684713763603));
#846=CARTESIAN_POINT('',(-1.885914267275,2.176291300746,-1.71326502939103));
#847=CARTESIAN_POINT('',(-0.3531383790964,2.858008001113,-1.77968292114506));
#848=CARTESIAN_POINT('',(1.299472394307,2.569880920518,-1.84610081290003));
#849=CARTESIAN_POINT('',(2.511116865434,1.409683843058,-1.9125187046549));
#850=CARTESIAN_POINT('',(2.870632485151,-0.2288789729825,-1.97893659640903));
#851=CARTESIAN_POINT('',(2.25602029918,-1.789773410037,-2.04535448816403));
#852=CARTESIAN_POINT('',(0.875844385789,-2.743321537968,-2.11177237991803));
#853=CARTESIAN_POINT('',(-0.8015428107464,-2.765943883946,-2.17819027167303));
#854=CARTESIAN_POINT('',(-2.206932416749,-1.849963723749,-2.24460816342703));
#855=CARTESIAN_POINT('',(-2.863415877719,-0.3062121162447,-2.31102605518203));
#856=CARTESIAN_POINT('',(-2.54822053318,1.34145028896,-2.37744394693632));
#857=CARTESIAN_POINT('',(-1.368305116803,2.533901538336,-2.44386183869103));
#858=CARTESIAN_POINT('',(0.2759331070882,2.866492003262,-2.51027973044603));
#859=CARTESIAN_POINT('',(1.826540585672,2.226360165455,-2.57669762220003));
#860=CARTESIAN_POINT('',(2.757306037041,0.8307278250678,-2.64311551395503));
#861=CARTESIAN_POINT('',(2.75247126695,-0.8467994052798,-2.70953340570903));
#862=CARTESIAN_POINT('',(1.87632104252749,-2.14376535816838,-2.77149714076001));
#863=CARTESIAN_POINT('',(0.981901282112608,-2.56790694786497,-2.81132157855907));
#864=CARTESIAN_POINT('',(0.563759372937248,-2.65736324069011,-2.82900671910686));
#865=CARTESIAN_POINT('',(0.100013797955488,-2.71466411619605,-0.760365842291082));
#866=CARTESIAN_POINT('',(-0.327326480935623,-2.72967646353676,-0.778050982838722));
#867=CARTESIAN_POINT('',(-1.29808469604223,-2.53599816392233,-0.817875420637862));
#868=CARTESIAN_POINT('',(-2.463573422387,-1.491299198914,-0.879839155688581));
#869=CARTESIAN_POINT('',(-2.876582776154,0.134598785975,-0.946257047443081));
#870=CARTESIAN_POINT('',(-2.313515658962,1.714810599796,-1.01267493919782));
#871=CARTESIAN_POINT('',(-0.9653552954001,2.713117144172,-1.07909283095192));
#872=CARTESIAN_POINT('',(0.7103861520853,2.790746748378,-1.14551072270691));
#873=CARTESIAN_POINT('',(2.145064693527,1.921357391028,-1.21192861446104));
#874=CARTESIAN_POINT('',(2.851831104939,0.3999696211116,-1.27834650621591));
#875=CARTESIAN_POINT('',(2.590849916618,-1.25714485277,-1.34476439797088));
#876=CARTESIAN_POINT('',(1.450683032298,-2.487656565203,-1.41118228972491));
#877=CARTESIAN_POINT('',(-0.1817623538617,-2.874000503743,-1.47760018147991));
#878=CARTESIAN_POINT('',(-1.752528037557,-2.285073724668,-1.54401807323391));
#879=CARTESIAN_POINT('',(-2.728586352008,-0.9207241545188,-1.61043596498891));
#880=CARTESIAN_POINT('',(-2.778719160688,0.7560663167167,-1.67685385674291));
#881=CARTESIAN_POINT('',(-1.885914267275,2.176291300746,-1.74327174849791));
#882=CARTESIAN_POINT('',(-0.3531383790964,2.858008001113,-1.80968964025204));
#883=CARTESIAN_POINT('',(1.299472394307,2.569880920518,-1.87610753200691));
#884=CARTESIAN_POINT('',(2.511116865434,1.409683843058,-1.94252542376188));
#885=CARTESIAN_POINT('',(2.870632485151,-0.2288789729825,-2.00894331551591));
#886=CARTESIAN_POINT('',(2.25602029918,-1.789773410037,-2.07536120727091));
#887=CARTESIAN_POINT('',(0.875844385789,-2.743321537968,-2.14177909902491));
#888=CARTESIAN_POINT('',(-0.8015428107464,-2.765943883946,-2.20819699077991));
#889=CARTESIAN_POINT('',(-2.206932416749,-1.849963723749,-2.27461488253391));
#890=CARTESIAN_POINT('',(-2.863415877719,-0.3062121162447,-2.34103277428891));
#891=CARTESIAN_POINT('',(-2.54822053318,1.34145028896,-2.40745066604362));
#892=CARTESIAN_POINT('',(-1.368305116803,2.533901538336,-2.47386855779791));
#893=CARTESIAN_POINT('',(0.2759331070882,2.866492003262,-2.54028644955291));
#894=CARTESIAN_POINT('',(1.826540585672,2.226360165455,-2.60670434130691));
#895=CARTESIAN_POINT('',(2.757306037041,0.8307278250678,-2.67312223306191));
#896=CARTESIAN_POINT('',(2.75247126695,-0.8467994052798,-2.73954012481591));
#897=CARTESIAN_POINT('',(1.87632104252749,-2.14376535816838,-2.80150385986689));
#898=CARTESIAN_POINT('',(0.981901282112608,-2.56790694786497,-2.84132829766594));
#899=CARTESIAN_POINT('',(0.563759372937248,-2.65736324069011,-2.85901343821378));
#900=CARTESIAN_POINT('',(0.100013797955488,-2.71466411619605,-0.790372561397994));
#901=CARTESIAN_POINT('',(-0.327326480935623,-2.72967646353676,-0.808057701945622));
#902=CARTESIAN_POINT('',(-1.29808469604223,-2.53599816392233,-0.84788213974476));
#903=CARTESIAN_POINT('',(-2.463573422387,-1.491299198914,-0.909845874795479));
#904=CARTESIAN_POINT('',(-2.876582776154,0.134598785975,-0.976263766549883));
#905=CARTESIAN_POINT('',(-2.313515658962,1.714810599796,-1.04268165830476));
#906=CARTESIAN_POINT('',(-0.9653552954001,2.713117144172,-1.10909955005879));
#907=CARTESIAN_POINT('',(0.7103861520853,2.790746748378,-1.17551744181379));
#908=CARTESIAN_POINT('',(2.145064693527,1.921357391028,-1.24193533356831));
#909=CARTESIAN_POINT('',(2.851831104939,0.3999696211116,-1.30835322532279));
#910=CARTESIAN_POINT('',(2.590849916618,-1.25714485277,-1.37477111707778));
#911=CARTESIAN_POINT('',(1.450683032298,-2.487656565203,-1.44118900883179));
#912=CARTESIAN_POINT('',(-0.1817623538617,-2.874000503743,-1.50760690058679));
#913=CARTESIAN_POINT('',(-1.752528037557,-2.285073724668,-1.57402479234079));
#914=CARTESIAN_POINT('',(-2.728586352008,-0.9207241545188,-1.64044268409579));
#915=CARTESIAN_POINT('',(-2.778719160688,0.7560663167167,-1.70686057584979));
#916=CARTESIAN_POINT('',(-1.885914267275,2.176291300746,-1.77327846760479));
#917=CARTESIAN_POINT('',(-0.3531383790964,2.858008001113,-1.83969635935931));
#918=CARTESIAN_POINT('',(1.299472394307,2.569880920518,-1.90611425111379));
#919=CARTESIAN_POINT('',(2.511116865434,1.409683843058,-1.97253214286878));
#920=CARTESIAN_POINT('',(2.870632485151,-0.2288789729825,-2.03895003462279));
#921=CARTESIAN_POINT('',(2.25602029918,-1.789773410037,-2.10536792637779));
#922=CARTESIAN_POINT('',(0.875844385789,-2.743321537968,-2.17178581813179));
#923=CARTESIAN_POINT('',(-0.8015428107464,-2.765943883946,-2.23820370988679));
#924=CARTESIAN_POINT('',(-2.206932416749,-1.849963723749,-2.30462160164079));
#925=CARTESIAN_POINT('',(-2.863415877719,-0.3062121162447,-2.37103949339579));
#926=CARTESIAN_POINT('',(-2.54822053318,1.34145028896,-2.43745738515069));
#927=CARTESIAN_POINT('',(-1.368305116803,2.533901538336,-2.50387527690479));
#928=CARTESIAN_POINT('',(0.2759331070882,2.866492003262,-2.57029316865979));
#929=CARTESIAN_POINT('',(1.826540585672,2.226360165455,-2.63671106041379));
#930=CARTESIAN_POINT('',(2.757306037041,0.8307278250678,-2.70312895216879));
#931=CARTESIAN_POINT('',(2.75247126695,-0.8467994052798,-2.76954684392279));
#932=CARTESIAN_POINT('',(1.87632104252749,-2.14376535816838,-2.83151057897377));
#933=CARTESIAN_POINT('',(0.981901282112608,-2.56790694786497,-2.87133501677282));
#934=CARTESIAN_POINT('',(0.563759372937248,-2.65736324069011,-2.88902015732068));
#935=EDGE_LOOP('',(#2940,#2941,#2942,#2943));
#936=CARTESIAN_POINT('',(1.74712567038852,-2.07920593592841,-2.74395298532221));
#937=CARTESIAN_POINT('',(1.3897719847093,-2.37781087866624,-2.76321083301821));
#938=CARTESIAN_POINT('',(0.3651079914306,-2.86808093814988,-2.80868534738063));
#939=CARTESIAN_POINT('',(-1.452775837478,-2.565218093701,-2.8803765284099));
#940=CARTESIAN_POINT('',(-2.763534727492,-1.026147120636,-2.95902652841028));
#941=CARTESIAN_POINT('',(-2.774803228955,0.9953576844777,-3.03767652841028));
#942=CARTESIAN_POINT('',(-1.481149516698,2.548814354108,-3.11632652841028));
#943=CARTESIAN_POINT('',(0.5090301796799,2.903642435998,-3.19497652841028));
#944=CARTESIAN_POINT('',(2.259832564576,1.89299015922,-3.27362652841028));
#945=CARTESIAN_POINT('',(2.947913155036,-0.007870709853698,-3.35227652841028));
#946=CARTESIAN_POINT('',(2.249692082733,-1.90503007931,-3.43092652841028));
#947=CARTESIAN_POINT('',(0.4935184351134,-2.906319603369,-3.50957652841028));
#948=CARTESIAN_POINT('',(-1.494739887986,-2.540867319224,-3.58822652841028));
#949=CARTESIAN_POINT('',(-2.780073636679,-0.980532838295,-3.66687652841028));
#950=CARTESIAN_POINT('',(-2.758034709745,1.040912393525,-3.74552652841028));
#951=CARTESIAN_POINT('',(-1.438987254775,2.572852454344,-3.8241765284099));
#952=CARTESIAN_POINT('',(0.5567662383832,2.894868809995,-3.9028265284099));
#953=CARTESIAN_POINT('',(2.290691786843,1.855528282981,-3.9814765284099));
#954=CARTESIAN_POINT('',(2.947384053004,-0.0564031504807,-4.0601265284099));
#955=CARTESIAN_POINT('',(2.218023330315,-1.941810129082,-4.13877652840981));
#956=CARTESIAN_POINT('',(0.4456027922897,-2.914050827055,-4.21742652840981));
#957=CARTESIAN_POINT('',(-1.536369358896,-2.515914001984,-4.29607652840981));
#958=CARTESIAN_POINT('',(-2.795840028556,-0.9346296600084,-4.37472652840981));
#959=CARTESIAN_POINT('',(-2.74052363732,1.086178749571,-4.45337652840981));
#960=CARTESIAN_POINT('',(-1.396433556254,2.596194791066,-4.53202652840981));
#961=CARTESIAN_POINT('',(0.6043509730213,2.885310003989,-4.61067652840981));
#962=CARTESIAN_POINT('',(2.32093030193,1.817563615506,-4.68932652840981));
#963=CARTESIAN_POINT('',(2.94605546251,-0.1049205974673,-4.7679765284098));
#964=CARTESIAN_POINT('',(2.185755246246,-1.978062816503,-4.84662652840981));
#965=CARTESIAN_POINT('',(0.3975592498976,-2.920995810044,-4.92527652840981));
#966=CARTESIAN_POINT('',(-1.577555837929,-2.490264982178,-5.00392652840981));
#967=CARTESIAN_POINT('',(-2.81094754162,-0.88852429368951,-5.08257652840981));
#968=CARTESIAN_POINT('',(-2.72977899175524,0.952627298244361,-5.15426770943915));
#969=CARTESIAN_POINT('',(-2.03745000813435,1.85317247134249,-5.19974222380218));
#970=CARTESIAN_POINT('',(-1.67115758417844,2.14074233876342,-5.21900007149796));
#971=CARTESIAN_POINT('',(1.74712567038852,-2.07920593592841,-2.77396863304878));
#972=CARTESIAN_POINT('',(1.3897719847093,-2.37781087866624,-2.79322648074473));
#973=CARTESIAN_POINT('',(0.3651079914306,-2.86808093814988,-2.8387009951073));
#974=CARTESIAN_POINT('',(-1.452775837478,-2.565218093701,-2.91039217613657));
#975=CARTESIAN_POINT('',(-2.763534727492,-1.026147120636,-2.98904217613716));
#976=CARTESIAN_POINT('',(-2.774803228955,0.9953576844777,-3.06769217613716));
#977=CARTESIAN_POINT('',(-1.481149516698,2.548814354108,-3.14634217613716));
#978=CARTESIAN_POINT('',(0.5090301796799,2.903642435998,-3.22499217613715));
#979=CARTESIAN_POINT('',(2.259832564576,1.89299015922,-3.30364217613716));
#980=CARTESIAN_POINT('',(2.947913155036,-0.007870709853698,-3.38229217613716));
#981=CARTESIAN_POINT('',(2.249692082733,-1.90503007931,-3.46094217613716));
#982=CARTESIAN_POINT('',(0.4935184351134,-2.906319603369,-3.53959217613716));
#983=CARTESIAN_POINT('',(-1.494739887986,-2.540867319224,-3.61824217613716));
#984=CARTESIAN_POINT('',(-2.780073636679,-0.980532838295,-3.69689217613716));
#985=CARTESIAN_POINT('',(-2.758034709745,1.040912393525,-3.77554217613715));
#986=CARTESIAN_POINT('',(-1.438987254775,2.572852454344,-3.85419217613657));
#987=CARTESIAN_POINT('',(0.5567662383832,2.894868809995,-3.93284217613657));
#988=CARTESIAN_POINT('',(2.290691786843,1.855528282981,-4.01149217613657));
#989=CARTESIAN_POINT('',(2.947384053004,-0.0564031504807,-4.09014217613657));
#990=CARTESIAN_POINT('',(2.218023330315,-1.941810129082,-4.16879217613631));
#991=CARTESIAN_POINT('',(0.4456027922897,-2.914050827055,-4.24744217613631));
#992=CARTESIAN_POINT('',(-1.536369358896,-2.515914001984,-4.32609217613631));
#993=CARTESIAN_POINT('',(-2.795840028556,-0.9346296600084,-4.40474217613631));
#994=CARTESIAN_POINT('',(-2.74052363732,1.086178749571,-4.48339217613631));
#995=CARTESIAN_POINT('',(-1.396433556254,2.596194791066,-4.56204217613631));
#996=CARTESIAN_POINT('',(0.6043509730213,2.885310003989,-4.64069217613631));
#997=CARTESIAN_POINT('',(2.32093030193,1.817563615506,-4.71934217613631));
#998=CARTESIAN_POINT('',(2.94605546251,-0.1049205974673,-4.79799217613628));
#999=CARTESIAN_POINT('',(2.185755246246,-1.978062816503,-4.87664217613631));
#1000=CARTESIAN_POINT('',(0.3975592498976,-2.920995810044,-4.95529217613631));
#1001=CARTESIAN_POINT('',(-1.577555837929,-2.490264982178,-5.03394217613631));
#1002=CARTESIAN_POINT('',(-2.81094754162,-0.888524293689529,-5.11259217613631));
#1003=CARTESIAN_POINT('',(-2.72977899175524,0.952627298244359,-5.1842833571658));
#1004=CARTESIAN_POINT('',(-2.03745000813435,1.85317247134249,-5.2297578715287));
#1005=CARTESIAN_POINT('',(-1.67115758417844,2.14074233876342,-5.24901571922453));
#1006=CARTESIAN_POINT('',(1.74712567038852,-2.07920593592841,-2.80398428077547));
#1007=CARTESIAN_POINT('',(1.3897719847093,-2.37781087866624,-2.82324212847131));
#1008=CARTESIAN_POINT('',(0.3651079914306,-2.86808093814988,-2.8687166428342));
#1009=CARTESIAN_POINT('',(-1.452775837478,-2.565218093701,-2.94040782386347));
#1010=CARTESIAN_POINT('',(-2.763534727492,-1.026147120636,-3.01905782386373));
#1011=CARTESIAN_POINT('',(-2.774803228955,0.9953576844777,-3.09770782386373));
#1012=CARTESIAN_POINT('',(-1.481149516698,2.548814354108,-3.17635782386373));
#1013=CARTESIAN_POINT('',(0.5090301796799,2.903642435998,-3.25500782386373));
#1014=CARTESIAN_POINT('',(2.259832564576,1.89299015922,-3.33365782386373));
#1015=CARTESIAN_POINT('',(2.947913155036,-0.007870709853698,-3.41230782386373));
#1016=CARTESIAN_POINT('',(2.249692082733,-1.90503007931,-3.49095782386373));
#1017=CARTESIAN_POINT('',(0.4935184351134,-2.906319603369,-3.56960782386373));
#1018=CARTESIAN_POINT('',(-1.494739887986,-2.540867319224,-3.64825782386373));
#1019=CARTESIAN_POINT('',(-2.780073636679,-0.980532838295,-3.72690782386373));
#1020=CARTESIAN_POINT('',(-2.758034709745,1.040912393525,-3.80555782386373));
#1021=CARTESIAN_POINT('',(-1.438987254775,2.572852454344,-3.88420782386347));
#1022=CARTESIAN_POINT('',(0.5567662383832,2.894868809995,-3.96285782386347));
#1023=CARTESIAN_POINT('',(2.290691786843,1.855528282981,-4.04150782386347));
#1024=CARTESIAN_POINT('',(2.947384053004,-0.0564031504807,-4.12015782386347));
#1025=CARTESIAN_POINT('',(2.218023330315,-1.941810129082,-4.19880782386288));
#1026=CARTESIAN_POINT('',(0.4456027922897,-2.914050827055,-4.27745782386288));
#1027=CARTESIAN_POINT('',(-1.536369358896,-2.515914001984,-4.35610782386288));
#1028=CARTESIAN_POINT('',(-2.795840028556,-0.9346296600084,-4.43475782386288));
#1029=CARTESIAN_POINT('',(-2.74052363732,1.086178749571,-4.51340782386288));
#1030=CARTESIAN_POINT('',(-1.396433556254,2.596194791066,-4.59205782386288));
#1031=CARTESIAN_POINT('',(0.6043509730213,2.885310003989,-4.67070782386288));
#1032=CARTESIAN_POINT('',(2.32093030193,1.817563615506,-4.74935782386288));
#1033=CARTESIAN_POINT('',(2.94605546251,-0.1049205974673,-4.82800782386276));
#1034=CARTESIAN_POINT('',(2.185755246246,-1.978062816503,-4.90665782386288));
#1035=CARTESIAN_POINT('',(0.3975592498976,-2.920995810044,-4.98530782386288));
#1036=CARTESIAN_POINT('',(-1.577555837929,-2.490264982178,-5.06395782386288));
#1037=CARTESIAN_POINT('',(-2.81094754162,-0.888524293689571,-5.14260782386288));
#1038=CARTESIAN_POINT('',(-2.72977899175524,0.952627298244355,-5.21429900489268));
#1039=CARTESIAN_POINT('',(-2.03745000813435,1.85317247134249,-5.25977351925528));
#1040=CARTESIAN_POINT('',(-1.67115758417844,2.14074233876342,-5.27903136695122));
#1041=CARTESIAN_POINT('',(1.74712567038852,-2.07920593592841,-2.83399992850204));
#1042=CARTESIAN_POINT('',(1.3897719847093,-2.37781087866624,-2.85325777619784));
#1043=CARTESIAN_POINT('',(0.3651079914306,-2.86808093814988,-2.89873229056087));
#1044=CARTESIAN_POINT('',(-1.452775837478,-2.565218093701,-2.97042347159014));
#1045=CARTESIAN_POINT('',(-2.763534727492,-1.026147120636,-3.04907347159023));
#1046=CARTESIAN_POINT('',(-2.774803228955,0.9953576844777,-3.12772347159023));
#1047=CARTESIAN_POINT('',(-1.481149516698,2.548814354108,-3.20637347159023));
#1048=CARTESIAN_POINT('',(0.5090301796799,2.903642435998,-3.28502347159023));
#1049=CARTESIAN_POINT('',(2.259832564576,1.89299015922,-3.36367347159023));
#1050=CARTESIAN_POINT('',(2.947913155036,-0.007870709853698,-3.44232347159023));
#1051=CARTESIAN_POINT('',(2.249692082733,-1.90503007931,-3.52097347159023));
#1052=CARTESIAN_POINT('',(0.4935184351134,-2.906319603369,-3.59962347159023));
#1053=CARTESIAN_POINT('',(-1.494739887986,-2.540867319224,-3.67827347159023));
#1054=CARTESIAN_POINT('',(-2.780073636679,-0.980532838295,-3.75692347159023));
#1055=CARTESIAN_POINT('',(-2.758034709745,1.040912393525,-3.83557347159023));
#1056=CARTESIAN_POINT('',(-1.438987254775,2.572852454344,-3.91422347159014));
#1057=CARTESIAN_POINT('',(0.5567662383832,2.894868809995,-3.99287347159014));
#1058=CARTESIAN_POINT('',(2.290691786843,1.855528282981,-4.07152347159014));
#1059=CARTESIAN_POINT('',(2.947384053004,-0.0564031504807,-4.15017347159014));
#1060=CARTESIAN_POINT('',(2.218023330315,-1.941810129082,-4.22882347158976));
#1061=CARTESIAN_POINT('',(0.4456027922897,-2.914050827055,-4.30747347158976));
#1062=CARTESIAN_POINT('',(-1.536369358896,-2.515914001984,-4.38612347158976));
#1063=CARTESIAN_POINT('',(-2.795840028556,-0.9346296600084,-4.46477347158976));
#1064=CARTESIAN_POINT('',(-2.74052363732,1.086178749571,-4.54342347158976));
#1065=CARTESIAN_POINT('',(-1.396433556254,2.596194791066,-4.62207347158976));
#1066=CARTESIAN_POINT('',(0.6043509730213,2.885310003989,-4.70072347158976));
#1067=CARTESIAN_POINT('',(2.32093030193,1.817563615506,-4.77937347158976));
#1068=CARTESIAN_POINT('',(2.94605546251,-0.1049205974673,-4.85802347158923));
#1069=CARTESIAN_POINT('',(2.185755246246,-1.978062816503,-4.93667347158976));
#1070=CARTESIAN_POINT('',(0.3975592498976,-2.920995810044,-5.01532347158976));
#1071=CARTESIAN_POINT('',(-1.577555837929,-2.490264982178,-5.09397347158976));
#1072=CARTESIAN_POINT('',(-2.81094754162,-0.88852429368959,-5.17262347158976));
#1073=CARTESIAN_POINT('',(-2.72977899175524,0.952627298244354,-5.24431465261936));
#1074=CARTESIAN_POINT('',(-2.03745000813435,1.85317247134249,-5.2897891669818));
#1075=CARTESIAN_POINT('',(-1.67115758417844,2.14074233876342,-5.30904701467779));
#1076=EDGE_LOOP('',(#2944,#2945,#2946,#2947,#2948,#2949,#2950,#2951,#2952,#2953,#2954));
#1077=CARTESIAN_POINT('',(1.28847782314848,-2.38897557564933,-2.85540178772473));
#1078=CARTESIAN_POINT('',(1.04143300026876,-2.52251182303218,-2.86701785848313));
#1079=CARTESIAN_POINT('',(0.171279714681397,-2.83489394988528,-2.90485059590844));
#1080=CARTESIAN_POINT('',(-1.45231275326935,-2.56440040940228,-2.96890000000014));
#1081=CARTESIAN_POINT('',(-2.7626538281403,-1.02582002782801,-3.04755000000014));
#1082=CARTESIAN_POINT('',(-2.77391873767609,0.995040406054983,-3.12620000000014));
#1083=CARTESIAN_POINT('',(-1.48067738814649,2.54800189863562,-3.20485000000014));
#1084=CARTESIAN_POINT('',(0.508867922136774,2.90271687616534,-3.28350000000014));
#1085=CARTESIAN_POINT('',(2.25911222441872,1.89238675308736,-3.36215000000014));
#1086=CARTESIAN_POINT('',(2.94697348354864,-0.0078682010004044,-3.44080000000014));
#1087=CARTESIAN_POINT('',(2.24897497493731,-1.90442283535336,-3.51945000000014));
#1088=CARTESIAN_POINT('',(0.493361122065952,-2.90539319016757,-3.59810000000014));
#1089=CARTESIAN_POINT('',(-1.49426342739157,-2.54005739693456,-3.67675000000014));
#1090=CARTESIAN_POINT('',(-2.77918746541401,-0.980220285413719,-3.75540000000014));
#1091=CARTESIAN_POINT('',(-2.75715556356944,1.04058059416547,-3.83405000000014));
#1092=CARTESIAN_POINT('',(-1.43852856578943,2.57203233653003,-3.91270000000014));
#1093=CARTESIAN_POINT('',(0.556588764579927,2.89394604682749,-3.99135000000014));
#1094=CARTESIAN_POINT('',(2.28996161005504,1.8549368181279,-4.07000000000014));
#1095=CARTESIAN_POINT('',(2.94644455017214,-0.0563851715140451,-4.14865000000014));
#1096=CARTESIAN_POINT('',(2.21731631719382,-1.94119116118291,-4.22730000000014));
#1097=CARTESIAN_POINT('',(0.445460752746255,-2.91312194946201,-4.30595000000014));
#1098=CARTESIAN_POINT('',(-1.53587962856587,-2.51511203376835,-4.38460000000014));
#1099=CARTESIAN_POINT('',(-2.79494883162431,-0.934331739141441,-4.46325000000014));
#1100=CARTESIAN_POINT('',(-2.73965007294123,1.08583252118965,-4.54190000000014));
#1101=CARTESIAN_POINT('',(-1.39598843160956,2.59536723269064,-4.62055000000014));
#1102=CARTESIAN_POINT('',(0.604158331193718,2.88439028776926,-4.69920000000014));
#1103=CARTESIAN_POINT('',(2.32019048636732,1.81698425220239,-4.77785000000014));
#1104=CARTESIAN_POINT('',(2.94511638317737,-0.104887153166663,-4.85650000000014));
#1105=CARTESIAN_POINT('',(2.18505851884124,-1.97743229276285,-4.93515000000014));
#1106=CARTESIAN_POINT('',(0.39743252462722,-2.92006471868056,-5.01380000000014));
#1107=CARTESIAN_POINT('',(-1.57705297907166,-2.48947118979865,-5.09245000000014));
#1108=CARTESIAN_POINT('',(-2.81005152904493,-0.888241069286097,-5.17110000000014));
#1109=CARTESIAN_POINT('',(-2.73641859875295,0.781979564836486,-5.23615616955734));
#1110=CARTESIAN_POINT('',(-2.225127970979,1.58418635062303,-5.27499567244776));
#1111=CARTESIAN_POINT('',(-2.02137244895816,1.81140307488296,-5.28761850867162));
#1112=CARTESIAN_POINT('',(1.3617501522193,-2.52483030390081,-2.9445747577842));
#1113=CARTESIAN_POINT('',(1.10065654306472,-2.66596040481017,-2.95619082854256));
#1114=CARTESIAN_POINT('',(0.181019939458075,-2.99610687776476,-2.99402356596749));
#1115=CARTESIAN_POINT('',(-1.53490194189182,-2.71023108439872,-3.05807297005919));
#1116=CARTESIAN_POINT('',(-2.91975865118637,-1.08415570213789,-3.13672297005919));
#1117=CARTESIAN_POINT('',(-2.93166416636085,1.05162572460769,-3.21537297005919));
#1118=CARTESIAN_POINT('',(-1.56487959860204,2.69290003365658,-3.29402297005919));
#1119=CARTESIAN_POINT('',(0.537805896213278,3.06778671464378,-3.37267297005919));
#1120=CARTESIAN_POINT('',(2.38758196704227,2.0000017872072,-3.45132297005919));
#1121=CARTESIAN_POINT('',(3.11456007834394,-0.00831564480002292,-3.52997297005919));
#1122=CARTESIAN_POINT('',(2.37686823896972,-2.01272232966765,-3.60862297005919));
#1123=CARTESIAN_POINT('',(0.521417265398382,-3.0706152235515,-3.68727297005919));
#1124=CARTESIAN_POINT('',(-1.57923823999915,-2.68450374913723,-3.76592297005919));
#1125=CARTESIAN_POINT('',(-2.93723251272302,-1.03596282286732,-3.84457297005919));
#1126=CARTESIAN_POINT('',(-2.91394771483834,1.09975566287893,-3.92322297005919));
#1127=CARTESIAN_POINT('',(-1.52033388409347,2.71829701905535,-4.00187297005919));
#1128=CARTESIAN_POINT('',(0.588240496866575,3.05851711141783,-4.08052297005919));
#1129=CARTESIAN_POINT('',(2.42018567572172,1.96042217340638,-4.15917297005919));
#1130=CARTESIAN_POINT('',(3.11400106592292,-0.0595916472233799,-4.23782297005919));
#1131=CARTESIAN_POINT('',(2.34340923701635,-2.05158157302921,-4.31647297005919));
#1132=CARTESIAN_POINT('',(0.470792928649488,-3.07878349696461,-4.39512297005919));
#1133=CARTESIAN_POINT('',(-1.62322104456552,-2.65813980908449,-4.47377297005919));
#1134=CARTESIAN_POINT('',(-2.95389018618094,-0.987464716226447,-4.55242297005919));
#1135=CARTESIAN_POINT('',(-2.89544673321545,1.14758094741716,-4.63107297005919));
#1136=CARTESIAN_POINT('',(-1.47537460489265,2.74295890909914,-4.70972297005919));
#1137=CARTESIAN_POINT('',(0.638515219033769,3.04841794159282,-4.78837297005919));
#1138=CARTESIAN_POINT('',(2.45213358835134,1.92031134534422,-4.86702297005919));
#1139=CARTESIAN_POINT('',(3.1125973695808,-0.110851808408746,-4.94567297005919));
#1140=CARTESIAN_POINT('',(2.30931702291095,-2.08988364199648,-5.02432297005919));
#1141=CARTESIAN_POINT('',(0.420033462109255,-3.08612108312268,-5.10297297005919));
#1142=CARTESIAN_POINT('',(-1.66673581471588,-2.63104083807204,-5.18162297005919));
#1143=CARTESIAN_POINT('',(-2.96985173409572,-0.938752991768479,-5.26027297005919));
#1144=CARTESIAN_POINT('',(-2.89203149362855,0.826448676350958,-5.32532913961639));
#1145=CARTESIAN_POINT('',(-2.35166511891073,1.67427484225795,-5.36416864250722));
#1146=CARTESIAN_POINT('',(-2.13632255876543,1.91441278121889,-5.37679147873111));
#1147=CARTESIAN_POINT('',(1.43502248129014,-2.66068503215184,-3.03374772784356));
#1148=CARTESIAN_POINT('',(1.15988008586071,-2.80940898658776,-3.04536379860196));
#1149=CARTESIAN_POINT('',(0.190760164234761,-3.15731980564424,-3.08319653602728));
#1150=CARTESIAN_POINT('',(-1.61749113051425,-2.85606175939517,-3.14724594011898));
#1151=CARTESIAN_POINT('',(-3.0768634742332,-1.14249137644777,-3.22589594011898));
#1152=CARTESIAN_POINT('',(-3.0894095950456,1.10821104316163,-3.30454594011898));
#1153=CARTESIAN_POINT('',(-1.64908180905684,2.83779816867829,-3.38319594011898));
#1154=CARTESIAN_POINT('',(0.566743870290686,3.23285655312223,-3.46184594011898));
#1155=CARTESIAN_POINT('',(2.51605170966582,2.10761682132708,-3.54049594011898));
#1156=CARTESIAN_POINT('',(3.2821466731385,-0.00876308860107772,-3.61914594011898));
#1157=CARTESIAN_POINT('',(2.50476150300138,-2.12102182398348,-3.69779594011898));
#1158=CARTESIAN_POINT('',(0.549473408728705,-3.23583725693543,-3.77644594011898));
#1159=CARTESIAN_POINT('',(-1.66421305260824,-2.82895010133765,-3.85509594011898));
#1160=CARTESIAN_POINT('',(-3.09527756003278,-1.09170536031819,-3.93374594011898));
#1161=CARTESIAN_POINT('',(-3.07073986610648,1.1589307315954,-4.01239594011898));
#1162=CARTESIAN_POINT('',(-1.60213920239452,2.86456170158216,-4.09104594011898));
#1163=CARTESIAN_POINT('',(0.619892229156751,3.22308817600746,-4.16969594011898));
#1164=CARTESIAN_POINT('',(2.55040974139066,2.0659075286826,-4.24834594011898));
#1165=CARTESIAN_POINT('',(3.2815575816745,-0.0627981229368893,-4.32699594011898));
#1166=CARTESIAN_POINT('',(2.46950215683663,-2.16197198487925,-4.40564594011898));
#1167=CARTESIAN_POINT('',(0.496125104548214,-3.24444504446717,-4.48429594011898));
#1168=CARTESIAN_POINT('',(-1.71056246056967,-2.80116758439763,-4.56294594011898));
#1169=CARTESIAN_POINT('',(-3.11283154073907,-1.04059769330694,-4.64159594011898));
#1170=CARTESIAN_POINT('',(-3.05124339348816,1.20932937364845,-4.72024594011898));
#1171=CARTESIAN_POINT('',(-1.55476077817199,2.89055058550988,-4.79889594011898));
#1172=CARTESIAN_POINT('',(0.672872106877947,3.21244559541563,-4.87754594011898));
#1173=CARTESIAN_POINT('',(2.58407669033839,2.02363843848379,-4.95619594011898));
#1174=CARTESIAN_POINT('',(3.28007835598428,-0.11681646365451,-5.03484594011898));
#1175=CARTESIAN_POINT('',(2.43357552697917,-2.20233499123235,-5.11349594011898));
#1176=CARTESIAN_POINT('',(0.442634399588586,-3.25217744756475,-5.19214594011898));
#1177=CARTESIAN_POINT('',(-1.75641865036234,-2.77261048634468,-5.27079594011898));
#1178=CARTESIAN_POINT('',(-3.12965193914725,-0.989264914249519,-5.34944594011898));
#1179=CARTESIAN_POINT('',(-3.04764438850489,0.87091778786628,-5.41450210967618));
#1180=CARTESIAN_POINT('',(-2.47820226684281,1.76436333389324,-5.4533416125666));
#1181=CARTESIAN_POINT('',(-2.25127266857292,2.01742248755498,-5.46596444879046));
#1182=CARTESIAN_POINT('',(1.50829481036146,-2.79653976040292,-3.12292069790304));
#1183=CARTESIAN_POINT('',(1.21910362865714,-2.95285756836532,-3.13453676866139));
#1184=CARTESIAN_POINT('',(0.200500389011594,-3.31853273352371,-3.17236950608631));
#1185=CARTESIAN_POINT('',(-1.70008031913589,-3.00189243439162,-3.23641891017802));
#1186=CARTESIAN_POINT('',(-3.23396829727926,-1.20082705075765,-3.31506891017802));
#1187=CARTESIAN_POINT('',(-3.24715502373035,1.16479636171482,-3.39371891017801));
#1188=CARTESIAN_POINT('',(-1.7332840195124,2.98269630369924,-3.47236891017802));
#1189=CARTESIAN_POINT('',(0.59568184436726,3.39792639160067,-3.55101891017801));
#1190=CARTESIAN_POINT('',(2.64452145228937,2.21523185544776,-3.62966891017802));
#1191=CARTESIAN_POINT('',(3.44973326793382,-0.00921053240071368,-3.70831891017801));
#1192=CARTESIAN_POINT('',(2.63265476703379,-2.22932131829858,-3.78696891017802));
#1193=CARTESIAN_POINT('',(0.577529552061001,-3.40105929031936,-3.86561891017802));
#1194=CARTESIAN_POINT('',(-1.7491878652158,-2.97339645354036,-3.94426891017802));
#1195=CARTESIAN_POINT('',(-3.25332260734178,-1.14744789777132,-4.02291891017802));
#1196=CARTESIAN_POINT('',(-3.22753201737538,1.21810580030882,-4.10156891017802));
#1197=CARTESIAN_POINT('',(-1.68394452069861,3.01082638410746,-4.18021891017801));
#1198=CARTESIAN_POINT('',(0.651543961443429,3.38765924059864,-4.25886891017802));
#1199=CARTESIAN_POINT('',(2.68063380705731,2.17139288396111,-4.33751891017801));
#1200=CARTESIAN_POINT('',(3.44911409742612,-0.0660045986462777,-4.41616891017802));
#1201=CARTESIAN_POINT('',(2.59559507665919,-2.27236239672549,-4.49481891017802));
#1202=CARTESIAN_POINT('',(0.521457280451348,-3.41010659196894,-4.57346891017801));
#1203=CARTESIAN_POINT('',(-1.79790387656925,-2.94419535971381,-4.65211891017802));
#1204=CARTESIAN_POINT('',(-3.27177289529568,-1.09373067039168,-4.73076891017802));
#1205=CARTESIAN_POINT('',(-3.2070400537624,1.27107779987674,-4.80941891017802));
#1206=CARTESIAN_POINT('',(-1.63414695145513,3.03814226191835,-4.88806891017802));
#1207=CARTESIAN_POINT('',(0.707228994718019,3.37647324923921,-4.96671891017802));
#1208=CARTESIAN_POINT('',(2.7160197923232,2.12696553162566,-5.04536891017802));
#1209=CARTESIAN_POINT('',(3.44755934238854,-0.122781118896704,-5.12401891017802));
#1210=CARTESIAN_POINT('',(2.5578340310489,-2.31478634046594,-5.20266891017801));
#1211=CARTESIAN_POINT('',(0.465235337070579,-3.41823381200604,-5.28131891017802));
#1212=CARTESIAN_POINT('',(-1.84610148600652,-2.91418013461808,-5.35996891017802));
#1213=CARTESIAN_POINT('',(-3.28945214419802,-1.03977683673209,-5.43861891017801));
#1214=CARTESIAN_POINT('',(-3.20325728338047,0.915386899380709,-5.50367507973522));
#1215=CARTESIAN_POINT('',(-2.60473941477453,1.85445182552816,-5.54251458262605));
#1216=CARTESIAN_POINT('',(-2.36622277838009,2.12043219389091,-5.55513741884994));
#1217=EDGE_LOOP('',(#2955,#2956,#2957,#2958));
#1218=AXIS2_PLACEMENT_3D('',#2959,#2960,#2961);
#1219=EDGE_LOOP('',(#2962,#2963,#2964,#2965));
#1220=AXIS2_PLACEMENT_3D('',#2966,#2967,#2968);
#1221=EDGE_LOOP('',(#2969,#2970,#2971,#2972));
#1222=AXIS2_PLACEMENT_3D('',#2973,#2974,#2975);
#1223=EDGE_LOOP('',(#2976,#2977,#2978,#2979,#2980));
#1224=AXIS2_PLACEMENT_3D('',#2981,#2982,#2983);
#1225=EDGE_LOOP('',(#2984,#2985,#2986,#2987));
#1226=AXIS2_PLACEMENT_3D('',#2988,#2989,#2990);
#1227=EDGE_LOOP('',(#2991,#2992,#2993,#2994,#2995));
#1228=AXIS2_PLACEMENT_3D('',#2996,#2997,#2998);
#1229=EDGE_LOOP('',(#2999,#3000,#3001,#3002));
#1230=AXIS2_PLACEMENT_3D('',#3003,#3004,#3005);
#1231=EDGE_LOOP('',(#3006,#3007,#3008,#3009));
#1232=AXIS2_PLACEMENT_3D('',#3010,#3011,#3012);
#1233=EDGE_LOOP('',(#3013,#3014,#3015,#3016));
#1234=AXIS2_PLACEMENT_3D('',#3017,#3018,#3019);
#1235=EDGE_LOOP('',(#3020,#3021,#3022,#3023,#3024));
#1236=AXIS2_PLACEMENT_3D('',#3025,#3026,#3027);
#1237=EDGE_LOOP('',(#3028,#3029,#3030,#3031,#3032));
#1238=AXIS2_PLACEMENT_3D('',#3033,#3034,#3035);
#1239=EDGE_LOOP('',(#3036,#3037,#3038,#3039));
#1240=AXIS2_PLACEMENT_3D('',#3040,#3041,#3042);
#1241=EDGE_LOOP('',(#3043,#3044,#3045,#3046));
#1242=AXIS2_PLACEMENT_3D('',#3047,#3048,#3049);
#1243=EDGE_LOOP('',(#3050,#3051,#3052));
#1244=AXIS2_PLACEMENT_3D('',#3053,#3054,#3055);
#1245=EDGE_LOOP('',(#3056,#3057,#3058,#3059,#3060,#3061,#3062,#3063,#3064,#3065,#3066));
#1246=CARTESIAN_POINT('',(1.50829494780029,-2.79654001522918,-2.50088271028249));
#1247=CARTESIAN_POINT('',(1.2191037397443,-2.95285783743558,-2.51249878104089));
#1248=CARTESIAN_POINT('',(0.20050040728159,-3.31853303591502,-2.55033151846621));
#1249=CARTESIAN_POINT('',(-1.70008047405059,-3.00189270793003,-2.61438092255791));
#1250=CARTESIAN_POINT('',(-3.23396859196489,-1.2008271601794,-2.69303092255791));
#1251=CARTESIAN_POINT('',(-3.24715531961758,1.16479646785339,-2.77168092255791));
#1252=CARTESIAN_POINT('',(-1.73328417745269,2.98269657548847,-2.85033092255791));
#1253=CARTESIAN_POINT('',(0.595681898646975,3.39792670122649,-2.92898092255791));
#1254=CARTESIAN_POINT('',(2.64452169326343,2.2152320573041,-3.00763092255791));
#1255=CARTESIAN_POINT('',(3.44973358228038,-0.00921053323999284,-3.08628092255791));
#1256=CARTESIAN_POINT('',(2.63265500692654,-2.22932152143877,-3.16493092255791));
#1257=CARTESIAN_POINT('',(0.577529604686643,-3.40105960023065,-3.24358092255791));
#1258=CARTESIAN_POINT('',(-1.74918802460528,-2.97339672448216,-3.32223092255791));
#1259=CARTESIAN_POINT('',(-3.25332290379102,-1.14744800232906,-3.40088092255791));
#1260=CARTESIAN_POINT('',(-3.22753231147453,1.21810591130505,-3.47953092255791));
#1261=CARTESIAN_POINT('',(-1.68394467414298,3.01082665845995,-3.55818092255791));
#1262=CARTESIAN_POINT('',(0.651544020813411,3.3876595492889,-3.63683092255791));
#1263=CARTESIAN_POINT('',(2.680634051322,2.17139308182275,-3.71548092255791));
#1264=CARTESIAN_POINT('',(3.44911441171626,-0.066004604660758,-3.79413092255791));
#1265=CARTESIAN_POINT('',(2.59559531317498,-2.27236260378767,-3.87278092255791));
#1266=CARTESIAN_POINT('',(0.521457327967574,-3.41010690270464,-3.95143092255791));
#1267=CARTESIAN_POINT('',(-1.79790404039783,-2.94419562799475,-4.03008092255791));
#1268=CARTESIAN_POINT('',(-3.27177319342614,-1.09373077005459,-4.10873092255791));
#1269=CARTESIAN_POINT('',(-3.20704034599427,1.27107791569988,-4.18738092255791));
#1270=CARTESIAN_POINT('',(-1.63414710036186,3.03814253875992,-4.26603092255791));
#1271=CARTESIAN_POINT('',(0.707229059162132,3.37647355691017,-4.34468092255791));
#1272=CARTESIAN_POINT('',(2.71602003981233,2.12696572543899,-4.42333092255791));
#1273=CARTESIAN_POINT('',(3.44755965653701,-0.122781130084764,-4.50198092255791));
#1274=CARTESIAN_POINT('',(2.55783426412383,-2.31478655139388,-4.58063092255791));
#1275=CARTESIAN_POINT('',(0.465235379463749,-3.41823412348231,-4.65928092255791));
#1276=CARTESIAN_POINT('',(-1.84610165422696,-2.91418040016397,-4.73793092255791));
#1277=CARTESIAN_POINT('',(-3.28945244393945,-1.03977693147862,-4.81658092255791));
#1278=CARTESIAN_POINT('',(-3.2032558526724,0.915426056534683,-4.88163839225571));
#1279=CARTESIAN_POINT('',(-2.60469958109793,1.85451486408785,-4.92047919528673));
#1280=CARTESIAN_POINT('',(-2.36614929160084,2.1205145730734,-4.93310333165119));
#1281=CARTESIAN_POINT('',(1.43502257291601,-2.66068520203598,-2.59005573609668));
#1282=CARTESIAN_POINT('',(1.15988015991879,-2.80940916596789,-2.60167180685503));
#1283=CARTESIAN_POINT('',(0.190760176414756,-3.1573200072384,-2.63950454427996));
#1284=CARTESIAN_POINT('',(-1.6174912337907,-2.85606194175408,-2.70355394837166));
#1285=CARTESIAN_POINT('',(-3.07686367069024,-1.14249144939559,-2.78220394837166));
#1286=CARTESIAN_POINT('',(-3.08940979230371,1.10821111392066,-2.86085394837166));
#1287=CARTESIAN_POINT('',(-1.64908191435035,2.83779834987108,-2.93950394837166));
#1288=CARTESIAN_POINT('',(0.566743906477155,3.2328567595394,-3.01815394837166));
#1289=CARTESIAN_POINT('',(2.51605187031516,2.10761695589795,-3.09680394837166));
#1290=CARTESIAN_POINT('',(3.28214688270283,-0.00876308916059678,-3.17545394837166));
#1291=CARTESIAN_POINT('',(2.50476166292984,-2.12102195941025,-3.25410394837166));
#1292=CARTESIAN_POINT('',(0.54947344381246,-3.23583746354292,-3.33275394837166));
#1293=CARTESIAN_POINT('',(-1.66421315886787,-2.82895028196549,-3.41140394837166));
#1294=CARTESIAN_POINT('',(-3.09527775766557,-1.09170543002333,-3.49005394837166));
#1295=CARTESIAN_POINT('',(-3.07074006217254,1.15893080559287,-3.56870394837166));
#1296=CARTESIAN_POINT('',(-1.60213930469075,2.86456188448379,-3.64735394837166));
#1297=CARTESIAN_POINT('',(0.619892268736732,3.22308838180092,-3.72600394837166));
#1298=CARTESIAN_POINT('',(2.55040990423375,2.06590766059034,-3.80465394837166));
#1299=CARTESIAN_POINT('',(3.28155779120122,-0.0627981269465447,-3.88330394837166));
#1300=CARTESIAN_POINT('',(2.46950231451379,-2.16197212292068,-3.96195394837166));
#1301=CARTESIAN_POINT('',(0.496125136225691,-3.24444525162426,-4.04060394837166));
#1302=CARTESIAN_POINT('',(-1.7105625697887,-2.80116776325155,-4.11925394837166));
#1303=CARTESIAN_POINT('',(-3.11283173949267,-1.04059775974887,-4.19790394837166));
#1304=CARTESIAN_POINT('',(-3.05124358830937,1.20932945086387,-4.27655394837166));
#1305=CARTESIAN_POINT('',(-1.55476087744312,2.89055077007089,-4.35520394837166));
#1306=CARTESIAN_POINT('',(0.672872149840681,3.21244580052957,-4.43385394837166));
#1307=CARTESIAN_POINT('',(2.58407685533111,2.02363856769266,-4.51250394837166));
#1308=CARTESIAN_POINT('',(3.28007856541655,-0.116816471113216,-4.59115394837166));
#1309=CARTESIAN_POINT('',(2.43357568236242,-2.20233513185095,-4.66980394837166));
#1310=CARTESIAN_POINT('',(0.442634427850694,-3.25217765521556,-4.74845394837166));
#1311=CARTESIAN_POINT('',(-1.75641876250928,-2.77261066337524,-4.82710394837166));
#1312=CARTESIAN_POINT('',(-3.12965213897483,-0.989264977413863,-4.90575394837166));
#1313=CARTESIAN_POINT('',(-3.04764294418406,0.870955019029273,-4.97081141806946));
#1314=CARTESIAN_POINT('',(-2.47816430068448,1.76442326194643,-5.0096522211009));
#1315=CARTESIAN_POINT('',(-2.25120269035529,2.01750080976964,-5.02227635746539));
#1316=CARTESIAN_POINT('',(1.36175019803221,-2.52483038884283,-2.67922876191075));
#1317=CARTESIAN_POINT('',(1.10065658009375,-2.66596049450019,-2.69084483266915));
#1318=CARTESIAN_POINT('',(0.18101994554807,-2.99610697856178,-2.72867757009447));
#1319=CARTESIAN_POINT('',(-1.53490199353001,-2.71023117557812,-2.79272697418617));
#1320=CARTESIAN_POINT('',(-2.91975874941484,-1.08415573861178,-2.87137697418617));
#1321=CARTESIAN_POINT('',(-2.93166426498985,1.05162575998719,-2.95002697418617));
#1322=CARTESIAN_POINT('',(-1.56487965124876,2.69290012425292,-3.02867697418617));
#1323=CARTESIAN_POINT('',(0.537805914306498,3.06778681785231,-3.10732697418617));
#1324=CARTESIAN_POINT('',(2.38758204736689,2.0000018544926,-3.18597697418617));
#1325=CARTESIAN_POINT('',(3.11456018312605,-0.00831564507977959,-3.26462697418617));
#1326=CARTESIAN_POINT('',(2.3768683189339,-2.012722397381,-3.34327697418617));
#1327=CARTESIAN_POINT('',(0.52141728294025,-3.07061532685518,-3.42192697418617));
#1328=CARTESIAN_POINT('',(-1.57923829312894,-2.68450383945109,-3.50057697418617));
#1329=CARTESIAN_POINT('',(-2.93723261153936,-1.03596285771987,-3.57922697418617));
#1330=CARTESIAN_POINT('',(-2.91394781287131,1.09975569987765,-3.65787697418617));
#1331=CARTESIAN_POINT('',(-1.52033393524156,2.71829711050611,-3.73652697418617));
#1332=CARTESIAN_POINT('',(0.588240516656554,3.0585172143145,-3.81517697418617));
#1333=CARTESIAN_POINT('',(2.42018575714322,1.96042223936021,-3.89382697418617));
#1334=CARTESIAN_POINT('',(3.11400117068622,-0.0595916492282027,-3.97247697418617));
#1335=CARTESIAN_POINT('',(2.34340931585488,-2.05158164204988,-4.05112697418617));
#1336=CARTESIAN_POINT('',(0.470792944488217,-3.0787836005431,-4.12977697418617));
#1337=CARTESIAN_POINT('',(-1.62322109917504,-2.6581398985114,-4.20842697418617));
#1338=CARTESIAN_POINT('',(-2.95389028555768,-0.987464749447396,-4.28707697418617));
#1339=CARTESIAN_POINT('',(-2.89544683062599,1.14758098602484,-4.36572697418617));
#1340=CARTESIAN_POINT('',(-1.47537465452819,2.74295900137959,-4.44437697418617));
#1341=CARTESIAN_POINT('',(0.638515240515123,3.04841804414973,-4.52302697418616));
#1342=CARTESIAN_POINT('',(2.45213367084765,1.92031140994861,-4.60167697418616));
#1343=CARTESIAN_POINT('',(3.11259747429688,-0.110851812138096,-4.68032697418617));
#1344=CARTESIAN_POINT('',(2.30931710060253,-2.08988371230573,-4.75897697418616));
#1345=CARTESIAN_POINT('',(0.4200334762403,-3.08612118694802,-4.83762697418617));
#1346=CARTESIAN_POINT('',(-1.66673587078931,-2.63104092658727,-4.91627697418617));
#1347=CARTESIAN_POINT('',(-2.96985183400945,-0.938753023350632,-4.99492697418617));
#1348=CARTESIAN_POINT('',(-2.89203003569495,0.826483981522969,-5.05998444388397));
#1349=CARTESIAN_POINT('',(-2.3516290202707,1.67433165980464,-5.09882524691499));
#1350=CARTESIAN_POINT('',(-2.13625608910945,1.91448704646572,-5.11144938327946));
#1351=CARTESIAN_POINT('',(1.28847782314843,-2.38897557564923,-2.76840178772494));
#1352=CARTESIAN_POINT('',(1.04143300026872,-2.52251182303208,-2.78001785848329));
#1353=CARTESIAN_POINT('',(0.171279714681392,-2.83489394988517,-2.81785059590822));
#1354=CARTESIAN_POINT('',(-1.45231275326929,-2.56440040940217,-2.88189999999992));
#1355=CARTESIAN_POINT('',(-2.76265382814018,-1.02582002782797,-2.96054999999992));
#1356=CARTESIAN_POINT('',(-2.77391873767598,0.995040406054941,-3.03919999999992));
#1357=CARTESIAN_POINT('',(-1.48067738814643,2.54800189863552,-3.11784999999992));
#1358=CARTESIAN_POINT('',(0.508867922136666,2.90271687616522,-3.19649999999992));
#1359=CARTESIAN_POINT('',(2.25911222441862,1.89238675308728,-3.27514999999992));
#1360=CARTESIAN_POINT('',(2.94697348354852,-0.00786820100040094,-3.35379999999992));
#1361=CARTESIAN_POINT('',(2.24897497493722,-1.90442283535328,-3.43244999999992));
#1362=CARTESIAN_POINT('',(0.493361122065932,-2.90539319016745,-3.51109999999992));
#1363=CARTESIAN_POINT('',(-1.49426342739151,-2.54005739693445,-3.58974999999992));
#1364=CARTESIAN_POINT('',(-2.7791874654139,-0.980220285413679,-3.66839999999992));
#1365=CARTESIAN_POINT('',(-2.75715556356933,1.04058059416542,-3.74704999999992));
#1366=CARTESIAN_POINT('',(-1.43852856578937,2.57203233652992,-3.82569999999992));
#1367=CARTESIAN_POINT('',(0.556588764579904,2.89394604682737,-3.90434999999992));
#1368=CARTESIAN_POINT('',(2.28996161005494,1.85493681812783,-3.98299999999992));
#1369=CARTESIAN_POINT('',(2.94644455017201,-0.0563851715140428,-4.06164999999992));
#1370=CARTESIAN_POINT('',(2.21731631719373,-1.94119116118283,-4.14029999999993));
#1371=CARTESIAN_POINT('',(0.445460752746236,-2.91312194946189,-4.21894999999992));
#1372=CARTESIAN_POINT('',(-1.53587962856667,-2.51511203376825,-4.29759999999992));
#1373=CARTESIAN_POINT('',(-2.79494883162419,-0.934331739141488,-4.37624999999992));
#1374=CARTESIAN_POINT('',(-2.73965007294112,1.0858325211896,-4.45489999999992));
#1375=CARTESIAN_POINT('',(-1.3959884316095,2.59536723269053,-4.53354999999992));
#1376=CARTESIAN_POINT('',(0.604158331193693,2.88439028776914,-4.61219999999993));
#1377=CARTESIAN_POINT('',(2.32019048636722,1.81698425220231,-4.69084999999993));
#1378=CARTESIAN_POINT('',(2.94511638317725,-0.104887153166658,-4.76949999999992));
#1379=CARTESIAN_POINT('',(2.18505851884115,-1.97743229276277,-4.84814999999992));
#1380=CARTESIAN_POINT('',(0.397432524627203,-2.92006471868044,-4.92679999999993));
#1381=CARTESIAN_POINT('',(-1.5770529790716,-2.48947118979855,-5.00544999999992));
#1382=CARTESIAN_POINT('',(-2.81005152904482,-0.88824106928606,-5.08409999999992));
#1383=CARTESIAN_POINT('',(-2.73641712720659,0.782012944017517,-5.14915746969773));
#1384=CARTESIAN_POINT('',(-2.22509373985769,1.5842400576632,-5.18799827272916));
#1385=CARTESIAN_POINT('',(-2.0213094878643,1.81147328316195,-5.20062240909365));
#1386=EDGE_LOOP('',(#3067,#3068,#3069,#3070,#3071,#3072,#3073,#3074,#3075,#3076,#3077));
#1387=CARTESIAN_POINT('',(-2.5815042020979,1.8518873873547,-4.92105898350661));
#1388=CARTESIAN_POINT('',(-2.39015089658424,2.11915125418611,-4.93267505426501));
#1389=CARTESIAN_POINT('',(-1.63508691672544,2.8943444833423,-4.97050779169034));
#1390=CARTESIAN_POINT('',(0.211718227736472,3.44303980847406,-5.03455719578204));
#1391=CARTESIAN_POINT('',(2.37978825784479,2.49697037688239,-5.11320719578204));
#1392=CARTESIAN_POINT('',(3.42877048387351,0.376849968553252,-5.19185719578204));
#1393=CARTESIAN_POINT('',(2.86530838148699,-1.92054034892611,-5.27050719578204));
#1394=CARTESIAN_POINT('',(0.954393838719708,-3.3147533310147,-5.34915719578204));
#1395=CARTESIAN_POINT('',(-1.40534004030856,-3.15015584971939,-5.42780719578204));
#1396=CARTESIAN_POINT('',(-3.10419077555684,-1.50414783329847,-5.50645719578204));
#1397=CARTESIAN_POINT('',(-3.34324779409693,0.849208732587844,-5.58510719578204));
#1398=CARTESIAN_POINT('',(-2.01009075346487,2.80321181223197,-5.66375719578204));
#1399=CARTESIAN_POINT('',(0.268342584233673,3.43896111302083,-5.74240719578204));
#1400=CARTESIAN_POINT('',(2.42058366780635,2.45748570582305,-5.82105719578204));
#1401=CARTESIAN_POINT('',(3.43450780045923,0.320339591907646,-5.89970719578204));
#1402=CARTESIAN_POINT('',(2.83330145940379,-1.96745117494802,-5.97835719578204));
#1403=CARTESIAN_POINT('',(0.899691235615706,-3.33001756246045,-6.05700719578204));
#1404=CARTESIAN_POINT('',(-1.45701272271867,-3.12659162851959,-6.13565719578204));
#1405=CARTESIAN_POINT('',(-3.12853388751412,-1.45283756848939,-6.21430719578204));
#1406=CARTESIAN_POINT('',(-3.32881354882583,0.904135854182576,-6.29295719578204));
#1407=CARTESIAN_POINT('',(-1.96366709482502,2.83592539151934,-6.37160719578204));
#1408=CARTESIAN_POINT('',(0.324924216564422,3.43407710173527,-6.45025719578204));
#1409=CARTESIAN_POINT('',(2.46071488309857,2.41730087979894,-6.52890719578204));
#1410=CARTESIAN_POINT('',(3.43931627670399,0.26375149326834,-6.60755719578204));
#1411=CARTESIAN_POINT('',(2.80052592466693,-2.01383113232213,-6.68620719578204));
#1412=CARTESIAN_POINT('',(0.844744935326362,-3.34437842800578,-6.76485719578204));
#1413=CARTESIAN_POINT('',(-1.50829059939036,-3.10218019692677,-6.84350719578204));
#1414=CARTESIAN_POINT('',(-3.1520285304169,-1.40113289458868,-6.92215719578204));
#1415=CARTESIAN_POINT('',(-3.31347845759696,0.958815865490079,-7.00080719578204));
#1416=CARTESIAN_POINT('',(-1.91670555118244,2.86787774494485,-7.07945719578204));
#1417=CARTESIAN_POINT('',(0.381396909280043,3.4282341828994,-7.15810719578204));
#1418=CARTESIAN_POINT('',(2.50025692543473,2.37656538675225,-7.23675719578204));
#1419=CARTESIAN_POINT('',(3.27267944229372,0.598534678225457,-7.30120461073798));
#1420=CARTESIAN_POINT('',(3.15762127266134,-0.489894412798859,-7.33943535902714));
#1421=CARTESIAN_POINT('',(3.06981975498694,-0.818342006988558,-7.35144944064973));
#1422=CARTESIAN_POINT('',(-2.45616634180599,1.76197407152727,-5.01017325157938));
#1423=CARTESIAN_POINT('',(-2.27410367151704,2.01626167390993,-5.02178932233774));
#1424=CARTESIAN_POINT('',(-1.5556997534708,2.75381752073064,-5.05962205976266));
#1425=CARTESIAN_POINT('',(0.201438829536112,3.27587244839664,-5.12367146385437));
#1426=CARTESIAN_POINT('',(2.26424416229603,2.3757368247553,-5.20232146385437));
#1427=CARTESIAN_POINT('',(3.2622959317377,0.358553051325231,-5.28097146385437));
#1428=CARTESIAN_POINT('',(2.72619118720876,-1.82729377673669,-5.35962146385437));
#1429=CARTESIAN_POINT('',(0.908055861999126,-3.15381456920012,-5.43827146385437));
#1430=CARTESIAN_POINT('',(-1.33710760687228,-2.9972086674255,-5.51692146385437));
#1431=CARTESIAN_POINT('',(-2.95347530144329,-1.43111805831841,-5.59557146385437));
#1432=CARTESIAN_POINT('',(-3.18092556173482,0.80797773036943,-5.67422146385436));
#1433=CARTESIAN_POINT('',(-1.91249630685282,2.66710954665981,-5.75287146385437));
#1434=CARTESIAN_POINT('',(0.255313945618486,3.27199178282068,-5.83152146385437));
#1435=CARTESIAN_POINT('',(2.30305886295323,2.33816922366665,-5.91017146385437));
#1436=CARTESIAN_POINT('',(3.26775468864377,0.304786381115301,-5.98882146385437));
#1437=CARTESIAN_POINT('',(2.69573827349274,-1.87192697618926,-6.06747146385437));
#1438=CARTESIAN_POINT('',(0.856009193841741,-3.16833768772942,-6.14612146385437));
#1439=CARTESIAN_POINT('',(-1.38627146382988,-2.97478854239406,-6.22477146385437));
#1440=CARTESIAN_POINT('',(-2.97663650032685,-1.38229902276898,-6.30342146385437));
#1441=CARTESIAN_POINT('',(-3.16719213167635,0.860238016137615,-6.38207146385437));
#1442=CARTESIAN_POINT('',(-1.86832662170425,2.69823480777668,-6.46072146385437));
#1443=CARTESIAN_POINT('',(0.309148411889068,3.26734490131555,-6.53937146385437));
#1444=CARTESIAN_POINT('',(2.34124161709147,2.29993546171848,-6.61802146385437));
#1445=CARTESIAN_POINT('',(3.27232970250495,0.250945762489901,-6.69667146385437));
#1446=CARTESIAN_POINT('',(2.66455406500233,-1.91605508186763,-6.77532146385437));
#1447=CARTESIAN_POINT('',(0.803730660547951,-3.18200130081371,-6.85397146385437));
#1448=CARTESIAN_POINT('',(-1.43505968375933,-2.95156234094728,-6.93262146385437));
#1449=CARTESIAN_POINT('',(-2.99899042524532,-1.3331047275807,-7.01127146385437));
#1450=CARTESIAN_POINT('',(-3.15260159376643,0.912263189381138,-7.08992146385437));
#1451=CARTESIAN_POINT('',(-1.8236451670855,2.72863580226674,-7.16857146385437));
#1452=CARTESIAN_POINT('',(0.362879227808864,3.26178566938743,-7.24722146385437));
#1453=CARTESIAN_POINT('',(2.37886380395195,2.26117776887525,-7.32587146385437));
#1454=CARTESIAN_POINT('',(3.11378346281596,0.569474467586118,-7.39031887881031));
#1455=CARTESIAN_POINT('',(3.00431162722047,-0.466108932450173,-7.42854962709987));
#1456=CARTESIAN_POINT('',(2.92077307156134,-0.778609654021811,-7.4405637087225));
#1457=CARTESIAN_POINT('',(-2.33082848151431,1.67206075569985,-5.09928751965203));
#1458=CARTESIAN_POINT('',(-2.15805644645016,1.91337209363375,-5.11090359041043));
#1459=CARTESIAN_POINT('',(-1.47631259021678,2.61329055811898,-5.14873632783575));
#1460=CARTESIAN_POINT('',(0.191159431335677,3.10870508831918,-5.21278573192745));
#1461=CARTESIAN_POINT('',(2.14870006674804,2.25450327262896,-5.29143573192745));
#1462=CARTESIAN_POINT('',(3.0958213796019,0.340256134097589,-5.37008573192745));
#1463=CARTESIAN_POINT('',(2.58707399293133,-1.7340472045465,-5.44873573192745));
#1464=CARTESIAN_POINT('',(0.861717885279228,-2.99287580738554,-5.52738573192745));
#1465=CARTESIAN_POINT('',(-1.26887517343523,-2.84426148513236,-5.60603573192745));
#1466=CARTESIAN_POINT('',(-2.80275982732897,-1.35808828334064,-5.68468573192745));
#1467=CARTESIAN_POINT('',(-3.01860332937267,0.766746728149346,-5.76333573192745));
#1468=CARTESIAN_POINT('',(-1.8149018602415,2.53100728108614,-5.84198573192745));
#1469=CARTESIAN_POINT('',(0.24228530700087,3.10502245262053,-5.92063573192746));
#1470=CARTESIAN_POINT('',(2.18553405809779,2.2188527415118,-5.99928573192745));
#1471=CARTESIAN_POINT('',(3.10100157682755,0.289233170325834,-6.07793573192745));
#1472=CARTESIAN_POINT('',(2.5581750875832,-1.77640277742826,-6.15658573192745));
#1473=CARTESIAN_POINT('',(0.812327152071264,-3.0066578129976,-6.23523573192745));
#1474=CARTESIAN_POINT('',(-1.3155302049373,-2.82298545626929,-6.31388573192745));
#1475=CARTESIAN_POINT('',(-2.82473911313806,-1.31176047705312,-6.39253573192745));
#1476=CARTESIAN_POINT('',(-3.00557071452763,0.816340178088558,-6.47118573192745));
#1477=CARTESIAN_POINT('',(-1.77298614858652,2.56054422403179,-6.54983573192745));
#1478=CARTESIAN_POINT('',(0.293372607209241,3.10061270089659,-6.62848573192745));
#1479=CARTESIAN_POINT('',(2.22176835108133,2.18257004364106,-6.70713573192745));
#1480=CARTESIAN_POINT('',(3.1053431283059,0.238140031716013,-6.78578573192745));
#1481=CARTESIAN_POINT('',(2.52858220534081,-1.81827903140858,-6.86443573192745));
#1482=CARTESIAN_POINT('',(0.762716385773636,-3.01962417361936,-6.94308573192745));
#1483=CARTESIAN_POINT('',(-1.36182876812447,-2.80094448496927,-7.02173573192745));
#1484=CARTESIAN_POINT('',(-2.84595232007223,-1.26507656057575,-7.10038573192745));
#1485=CARTESIAN_POINT('',(-2.99172472993667,0.865710513269159,-7.17903573192745));
#1486=CARTESIAN_POINT('',(-1.73058478299161,2.5893938595879,-7.25768573192745));
#1487=CARTESIAN_POINT('',(0.344361546335711,3.09533715587546,-7.33633573192745));
#1488=CARTESIAN_POINT('',(2.25747068246842,2.14579015099901,-7.41498573192745));
#1489=CARTESIAN_POINT('',(2.95488748333806,0.540414256947224,-7.47943314688339));
#1490=CARTESIAN_POINT('',(2.85100198177997,-0.442323452101292,-7.51766389517256));
#1491=CARTESIAN_POINT('',(2.77172638813602,-0.738877301055079,-7.52967797679515));
#1492=CARTESIAN_POINT('',(-2.20549062122201,1.5821474398724,-5.1884017877248));
#1493=CARTESIAN_POINT('',(-2.04200922138254,1.81048251335752,-5.20001785848316));
#1494=CARTESIAN_POINT('',(-1.39692542696215,2.47276359550718,-5.23785059590809));
#1495=CARTESIAN_POINT('',(0.180880033135316,2.94153772824094,-5.30189999999979));
#1496=CARTESIAN_POINT('',(2.03315597119929,2.13326972050188,-5.38054999999979));
#1497=CARTESIAN_POINT('',(2.92934682746609,0.321959216869573,-5.45919999999979));
#1498=CARTESIAN_POINT('',(2.44795679865393,-1.64080063235706,-5.53784999999979));
#1499=CARTESIAN_POINT('',(0.815379908558656,-2.83193704557095,-5.61649999999979));
#1500=CARTESIAN_POINT('',(-1.20064273999894,-2.69131430283848,-5.69514999999979));
#1501=CARTESIAN_POINT('',(-2.65204435321541,-1.28505850836062,-5.77379999999979));
#1502=CARTESIAN_POINT('',(-2.85628109700973,0.725515725930909,-5.85244999999979));
#1503=CARTESIAN_POINT('',(-1.71730741362864,2.39490501551396,-5.93109999999979));
#1504=CARTESIAN_POINT('',(0.22925666838565,2.93805312242038,-6.00974999999979));
#1505=CARTESIAN_POINT('',(2.06800925324382,2.09953625935625,-6.08839999999979));
#1506=CARTESIAN_POINT('',(2.93424846501209,0.273679959533364,-6.16704999999979));
#1507=CARTESIAN_POINT('',(2.42061190167217,-1.6808785786703,-6.24569999999979));
#1508=CARTESIAN_POINT('',(0.768645110297265,-2.84497793826574,-6.32434999999979));
#1509=CARTESIAN_POINT('',(-1.24478894604846,-2.67118237014378,-6.40299999999979));
#1510=CARTESIAN_POINT('',(-2.67284172595078,-1.24122193133277,-6.48164999999979));
#1511=CARTESIAN_POINT('',(-2.84394929737816,0.772442340043622,-6.56029999999979));
#1512=CARTESIAN_POINT('',(-1.6776456754658,2.42285364028993,-6.63894999999979));
#1513=CARTESIAN_POINT('',(0.277596802533991,2.93388050047688,-6.71759999999979));
#1514=CARTESIAN_POINT('',(2.10229508507418,2.06520462556065,-6.79624999999979));
#1515=CARTESIAN_POINT('',(2.93835655410685,0.225334300937554,-6.87489999999979));
#1516=CARTESIAN_POINT('',(2.39261034567708,-1.72050298095402,-6.95354999999979));
#1517=CARTESIAN_POINT('',(0.721702110995198,-2.85724704642726,-7.03219999999979));
#1518=CARTESIAN_POINT('',(-1.28859785249257,-2.65032662898898,-7.11084999999979));
#1519=CARTESIAN_POINT('',(-2.69291421490064,-1.19704839356781,-7.18949999999979));
#1520=CARTESIAN_POINT('',(-2.83084786610615,0.819157837160177,-7.26814999999979));
#1521=CARTESIAN_POINT('',(-1.63752439889472,2.45015191691061,-7.34679999999979));
#1522=CARTESIAN_POINT('',(0.325843864864505,2.9288886423635,-7.42544999999979));
#1523=CARTESIAN_POINT('',(2.13607756098563,2.03040253312202,-7.50409999999979));
#1524=CARTESIAN_POINT('',(2.7959915038603,0.511354046307824,-7.56854741495573));
#1525=CARTESIAN_POINT('',(2.69769233633911,-0.418537971752638,-7.60677816324529));
#1526=CARTESIAN_POINT('',(2.62267970471043,-0.699144948088356,-7.61879224486792));
#1527=EDGE_LOOP('',(#3078,#3079,#3080,#3081));
#1528=CARTESIAN_POINT('',(-2.48187908877665,1.10264301604088,-5.16395298532219));
#1529=CARTESIAN_POINT('',(-2.29163354586893,1.52769972037563,-5.18321083301818));
#1530=CARTESIAN_POINT('',(-1.58567989269804,2.41760447366433,-5.22868534738061));
#1531=CARTESIAN_POINT('',(0.1809377085133,2.942475666484,-5.30037652840988));
#1532=CARTESIAN_POINT('',(2.033804262983,2.133949934539,-5.37902652841025));
#1533=CARTESIAN_POINT('',(2.930280878521,0.3220618767333,-5.45767652841025));
#1534=CARTESIAN_POINT('',(2.448737353762,-1.641323817781,-5.53632652841025));
#1535=CARTESIAN_POINT('',(0.8156399004641,-2.832840036558,-5.61497652841026));
#1536=CARTESIAN_POINT('',(-1.201025576749,-2.692172454881,-5.69362652841026));
#1537=CARTESIAN_POINT('',(-2.652889983648,-1.285468261908,-5.77227652841025));
#1538=CARTESIAN_POINT('',(-2.857191850338,0.7257470637577,-5.85092652841025));
#1539=CARTESIAN_POINT('',(-1.717854993992,2.395668654539,-5.92957652841025));
#1540=CARTESIAN_POINT('',(0.2293297691298,2.938989949563,-6.00822652841025));
#1541=CARTESIAN_POINT('',(2.068668658339,2.100205717147,-6.08687652841025));
#1542=CARTESIAN_POINT('',(2.935184079002,0.2737672250809,-6.16552652840988));
#1543=CARTESIAN_POINT('',(2.421383737591,-1.681414543341,-6.24417652840988));
#1544=CARTESIAN_POINT('',(0.7688902003525,-2.84588508747,-6.32282652840988));
#1545=CARTESIAN_POINT('',(-1.24518585925,-2.672034102921,-6.40147652840988));
#1546=CARTESIAN_POINT('',(-2.67369398783,-1.241617707157,-6.48012652840988));
#1547=CARTESIAN_POINT('',(-2.84485611859,0.7726886408829,-6.55877652840979));
#1548=CARTESIAN_POINT('',(-1.678180609294,2.423626191009,-6.63742652840979));
#1549=CARTESIAN_POINT('',(0.2776853170054,2.934815997137,-6.71607652840979));
#1550=CARTESIAN_POINT('',(2.102965422545,2.065863136372,-6.79472652840979));
#1551=CARTESIAN_POINT('',(2.939293478001,0.2254061509962,-6.87337652840979));
#1552=CARTESIAN_POINT('',(2.393373253024,-1.721051580255,-6.95202652840979));
#1553=CARTESIAN_POINT('',(0.7219322328133,-2.858158107757,-7.03067652840979));
#1554=CARTESIAN_POINT('',(-1.289008734595,-2.651171711709,-7.10932652840979));
#1555=CARTESIAN_POINT('',(-2.693772877091,-1.197430084224,-7.18797652840979));
#1556=CARTESIAN_POINT('',(-2.831750509798,0.8194190336954,-7.26662652840979));
#1557=CARTESIAN_POINT('',(-1.638046539659,2.450933171954,-7.34527652840979));
#1558=CARTESIAN_POINT('',(0.3259477633865,2.929822547321,-7.42392652840979));
#1559=CARTESIAN_POINT('',(2.13675867033,2.031049946945,-7.50257652840979));
#1560=CARTESIAN_POINT('',(2.87107974801612,0.340724512943067,-7.57426770943913));
#1561=CARTESIAN_POINT('',(2.64370165068685,-0.772199667406908,-7.61974222380217));
#1562=CARTESIAN_POINT('',(2.44058397118463,-1.19125786953419,-7.63900007149796));
#1563=CARTESIAN_POINT('',(-2.48187908877665,1.10264301604088,-5.19396863304877));
#1564=CARTESIAN_POINT('',(-2.29163354586893,1.52769972037563,-5.21322648074471));
#1565=CARTESIAN_POINT('',(-1.58567989269804,2.41760447366433,-5.25870099510728));
#1566=CARTESIAN_POINT('',(0.1809377085133,2.942475666484,-5.33039217613655));
#1567=CARTESIAN_POINT('',(2.033804262983,2.133949934539,-5.40904217613714));
#1568=CARTESIAN_POINT('',(2.930280878521,0.3220618767333,-5.48769217613714));
#1569=CARTESIAN_POINT('',(2.448737353762,-1.641323817781,-5.56634217613714));
#1570=CARTESIAN_POINT('',(0.8156399004641,-2.832840036558,-5.64499217613714));
#1571=CARTESIAN_POINT('',(-1.201025576749,-2.692172454881,-5.72364217613714));
#1572=CARTESIAN_POINT('',(-2.652889983648,-1.285468261908,-5.80229217613714));
#1573=CARTESIAN_POINT('',(-2.857191850338,0.7257470637577,-5.88094217613714));
#1574=CARTESIAN_POINT('',(-1.717854993992,2.395668654539,-5.95959217613714));
#1575=CARTESIAN_POINT('',(0.2293297691298,2.938989949563,-6.03824217613714));
#1576=CARTESIAN_POINT('',(2.068668658339,2.100205717147,-6.11689217613714));
#1577=CARTESIAN_POINT('',(2.935184079002,0.2737672250809,-6.19554217613655));
#1578=CARTESIAN_POINT('',(2.421383737591,-1.681414543341,-6.27419217613656));
#1579=CARTESIAN_POINT('',(0.7688902003525,-2.84588508747,-6.35284217613655));
#1580=CARTESIAN_POINT('',(-1.24518585925,-2.672034102921,-6.43149217613655));
#1581=CARTESIAN_POINT('',(-2.67369398783,-1.241617707157,-6.51014217613655));
#1582=CARTESIAN_POINT('',(-2.84485611859,0.7726886408829,-6.5887921761363));
#1583=CARTESIAN_POINT('',(-1.678180609294,2.423626191009,-6.6674421761363));
#1584=CARTESIAN_POINT('',(0.2776853170054,2.934815997137,-6.7460921761363));
#1585=CARTESIAN_POINT('',(2.102965422545,2.065863136372,-6.8247421761363));
#1586=CARTESIAN_POINT('',(2.939293478001,0.2254061509962,-6.9033921761363));
#1587=CARTESIAN_POINT('',(2.393373253024,-1.721051580255,-6.9820421761363));
#1588=CARTESIAN_POINT('',(0.7219322328133,-2.858158107757,-7.0606921761363));
#1589=CARTESIAN_POINT('',(-1.289008734595,-2.651171711709,-7.1393421761363));
#1590=CARTESIAN_POINT('',(-2.693772877091,-1.197430084224,-7.2179921761363));
#1591=CARTESIAN_POINT('',(-2.831750509798,0.8194190336954,-7.2966421761363));
#1592=CARTESIAN_POINT('',(-1.638046539659,2.450933171954,-7.3752921761363));
#1593=CARTESIAN_POINT('',(0.3259477633865,2.929822547321,-7.4539421761363));
#1594=CARTESIAN_POINT('',(2.13675867033,2.031049946945,-7.5325921761363));
#1595=CARTESIAN_POINT('',(2.87107974801612,0.340724512943067,-7.6042833571658));
#1596=CARTESIAN_POINT('',(2.64370165068685,-0.772199667406908,-7.6497578715287));
#1597=CARTESIAN_POINT('',(2.44058397118463,-1.19125786953419,-7.66901571922454));
#1598=CARTESIAN_POINT('',(-2.48187908877665,1.10264301604088,-5.22398428077546));
#1599=CARTESIAN_POINT('',(-2.29163354586893,1.52769972037563,-5.2432421284713));
#1600=CARTESIAN_POINT('',(-1.58567989269804,2.41760447366433,-5.28871664283419));
#1601=CARTESIAN_POINT('',(0.1809377085133,2.942475666484,-5.36040782386346));
#1602=CARTESIAN_POINT('',(2.033804262983,2.133949934539,-5.43905782386372));
#1603=CARTESIAN_POINT('',(2.930280878521,0.3220618767333,-5.51770782386372));
#1604=CARTESIAN_POINT('',(2.448737353762,-1.641323817781,-5.59635782386372));
#1605=CARTESIAN_POINT('',(0.8156399004641,-2.832840036558,-5.67500782386372));
#1606=CARTESIAN_POINT('',(-1.201025576749,-2.692172454881,-5.75365782386372));
#1607=CARTESIAN_POINT('',(-2.652889983648,-1.285468261908,-5.83230782386372));
#1608=CARTESIAN_POINT('',(-2.857191850338,0.7257470637577,-5.91095782386372));
#1609=CARTESIAN_POINT('',(-1.717854993992,2.395668654539,-5.98960782386372));
#1610=CARTESIAN_POINT('',(0.2293297691298,2.938989949563,-6.06825782386372));
#1611=CARTESIAN_POINT('',(2.068668658339,2.100205717147,-6.14690782386372));
#1612=CARTESIAN_POINT('',(2.935184079002,0.2737672250809,-6.22555782386346));
#1613=CARTESIAN_POINT('',(2.421383737591,-1.681414543341,-6.30420782386346));
#1614=CARTESIAN_POINT('',(0.7688902003525,-2.84588508747,-6.38285782386346));
#1615=CARTESIAN_POINT('',(-1.24518585925,-2.672034102921,-6.46150782386346));
#1616=CARTESIAN_POINT('',(-2.67369398783,-1.241617707157,-6.54015782386347));
#1617=CARTESIAN_POINT('',(-2.84485611859,0.7726886408829,-6.61880782386288));
#1618=CARTESIAN_POINT('',(-1.678180609294,2.423626191009,-6.69745782386288));
#1619=CARTESIAN_POINT('',(0.2776853170054,2.934815997137,-6.77610782386288));
#1620=CARTESIAN_POINT('',(2.102965422545,2.065863136372,-6.85475782386288));
#1621=CARTESIAN_POINT('',(2.939293478001,0.2254061509962,-6.93340782386288));
#1622=CARTESIAN_POINT('',(2.393373253024,-1.721051580255,-7.01205782386288));
#1623=CARTESIAN_POINT('',(0.7219322328133,-2.858158107757,-7.09070782386288));
#1624=CARTESIAN_POINT('',(-1.289008734595,-2.651171711709,-7.16935782386288));
#1625=CARTESIAN_POINT('',(-2.693772877091,-1.197430084224,-7.24800782386288));
#1626=CARTESIAN_POINT('',(-2.831750509798,0.8194190336954,-7.32665782386288));
#1627=CARTESIAN_POINT('',(-1.638046539659,2.450933171954,-7.40530782386288));
#1628=CARTESIAN_POINT('',(0.3259477633865,2.929822547321,-7.48395782386288));
#1629=CARTESIAN_POINT('',(2.13675867033,2.031049946945,-7.56260782386288));
#1630=CARTESIAN_POINT('',(2.87107974801612,0.340724512943067,-7.63429900489268));
#1631=CARTESIAN_POINT('',(2.64370165068685,-0.772199667406908,-7.67977351925528));
#1632=CARTESIAN_POINT('',(2.44058397118463,-1.19125786953419,-7.69903136695123));
#1633=CARTESIAN_POINT('',(-2.48187908877665,1.10264301604088,-5.25399992850204));
#1634=CARTESIAN_POINT('',(-2.29163354586893,1.52769972037563,-5.27325777619784));
#1635=CARTESIAN_POINT('',(-1.58567989269804,2.41760447366433,-5.31873229056087));
#1636=CARTESIAN_POINT('',(0.1809377085133,2.942475666484,-5.39042347159014));
#1637=CARTESIAN_POINT('',(2.033804262983,2.133949934539,-5.46907347159023));
#1638=CARTESIAN_POINT('',(2.930280878521,0.3220618767333,-5.54772347159023));
#1639=CARTESIAN_POINT('',(2.448737353762,-1.641323817781,-5.62637347159023));
#1640=CARTESIAN_POINT('',(0.8156399004641,-2.832840036558,-5.70502347159023));
#1641=CARTESIAN_POINT('',(-1.201025576749,-2.692172454881,-5.78367347159023));
#1642=CARTESIAN_POINT('',(-2.652889983648,-1.285468261908,-5.86232347159023));
#1643=CARTESIAN_POINT('',(-2.857191850338,0.7257470637577,-5.94097347159023));
#1644=CARTESIAN_POINT('',(-1.717854993992,2.395668654539,-6.01962347159023));
#1645=CARTESIAN_POINT('',(0.2293297691298,2.938989949563,-6.09827347159023));
#1646=CARTESIAN_POINT('',(2.068668658339,2.100205717147,-6.17692347159023));
#1647=CARTESIAN_POINT('',(2.935184079002,0.2737672250809,-6.25557347159014));
#1648=CARTESIAN_POINT('',(2.421383737591,-1.681414543341,-6.33422347159014));
#1649=CARTESIAN_POINT('',(0.7688902003525,-2.84588508747,-6.41287347159014));
#1650=CARTESIAN_POINT('',(-1.24518585925,-2.672034102921,-6.49152347159014));
#1651=CARTESIAN_POINT('',(-2.67369398783,-1.241617707157,-6.57017347159014));
#1652=CARTESIAN_POINT('',(-2.84485611859,0.7726886408829,-6.64882347158976));
#1653=CARTESIAN_POINT('',(-1.678180609294,2.423626191009,-6.72747347158976));
#1654=CARTESIAN_POINT('',(0.2776853170054,2.934815997137,-6.80612347158976));
#1655=CARTESIAN_POINT('',(2.102965422545,2.065863136372,-6.88477347158977));
#1656=CARTESIAN_POINT('',(2.939293478001,0.2254061509962,-6.96342347158976));
#1657=CARTESIAN_POINT('',(2.393373253024,-1.721051580255,-7.04207347158976));
#1658=CARTESIAN_POINT('',(0.7219322328133,-2.858158107757,-7.12072347158976));
#1659=CARTESIAN_POINT('',(-1.289008734595,-2.651171711709,-7.19937347158977));
#1660=CARTESIAN_POINT('',(-2.693772877091,-1.197430084224,-7.27802347158976));
#1661=CARTESIAN_POINT('',(-2.831750509798,0.8194190336954,-7.35667347158976));
#1662=CARTESIAN_POINT('',(-1.638046539659,2.450933171954,-7.43532347158976));
#1663=CARTESIAN_POINT('',(0.3259477633865,2.929822547321,-7.51397347158977));
#1664=CARTESIAN_POINT('',(2.13675867033,2.031049946945,-7.59262347158976));
#1665=CARTESIAN_POINT('',(2.87107974801612,0.340724512943067,-7.66431465261937));
#1666=CARTESIAN_POINT('',(2.64370165068685,-0.772199667406908,-7.70978916698182));
#1667=CARTESIAN_POINT('',(2.44058397118463,-1.19125786953419,-7.72904701467781));
#1668=EDGE_LOOP('',(#3082,#3083,#3084,#3085,#3086,#3087,#3088,#3089,#3090,#3091,#3092));
#1669=CARTESIAN_POINT('',(-2.20549062122202,1.58214743987239,-5.27540178772479));
#1670=CARTESIAN_POINT('',(-2.04200922138255,1.81048251335752,-5.28701785848319));
#1671=CARTESIAN_POINT('',(-1.39692542696216,2.47276359550718,-5.32485059590851));
#1672=CARTESIAN_POINT('',(0.180880033135317,2.94153772824095,-5.38890000000021));
#1673=CARTESIAN_POINT('',(2.0331559711993,2.13326972050188,-5.46755000000021));
#1674=CARTESIAN_POINT('',(2.9293468274661,0.321959216869574,-5.54620000000021));
#1675=CARTESIAN_POINT('',(2.44795679865394,-1.64080063235707,-5.62485000000021));
#1676=CARTESIAN_POINT('',(0.815379908558658,-2.83193704557096,-5.70350000000021));
#1677=CARTESIAN_POINT('',(-1.20064273999894,-2.69131430283848,-5.78215000000022));
#1678=CARTESIAN_POINT('',(-2.65204435321542,-1.28505850836062,-5.86080000000021));
#1679=CARTESIAN_POINT('',(-2.85628109700974,0.725515725930911,-5.93945000000021));
#1680=CARTESIAN_POINT('',(-1.71730741362864,2.39490501551397,-6.01810000000021));
#1681=CARTESIAN_POINT('',(0.229256668385651,2.93805312242039,-6.09675000000021));
#1682=CARTESIAN_POINT('',(2.06800925324382,2.09953625935626,-6.17540000000021));
#1683=CARTESIAN_POINT('',(2.9342484650121,0.273679959533365,-6.25405000000021));
#1684=CARTESIAN_POINT('',(2.42061190167218,-1.6808785786703,-6.33270000000021));
#1685=CARTESIAN_POINT('',(0.768645110297267,-2.84497793826575,-6.41135000000021));
#1686=CARTESIAN_POINT('',(-1.24478894604847,-2.67118237014378,-6.49000000000021));
#1687=CARTESIAN_POINT('',(-2.67284172595078,-1.24122193133278,-6.56865000000021));
#1688=CARTESIAN_POINT('',(-2.84394929737817,0.772442340043625,-6.64730000000021));
#1689=CARTESIAN_POINT('',(-1.67764567546581,2.42285364028993,-6.72595000000021));
#1690=CARTESIAN_POINT('',(0.277596802533992,2.93388050047689,-6.80460000000021));
#1691=CARTESIAN_POINT('',(2.10229508507419,2.06520462556065,-6.88325000000021));
#1692=CARTESIAN_POINT('',(2.93835655410686,0.225334300937555,-6.96190000000021));
#1693=CARTESIAN_POINT('',(2.39261034567709,-1.72050298095403,-7.04055000000021));
#1694=CARTESIAN_POINT('',(0.721702110995201,-2.85724704642726,-7.11920000000021));
#1695=CARTESIAN_POINT('',(-1.28859785249257,-2.65032662898899,-7.19785000000021));
#1696=CARTESIAN_POINT('',(-2.69291421490065,-1.19704839356781,-7.27650000000021));
#1697=CARTESIAN_POINT('',(-2.83084786610616,0.819157837160179,-7.35515000000021));
#1698=CARTESIAN_POINT('',(-1.63752439889473,2.45015191691062,-7.43380000000021));
#1699=CARTESIAN_POINT('',(0.325843864864506,2.92888864236351,-7.51245000000021));
#1700=CARTESIAN_POINT('',(2.13607756098563,2.03040253312203,-7.59110000000021));
#1701=CARTESIAN_POINT('',(2.79598760449162,0.511363022220858,-7.65554703414251));
#1702=CARTESIAN_POINT('',(2.69769429459193,-0.418519446584893,-7.69377740161803));
#1703=CARTESIAN_POINT('',(2.62268683766536,-0.699118264624308,-7.70579110242699));
#1704=CARTESIAN_POINT('',(-2.33082838576161,1.67206068700995,-5.3645159877181));
#1705=CARTESIAN_POINT('',(-2.1580563577951,1.91337201503054,-5.37613205847646));
#1706=CARTESIAN_POINT('',(-1.47631252956842,2.61329045076245,-5.41396479590139));
#1707=CARTESIAN_POINT('',(0.19115942348266,3.10870496061054,-5.47801419999309));
#1708=CARTESIAN_POINT('',(2.14869997847734,2.25450318001176,-5.55666419999309));
#1709=CARTESIAN_POINT('',(3.09582125242253,0.340256120119534,-5.63531419999309));
#1710=CARTESIAN_POINT('',(2.5870738866518,-1.73404713331014,-5.71396419999309));
#1711=CARTESIAN_POINT('',(0.861717849879006,-2.99287568443527,-5.79261419999309));
#1712=CARTESIAN_POINT('',(-1.2688751213086,-2.84426136828732,-5.87126419999309));
#1713=CARTESIAN_POINT('',(-2.80275971218886,-1.35808822754905,-5.94991419999309));
#1714=CARTESIAN_POINT('',(-3.01860320536549,0.76674669665064,-6.02856419999309));
#1715=CARTESIAN_POINT('',(-1.81490178568355,2.53100717710988,-6.10721419999309));
#1716=CARTESIAN_POINT('',(0.242285297047553,3.10502232506317,-6.18586419999309));
#1717=CARTESIAN_POINT('',(2.18553396831392,2.21885265035916,-6.26451419999309));
#1718=CARTESIAN_POINT('',(3.10100144943538,0.289233158443853,-6.34316419999309));
#1719=CARTESIAN_POINT('',(2.55817498249087,-1.7764027044519,-6.42181419999309));
#1720=CARTESIAN_POINT('',(0.812327118700071,-3.00665768948116,-6.50046419999309));
#1721=CARTESIAN_POINT('',(-1.31553015089403,-2.82298534029829,-6.57911419999309));
#1722=CARTESIAN_POINT('',(-2.82473899709502,-1.3117604231648,-6.65776419999309));
#1723=CARTESIAN_POINT('',(-3.00557059105584,0.816340144552504,-6.73641419999309));
#1724=CARTESIAN_POINT('',(-1.77298607575052,2.56054411884213,-6.81506419999309));
#1725=CARTESIAN_POINT('',(0.293372595157208,3.10061257352039,-6.89371419999309));
#1726=CARTESIAN_POINT('',(2.22176825980891,2.18256995397895,-6.9723641999931));
#1727=CARTESIAN_POINT('',(3.10534300073537,0.238140021932988,-7.05101419999309));
#1728=CARTESIAN_POINT('',(2.52858210146418,-1.8182789567119,-7.12966419999309));
#1729=CARTESIAN_POINT('',(0.762716354440501,-3.01962404957025,-7.20831419999309));
#1730=CARTESIAN_POINT('',(-1.36182871217921,-2.80094436990373,-7.2869641999931));
#1731=CARTESIAN_POINT('',(-2.84595220315773,-1.26507650860517,-7.36561419999309));
#1732=CARTESIAN_POINT('',(-2.99172460703369,0.865710477704925,-7.44426419999309));
#1733=CARTESIAN_POINT('',(-1.73058471189749,2.58939375321307,-7.52291419999309));
#1734=CARTESIAN_POINT('',(0.344361532189002,3.09533702871599,-7.60156419999309));
#1735=CARTESIAN_POINT('',(2.25747058972931,2.14579006284786,-7.68021419999309));
#1736=CARTESIAN_POINT('',(2.95488324097905,0.540423720759488,-7.74466123413539));
#1737=CARTESIAN_POINT('',(2.8510039341981,-0.442303855979467,-7.78289160161131));
#1738=CARTESIAN_POINT('',(2.77173381259068,-0.738849070819226,-7.7949053024203));
#1739=CARTESIAN_POINT('',(-2.45616615030057,1.76197393414747,-5.4536301877113));
#1740=CARTESIAN_POINT('',(-2.27410349420691,2.01626151670352,-5.4652462584697));
#1741=CARTESIAN_POINT('',(-1.55569963217407,2.75381730601757,-5.50307899589502));
#1742=CARTESIAN_POINT('',(0.201438813830079,3.27587219297934,-5.56712839998672));
#1743=CARTESIAN_POINT('',(2.26424398575463,2.37573663952089,-5.64577839998672));
#1744=CARTESIAN_POINT('',(3.26229567737895,0.35855302336912,-5.72442839998672));
#1745=CARTESIAN_POINT('',(2.72619097464969,-1.82729363426397,-5.80307839998672));
#1746=CARTESIAN_POINT('',(0.908055791198609,-3.15381432329958,-5.88172839998672));
#1747=CARTESIAN_POINT('',(-1.33710750261901,-2.9972084337354,-5.96037839998672));
#1748=CARTESIAN_POINT('',(-2.95347507116305,-1.43111794673522,-6.03902839998672));
#1749=CARTESIAN_POINT('',(-3.18092531372045,0.807977667372017,-6.11767839998672));
#1750=CARTESIAN_POINT('',(-1.91249615773693,2.6671093387073,-6.19632839998672));
#1751=CARTESIAN_POINT('',(0.255313925711851,3.27199152770595,-6.27497839998672));
#1752=CARTESIAN_POINT('',(2.30305868338547,2.33816904136136,-6.35362839998672));
#1753=CARTESIAN_POINT('',(3.2677544338594,0.304786357351337,-6.43227839998672));
#1754=CARTESIAN_POINT('',(2.69573806330806,-1.87192683023653,-6.51092839998672));
#1755=CARTESIAN_POINT('',(0.85600912709935,-3.16833744069653,-6.58957839998672));
#1756=CARTESIAN_POINT('',(-1.38627135574334,-2.97478831045205,-6.66822839998672));
#1757=CARTESIAN_POINT('',(-2.97663626824075,-1.38229891499304,-6.74687839998672));
#1758=CARTESIAN_POINT('',(-3.16719188473277,0.860237949065506,-6.82552839998672));
#1759=CARTESIAN_POINT('',(-1.86832647603224,2.69823459739735,-6.90417839998672));
#1760=CARTESIAN_POINT('',(0.309148387784999,3.26734464656314,-6.98282839998672));
#1761=CARTESIAN_POINT('',(2.34124143454663,2.29993528239425,-7.06147839998672));
#1762=CARTESIAN_POINT('',(3.27232944736387,0.250945742923849,-7.14012839998672));
#1763=CARTESIAN_POINT('',(2.66455385724906,-1.91605493247427,-7.21877839998672));
#1764=CARTESIAN_POINT('',(0.803730597881678,-3.18200105271547,-7.29742839998672));
#1765=CARTESIAN_POINT('',(-1.43505957186881,-2.95156211081619,-7.37607839998672));
#1766=CARTESIAN_POINT('',(-2.99899019141631,-1.33310462363953,-7.45472839998672));
#1767=CARTESIAN_POINT('',(-3.15260134796047,0.912263118252666,-7.53337839998672));
#1768=CARTESIAN_POINT('',(-1.82364502489727,2.72863558951706,-7.61202839998672));
#1769=CARTESIAN_POINT('',(0.362879199515445,3.26178541506847,-7.69067839998672));
#1770=CARTESIAN_POINT('',(2.37886361847374,2.26117759257293,-7.76932839998672));
#1771=CARTESIAN_POINT('',(3.11377887746662,0.569484419297675,-7.83377543412902));
#1772=CARTESIAN_POINT('',(3.00431357380391,-0.466088265374233,-7.87200580160454));
#1773=CARTESIAN_POINT('',(2.92078078751573,-0.77857987701413,-7.88401950241349));
#1774=CARTESIAN_POINT('',(-2.58150391483975,1.851887181285,-5.54274438770461));
#1775=CARTESIAN_POINT('',(-2.39015063061903,2.1191510183765,-5.55436045846297));
#1776=CARTESIAN_POINT('',(-1.63508673478034,2.89434416127268,-5.59219319588789));
#1777=CARTESIAN_POINT('',(0.211718204177421,3.4430394253481,-5.65624259997959));
#1778=CARTESIAN_POINT('',(2.37978799303268,2.49697009903078,-5.73489259997959));
#1779=CARTESIAN_POINT('',(3.42877010233538,0.376849926619085,-5.81354259997959));
#1780=CARTESIAN_POINT('',(2.86530806264838,-1.92054013521704,-5.89219259997959));
#1781=CARTESIAN_POINT('',(0.95439373251905,-3.31475296216389,-5.97084259997959));
#1782=CARTESIAN_POINT('',(-1.40533988392866,-3.15015549918425,-6.04949259997959));
#1783=CARTESIAN_POINT('',(-3.10419043013648,-1.50414766592367,-6.12814259997959));
#1784=CARTESIAN_POINT('',(-3.34324742207538,0.849208638091723,-6.20679259997959));
#1785=CARTESIAN_POINT('',(-2.01009052979103,2.80321150030319,-6.28544259997959));
#1786=CARTESIAN_POINT('',(0.268342554373719,3.43896073034873,-6.36409259997959));
#1787=CARTESIAN_POINT('',(2.4205833984547,2.45748543236511,-6.44274259997959));
#1788=CARTESIAN_POINT('',(3.43450741828267,0.320339556261699,-6.52139259997959));
#1789=CARTESIAN_POINT('',(2.83330114412677,-1.96745095601892,-6.60004259997959));
#1790=CARTESIAN_POINT('',(0.899691135502119,-3.3300171919111,-6.67869259997959));
#1791=CARTESIAN_POINT('',(-1.45701256058886,-3.12659128060657,-6.75734259997959));
#1792=CARTESIAN_POINT('',(-3.12853353938496,-1.45283740682429,-6.83599259997959));
#1793=CARTESIAN_POINT('',(-3.32881317841046,0.904135753574412,-6.91464259997959));
#1794=CARTESIAN_POINT('',(-1.96366687631699,2.83592507595034,-6.99329259997959));
#1795=CARTESIAN_POINT('',(0.324924180408319,3.43407671960664,-7.07194259997959));
#1796=CARTESIAN_POINT('',(2.4607146092813,2.41730061081259,-7.15059259997959));
#1797=CARTESIAN_POINT('',(3.43931589399237,0.263751463919262,-7.22924259997959));
#1798=CARTESIAN_POINT('',(2.80052561303702,-2.01383090823208,-7.30789259997959));
#1799=CARTESIAN_POINT('',(0.844744841326952,-3.34437805585842,-7.38654259997959));
#1800=CARTESIAN_POINT('',(-1.50829043155458,-3.10217985173013,-7.46519259997959));
#1801=CARTESIAN_POINT('',(-3.15202817967336,-1.40113273867693,-7.54384259997959));
#1802=CARTESIAN_POINT('',(-3.31347808888801,0.95881575879737,-7.62249259997959));
#1803=CARTESIAN_POINT('',(-1.91670533790008,2.86787742582033,-7.70114259997959));
#1804=CARTESIAN_POINT('',(0.381396866839914,3.42823380142095,-7.77979259997959));
#1805=CARTESIAN_POINT('',(2.50025664721741,2.37656512229877,-7.85844259997959));
#1806=CARTESIAN_POINT('',(3.27267451395406,0.598545117836311,-7.92288963412189));
#1807=CARTESIAN_POINT('',(3.15762321341009,-0.489872674768803,-7.96112000159781));
#1808=CARTESIAN_POINT('',(3.06982776244105,-0.818310683209048,-7.97313370240681));
#1809=EDGE_LOOP('',(#3093,#3094,#3095,#3096,#3097,#3098,#3099,#3100,#3101,#3102,#3103));
#1810=CARTESIAN_POINT('',(2.67589462685452,-0.454936641487588,-7.69540178772497));
#1811=CARTESIAN_POINT('',(2.62908140682318,-0.73183300532633,-7.70701785848336));
#1812=CARTESIAN_POINT('',(2.33969567740177,-1.60990204202232,-7.74485059590867));
#1813=CARTESIAN_POINT('',(1.12718064288429,-2.72301773614552,-7.80890000000036));
#1814=CARTESIAN_POINT('',(-0.891946849468062,-2.80873525298474,-7.88755000000036));
#1815=CARTESIAN_POINT('',(-2.49158624682454,-1.57376254484362,-7.96620000000036));
#1816=CARTESIAN_POINT('',(-2.91952835202278,0.401339513323534,-8.04485000000036));
#1817=CARTESIAN_POINT('',(-1.97451443846511,2.18769389029947,-8.12350000000036));
#1818=CARTESIAN_POINT('',(-0.100955234340747,2.94525443831941,-8.20215000000036));
#1819=CARTESIAN_POINT('',(1.82007991894833,2.31776265177707,-8.28080000000036));
#1820=CARTESIAN_POINT('',(2.88519425775172,0.600307311923501,-8.35945000000036));
#1821=CARTESIAN_POINT('',(2.59350133532997,-1.39945189623681,-8.43810000000036));
#1822=CARTESIAN_POINT('',(1.08217424806204,-2.74109716482232,-8.51675000000036));
#1823=CARTESIAN_POINT('',(-0.938062035002436,-2.79369905221449,-8.59540000000036));
#1824=CARTESIAN_POINT('',(-2.51716012121968,-1.53252070094327,-8.67405000000036));
#1825=CARTESIAN_POINT('',(-2.91252468413723,0.44934923950605,-8.75270000000036));
#1826=CARTESIAN_POINT('',(-1.93822941622413,2.21990574234391,-8.83135000000036));
#1827=CARTESIAN_POINT('',(-0.0524517533823213,2.94651719634203,-8.91000000000036));
#1828=CARTESIAN_POINT('',(1.85799215866097,2.28748331429118,-8.98865000000036));
#1829=CARTESIAN_POINT('',(2.89468648855574,0.552724983807532,-9.06730000000036));
#1830=CARTESIAN_POINT('',(2.57010967529932,-1.4419608287366,-9.14595000000036));
#1831=CARTESIAN_POINT('',(1.03689899106605,-2.7585422342575,-9.22460000000036));
#1832=CARTESIAN_POINT('',(-0.983929499056235,-2.77787643912662,-9.30325000000036));
#1833=CARTESIAN_POINT('',(-2.5420499076907,-1.49087123959401,-9.38190000000036));
#1834=CARTESIAN_POINT('',(-2.90473198258205,0.497239261400944,-9.46055000000036));
#1835=CARTESIAN_POINT('',(-1.90141887649098,2.25151524033373,-9.53920000000036));
#1836=CARTESIAN_POINT('',(-0.00393405960723279,2.94698153861834,-9.61785000000036));
#1837=CARTESIAN_POINT('',(1.89540065237741,2.25658330055097,-9.69650000000036));
#1838=CARTESIAN_POINT('',(2.90339444602558,0.504994944536546,-9.77515000000036));
#1839=CARTESIAN_POINT('',(2.54601985314052,-1.48408674959707,-9.85380000000035));
#1840=CARTESIAN_POINT('',(0.991348180127468,-2.77521020634371,-9.93245000000048));
#1841=CARTESIAN_POINT('',(-1.02955084892871,-2.76141029956221,-10.0111000000005));
#1842=CARTESIAN_POINT('',(-2.28814081167074,-1.68598041815653,-10.0755192544979));
#1843=CARTESIAN_POINT('',(-2.60759429754806,-0.80796351410069,-10.1137218423257));
#1844=CARTESIAN_POINT('',(-2.66329048195879,-0.523587732143883,-10.1257077634883));
#1845=CARTESIAN_POINT('',(2.82800696798817,-0.480797703769364,-7.7845403502827));
#1846=CARTESIAN_POINT('',(2.77853263102666,-0.773434356381939,-7.79615642104105));
#1847=CARTESIAN_POINT('',(2.47269664965936,-1.70141759205599,-7.83398915846597));
#1848=CARTESIAN_POINT('',(1.191255694551,-2.87780880999249,-7.89803856255767));
#1849=CARTESIAN_POINT('',(-0.942649938475246,-2.9683989746677,-7.97668856255766));
#1850=CARTESIAN_POINT('',(-2.63322150156772,-1.66322373015392,-8.05533856255767));
#1851=CARTESIAN_POINT('',(-3.08549015342365,0.424153824600365,-8.13398856255766));
#1852=CARTESIAN_POINT('',(-2.0867565315664,2.31205425785495,-8.21263856255767));
#1853=CARTESIAN_POINT('',(-0.106694076554919,3.11267864977782,-8.29128856255766));
#1854=CARTESIAN_POINT('',(1.9235431176646,2.44951683208567,-8.36993856255767));
#1855=CARTESIAN_POINT('',(3.04920432330786,0.634432030326053,-8.44858856255766));
#1856=CARTESIAN_POINT('',(2.74092999559667,-1.47900432035082,-8.52723856255766));
#1857=CARTESIAN_POINT('',(1.14369089252805,-2.89691597129926,-8.60588856255766));
#1858=CARTESIAN_POINT('',(-0.991386560878939,-2.95250803482118,-8.68453856255766));
#1859=CARTESIAN_POINT('',(-2.66024913347115,-1.61963747651332,-8.76318856255766));
#1860=CARTESIAN_POINT('',(-3.07808835912855,0.474892683602058,-8.84183856255767));
#1861=CARTESIAN_POINT('',(-2.0484088721703,2.34609720600417,-8.92048856255766));
#1862=CARTESIAN_POINT('',(-0.0554333950820802,3.11401318980462,-8.99913856255766));
#1863=CARTESIAN_POINT('',(1.96361049438453,2.41751625308809,-9.07778856255766));
#1864=CARTESIAN_POINT('',(3.05923614391268,0.584144865011402,-9.15643856255766));
#1865=CARTESIAN_POINT('',(2.71620862693867,-1.52392969076833,-9.23508856255767));
#1866=CARTESIAN_POINT('',(1.09584194474884,-2.91535271294965,-9.31373856255766));
#1867=CARTESIAN_POINT('',(-1.03986137997205,-2.93578597872257,-9.39238856255766));
#1868=CARTESIAN_POINT('',(-2.68655379018917,-1.57562043424002,-9.47103856255766));
#1869=CARTESIAN_POINT('',(-3.06985267821836,0.525505033676175,-9.54968856255766));
#1870=CARTESIAN_POINT('',(-2.00950582202093,2.37950355903264,-9.62833856255766));
#1871=CARTESIAN_POINT('',(-0.00415769285909641,3.11450392781008,-9.70698856255767));
#1872=CARTESIAN_POINT('',(2.00314548945899,2.38485971523635,-9.78563856255766));
#1873=CARTESIAN_POINT('',(3.06843910884159,0.533701591839958,-9.86428856255766));
#1874=CARTESIAN_POINT('',(2.6907494088369,-1.56845027709225,-9.94293856255757));
#1875=CARTESIAN_POINT('',(1.04770177904848,-2.93296818283069,-10.0215885625584));
#1876=CARTESIAN_POINT('',(-1.08807609442039,-2.91838381461799,-10.1002385625584));
#1877=CARTESIAN_POINT('',(-2.4182111261793,-1.78182067506999,-10.1646578170545));
#1878=CARTESIAN_POINT('',(-2.75582407810321,-0.853892535537857,-10.2028604048821));
#1879=CARTESIAN_POINT('',(-2.81468633524264,-0.553351294178794,-10.2148463260446));
#1880=CARTESIAN_POINT('',(2.98011930912129,-0.506658766050914,-7.87367891284031));
#1881=CARTESIAN_POINT('',(2.9279838552297,-0.815035707437246,-7.88529498359871));
#1882=CARTESIAN_POINT('',(2.60569762191677,-1.79293314208916,-7.92312772102402));
#1883=CARTESIAN_POINT('',(1.25533074621697,-3.03259988384021,-7.98717712511572));
#1884=CARTESIAN_POINT('',(-0.993353027482355,-3.1280626963514,-8.06582712511572));
#1885=CARTESIAN_POINT('',(-2.77485675631089,-1.75268491546426,-8.14447712511572));
#1886=CARTESIAN_POINT('',(-3.25145195482452,0.446968135876971,-8.22312712511571));
#1887=CARTESIAN_POINT('',(-2.1989986246677,2.43641462541117,-8.30177712511572));
#1888=CARTESIAN_POINT('',(-0.112432918769466,3.28010286123549,-8.38042712511572));
#1889=CARTESIAN_POINT('',(2.02700631638012,2.58127101239426,-8.45907712511572));
#1890=CARTESIAN_POINT('',(3.21321438886324,0.668556748729128,-8.53772712511572));
#1891=CARTESIAN_POINT('',(2.88835865586257,-1.55855674446407,-8.61637712511572));
#1892=CARTESIAN_POINT('',(1.20520753699402,-3.05273477777624,-8.69502712511572));
#1893=CARTESIAN_POINT('',(-1.0447110867542,-3.11131701742866,-8.77367712511571));
#1894=CARTESIAN_POINT('',(-2.80333814572262,-1.70675425208337,-8.85232712511572));
#1895=CARTESIAN_POINT('',(-3.24365203412066,0.500436127696714,-8.93097712511572));
#1896=CARTESIAN_POINT('',(-2.15858832811722,2.47228866966369,-9.00962712511572));
#1897=CARTESIAN_POINT('',(-0.0584150367833696,3.28150918326646,-9.08827712511572));
#1898=CARTESIAN_POINT('',(2.06922883010738,2.5475491918865,-9.16692712511572));
#1899=CARTESIAN_POINT('',(3.22378579927037,0.615564746217075,-9.24557712511572));
#1900=CARTESIAN_POINT('',(2.86230757857803,-1.60589855279935,-9.32422712511572));
#1901=CARTESIAN_POINT('',(1.15478489843312,-3.07216319164185,-9.40287712511572));
#1902=CARTESIAN_POINT('',(-1.09579326088531,-3.0936955183193,-9.48152712511571));
#1903=CARTESIAN_POINT('',(-2.8310576726869,-1.66036962888752,-9.56017712511572));
#1904=CARTESIAN_POINT('',(-3.23497337385468,0.553770805949604,-9.63882712511572));
#1905=CARTESIAN_POINT('',(-2.11759276755317,2.50749187773002,-9.71747712511572));
#1906=CARTESIAN_POINT('',(-0.00438132611258724,3.28202631700183,-9.79612712511572));
#1907=CARTESIAN_POINT('',(2.11089032653986,2.51313612992328,-9.87477712511572));
#1908=CARTESIAN_POINT('',(3.23348377165682,0.562408239144643,-9.95342712511563));
#1909=CARTESIAN_POINT('',(2.83547896453324,-1.65281380458668,-10.0320771251147));
#1910=CARTESIAN_POINT('',(1.10405537797087,-3.09072615931693,-10.1107271251148));
#1911=CARTESIAN_POINT('',(-1.14660133991208,-3.07535732967376,-10.1893771251148));
#1912=CARTESIAN_POINT('',(-2.54828144068786,-1.87766093198406,-10.2537963796108));
#1913=CARTESIAN_POINT('',(-2.90405385865794,-0.899821556975257,-10.2919989674387));
#1914=CARTESIAN_POINT('',(-2.96608218852603,-0.583114856213823,-10.3039848886012));
#1915=CARTESIAN_POINT('',(3.1322316502547,-0.532519828332439,-7.96281747539805));
#1916=CARTESIAN_POINT('',(3.07743507943283,-0.856637058492499,-7.9744335461564));
#1917=CARTESIAN_POINT('',(2.73869859417368,-1.88444869212216,-8.01226628358132));
#1918=CARTESIAN_POINT('',(1.31940579788369,-3.18739095768716,-8.07631568767301));
#1919=CARTESIAN_POINT('',(-1.04405611648954,-3.28772641803434,-8.15496568767301));
#1920=CARTESIAN_POINT('',(-2.91649201105407,-1.8421461007754,-8.23361568767301));
#1921=CARTESIAN_POINT('',(-3.41741375622539,0.469782447153806,-8.31226568767301));
#1922=CARTESIAN_POINT('',(-2.311240717769,2.56077499296664,-8.39091568767301));
#1923=CARTESIAN_POINT('',(-0.118171760983633,3.44752707269392,-8.46956568767301));
#1924=CARTESIAN_POINT('',(2.1304695150964,2.71302519270286,-8.54821568767301));
#1925=CARTESIAN_POINT('',(3.37722445441938,0.702681467131672,-8.62686568767301));
#1926=CARTESIAN_POINT('',(3.03578731612844,-1.63810916857808,-8.70551568767301));
#1927=CARTESIAN_POINT('',(1.2667241814592,-3.20855358425401,-8.78416568767301));
#1928=CARTESIAN_POINT('',(-1.09803561263139,-3.27012600003618,-8.86281568767301));
#1929=CARTESIAN_POINT('',(-2.94642715797409,-1.79387102765342,-8.94146568767301));
#1930=CARTESIAN_POINT('',(-3.40921570911281,0.525979571792659,-9.02011568767301));
#1931=CARTESIAN_POINT('',(-2.26876778406338,2.59848013332397,-9.09876568767301));
#1932=CARTESIAN_POINT('',(-0.0613966784831482,3.44900517672907,-9.17741568767301));
#1933=CARTESIAN_POINT('',(2.17484716583179,2.67758213068338,-9.25606568767301));
#1934=CARTESIAN_POINT('',(3.3883354546273,0.646984627421002,-9.33471568767301));
#1935=CARTESIAN_POINT('',(3.00840653021739,-1.68786741483193,-9.41336568767301));
#1936=CARTESIAN_POINT('',(1.21372785211588,-3.22897367033484,-9.49201568767301));
#1937=CARTESIAN_POINT('',(-1.15172514180084,-3.25160505791607,-9.57066568767301));
#1938=CARTESIAN_POINT('',(-2.97556155518538,-1.74511882353351,-9.64931568767301));
#1939=CARTESIAN_POINT('',(-3.40009406949099,0.582036578224778,-9.72796568767301));
#1940=CARTESIAN_POINT('',(-2.22567971308392,2.63548019642812,-9.80661568767301));
#1941=CARTESIAN_POINT('',(-0.00460495936447162,3.44954870619357,-9.88526568767301));
#1942=CARTESIAN_POINT('',(2.21863516362229,2.64141254460947,-9.96391568767301));
#1943=CARTESIAN_POINT('',(3.39852843447201,0.591114886448036,-10.0425656876712));
#1944=CARTESIAN_POINT('',(2.98020852022878,-1.73717733208188,-10.1212156876711));
#1945=CARTESIAN_POINT('',(1.16040897689252,-3.24848413580393,-10.1998656876711));
#1946=CARTESIAN_POINT('',(-1.20512658540376,-3.23233084472953,-10.2785156876711));
#1947=CARTESIAN_POINT('',(-2.67835175519642,-1.97350118889751,-10.3429349421672));
#1948=CARTESIAN_POINT('',(-3.05228363921266,-0.945750578412376,-10.3811375299994));
#1949=CARTESIAN_POINT('',(-3.11747804180932,-0.612878418248683,-10.3931234511624));
#1950=EDGE_LOOP('',(#3104,#3105,#3106,#3107,#3108,#3109,#3110));
#1951=CARTESIAN_POINT('',(-2.53722071807729,-0.950142555790223,-10.1035768759244));
#1952=CARTESIAN_POINT('',(-2.72160486907241,-0.454156679991578,-10.1255229009548));
#1953=CARTESIAN_POINT('',(-2.8028119005375,0.738232498588763,-10.1730247593231));
#1954=CARTESIAN_POINT('',(-1.7973241406517,2.31181388778881,-10.2460824510219));
#1955=CARTESIAN_POINT('',(0.0628764051374074,2.92749191806724,-10.3227499510219));
#1956=CARTESIAN_POINT('',(1.89485886058537,2.23244814827277,-10.3994174510219));
#1957=CARTESIAN_POINT('',(2.87839154473439,0.537739196102695,-10.4760849510219));
#1958=CARTESIAN_POINT('',(2.57305332148599,-1.39774554703179,-10.5527524510219));
#1959=CARTESIAN_POINT('',(1.11557222248851,-2.70735993404056,-10.6294199510219));
#1960=CARTESIAN_POINT('',(-0.841432402848649,-2.80469064276642,-10.7060874510219));
#1961=CARTESIAN_POINT('',(-2.42166630843863,-1.64615658022263,-10.7827549510219));
#1962=CARTESIAN_POINT('',(-2.9175425378501,0.24948256310122,-10.8594224510219));
#1963=CARTESIAN_POINT('',(-2.10702406768666,2.03340869133884,-10.9360899510219));
#1964=CARTESIAN_POINT('',(-0.35302790648534,2.90683438357105,-11.0127574510219));
#1965=CARTESIAN_POINT('',(1.55901117510606,2.47863803903899,-11.0894249510219));
#1966=CARTESIAN_POINT('',(2.77309193679295,0.940647983274671,-11.1660924510219));
#1967=CARTESIAN_POINT('',(2.74499032622527,-1.0188141964388,-11.2427599510219));
#1968=CARTESIAN_POINT('',(1.90799435890509,-2.02030574915242,-11.293871617683));
#1969=CARTESIAN_POINT('',(1.37725435515441,-2.33354730241506,-11.3194274510219));
#1970=CARTESIAN_POINT('',(-2.68470601832267,-1.00537309175369,-10.1945148158757));
#1971=CARTESIAN_POINT('',(-2.87980817728447,-0.480556209929779,-10.2164608409061));
#1972=CARTESIAN_POINT('',(-2.96573566658477,0.781144981893499,-10.2639626992745));
#1973=CARTESIAN_POINT('',(-1.90180022688021,2.44619658572271,-10.3370203909733));
#1974=CARTESIAN_POINT('',(0.0665313277950757,3.0976631693991,-10.4136878909733));
#1975=CARTESIAN_POINT('',(2.00500451168386,2.3622174202499,-10.4903553909733));
#1976=CARTESIAN_POINT('',(3.04570865600148,0.568997267671174,-10.5670228909733));
#1977=CARTESIAN_POINT('',(2.72262152379546,-1.47899465563429,-10.6436903909733));
#1978=CARTESIAN_POINT('',(1.18041896719791,-2.86473520293206,-10.7203578909733));
#1979=CARTESIAN_POINT('',(-0.890343760731593,-2.96772361762595,-10.7970253909733));
#1980=CARTESIAN_POINT('',(-2.56243458297134,-1.74184549516536,-10.8736928909733));
#1981=CARTESIAN_POINT('',(-3.08713544480809,0.263984656065664,-10.9503603909733));
#1982=CARTESIAN_POINT('',(-2.22950260297182,2.15160806170742,-11.0270278909733));
#1983=CARTESIAN_POINT('',(-0.373548953949571,3.07580483961709,-11.1036953909733));
#1984=CARTESIAN_POINT('',(1.64963444237112,2.62271800527178,-11.1803628909733));
#1985=CARTESIAN_POINT('',(2.93428812047154,0.995326612236388,-11.2570303909733));
#1986=CARTESIAN_POINT('',(2.9045530002756,-1.07803652447129,-11.3336978909733));
#1987=CARTESIAN_POINT('',(2.0189035592291,-2.13774346274138,-11.3848095576429));
#1988=CARTESIAN_POINT('',(1.45731233774815,-2.46919333513089,-11.4103653909733));
#1989=CARTESIAN_POINT('',(-2.83219131856723,-1.06060362771663,-10.2854527558272));
#1990=CARTESIAN_POINT('',(-3.03801148549572,-0.506955739867992,-10.3073987808577));
#1991=CARTESIAN_POINT('',(-3.12865943263122,0.824057465198198,-10.3549006392258));
#1992=CARTESIAN_POINT('',(-2.00627631310792,2.58057928365744,-10.4279583309246));
#1993=CARTESIAN_POINT('',(0.0701862504526078,3.26783442073096,-10.5046258309246));
#1994=CARTESIAN_POINT('',(2.11515016278318,2.49198669222622,-10.5812933309246));
#1995=CARTESIAN_POINT('',(3.2130257672694,0.600255339239969,-10.6579608309246));
#1996=CARTESIAN_POINT('',(2.87218972610493,-1.56024376423519,-10.7346283309246));
#1997=CARTESIAN_POINT('',(1.24526571190895,-3.02211047182272,-10.8112958309246));
#1998=CARTESIAN_POINT('',(-0.939255118613897,-3.13075659248545,-10.8879633309246));
#1999=CARTESIAN_POINT('',(-2.70320285750405,-1.8375344101097,-10.9646308309246));
#2000=CARTESIAN_POINT('',(-3.25672835176606,0.278486749029146,-11.0412983309246));
#2001=CARTESIAN_POINT('',(-2.35198113825777,2.2698074320752,-11.1179658309246));
#2002=CARTESIAN_POINT('',(-0.394070001415,3.24477529566232,-11.1946333309246));
#2003=CARTESIAN_POINT('',(1.74025770963538,2.76679797150537,-11.2713008309246));
#2004=CARTESIAN_POINT('',(3.09548430414932,1.05000524119939,-11.3479683309246));
#2005=CARTESIAN_POINT('',(3.06411567432673,-1.13725885250135,-11.4246358309246));
#2006=CARTESIAN_POINT('',(2.12981275955475,-2.25518117632871,-11.4757474975946));
#2007=CARTESIAN_POINT('',(1.53737032034346,-2.60483936784673,-11.5013033309246));
#2008=CARTESIAN_POINT('',(-2.97967661881204,-1.11583416367957,-10.3763906957814));
#2009=CARTESIAN_POINT('',(-3.19621479370766,-0.533355269806265,-10.3983367208165));
#2010=CARTESIAN_POINT('',(-3.29158319867767,0.866969948502974,-10.4458385791771));
#2011=CARTESIAN_POINT('',(-2.11075239933643,2.71496198159219,-10.5188962708759));
#2012=CARTESIAN_POINT('',(0.0738411731102761,3.43800567206281,-10.5955637708759));
#2013=CARTESIAN_POINT('',(2.22529581388254,2.62175596420335,-10.6722312708759));
#2014=CARTESIAN_POINT('',(3.38034287853735,0.631513410808362,-10.7488987708759));
#2015=CARTESIAN_POINT('',(3.02175792841441,-1.64149287283769,-10.8255662708759));
#2016=CARTESIAN_POINT('',(1.31011245661921,-3.17948574071336,-10.9022337708759));
#2017=CARTESIAN_POINT('',(-0.988166476496842,-3.29378956734412,-10.9789012708759));
#2018=CARTESIAN_POINT('',(-2.84397113203675,-1.93322332505244,-11.0555687708759));
#2019=CARTESIAN_POINT('',(-3.42632125872319,0.292988841993589,-11.1322362708759));
#2020=CARTESIAN_POINT('',(-2.47445967354293,2.38800680244378,-11.2089037708759));
#2021=CARTESIAN_POINT('',(-0.414591048879145,3.41374575170835,-11.2855712708759));
#2022=CARTESIAN_POINT('',(1.83088097690044,2.91087793773816,-11.3622387708759));
#2023=CARTESIAN_POINT('',(3.2566804878279,1.10468387016128,-11.4389062708759));
#2024=CARTESIAN_POINT('',(3.22367834837706,-1.19648118053298,-11.5155737708759));
#2025=CARTESIAN_POINT('',(2.24072195987962,-2.3726188899168,-11.5666854375459));
#2026=CARTESIAN_POINT('',(1.61742830293634,-2.74048540056257,-11.5922412708759));
#2027=EDGE_LOOP('',(#3111,#3112));
#2028=EDGE_LOOP('',(#3113,#3114,#3115,#3116,#3117));
#2029=AXIS2_PLACEMENT_3D('',#3118,#3119,#3120);
#2030=EDGE_LOOP('',(#3121,#3122,#3123,#3124,#3125,#3126,#3127,#3128,#3129));
#2031=AXIS2_PLACEMENT_3D('',#3130,#3131,#3132);
#2032=EDGE_LOOP('',(#3133,#3134,#3135,#3136,#3137,#3138,#3139,#3140));
#2033=AXIS2_PLACEMENT_3D('',#3141,#3142,#3143);
#2034=EDGE_LOOP('',(#3144,#3145,#3146,#3147));
#2035=AXIS2_PLACEMENT_3D('',#3148,#3149,#3150);
#2036=EDGE_LOOP('',(#3151,#3152,#3153));
#2037=AXIS2_PLACEMENT_3D('',#3154,#3155,#3156);
#2038=EDGE_LOOP('',(#3157,#3158,#3159));
#2039=AXIS2_PLACEMENT_3D('',#3160,#3161,#3162);
#2040=EDGE_LOOP('',(#3163,#3164,#3165,#3166));
#2041=AXIS2_PLACEMENT_3D('',#3167,#3168,#3169);
#2042=EDGE_LOOP('',(#3170,#3171,#3172,#3173));
#2043=AXIS2_PLACEMENT_3D('',#3174,#3175,#3176);
#2044=EDGE_LOOP('',(#3177,#3178,#3179,#3180,#3181));
#2045=AXIS2_PLACEMENT_3D('',#3182,#3183,#3184);
#2046=EDGE_LOOP('',(#3185,#3186,#3187,#3188,#3189,#3190,#3191,#3192));
#2047=AXIS2_PLACEMENT_3D('',#3193,#3194,#3195);
#2048=EDGE_LOOP('',(#3196,#3197,#3198,#3199));
#2049=AXIS2_PLACEMENT_3D('',#3200,#3201,#3202);
#2050=EDGE_LOOP('',(#3203,#3204,#3205));
#2051=AXIS2_PLACEMENT_3D('',#3206,#3207,#3208);
#2052=EDGE_LOOP('',(#3209,#3210,#3211,#3212));
#2053=AXIS2_PLACEMENT_3D('',#3213,#3214,#3215);
#2054=EDGE_LOOP('',(#3216,#3217,#3218,#3219));
#2055=EDGE_LOOP('',(#3220,#3221));
#2056=AXIS2_PLACEMENT_3D('',#3222,#3223,#3224);
#2057=EDGE_LOOP('',(#3225,#3226,#3227,#3228));
#2058=AXIS2_PLACEMENT_3D('',#3229,#3230,#3231);
#2059=EDGE_LOOP('',(#3232,#3233,#3234,#3235));
#2060=AXIS2_PLACEMENT_3D('',#3236,#3237,#3238);
#2061=EDGE_LOOP('',(#3239,#3240,#3241,#3242));
#2062=EDGE_LOOP('',(#3243,#3244));
#2063=AXIS2_PLACEMENT_3D('',#3245,#3246,#3247);
#2064=EDGE_LOOP('',(#3248,#3249,#3250,#3251));
#2065=AXIS2_PLACEMENT_3D('',#3252,#3253,#3254);
#2066=EDGE_LOOP('',(#3255,#3256,#3257,#3258));
#2067=AXIS2_PLACEMENT_3D('',#3259,#3260,#3261);
#2068=EDGE_LOOP('',(#3262,#3263,#3264,#3265));
#2069=EDGE_LOOP('',(#3266,#3267));
#2070=AXIS2_PLACEMENT_3D('',#3268,#3269,#3270);
#2071=EDGE_LOOP('',(#3271,#3272,#3273,#3274,#3275,#3276,#3277,#3278));
#2072=AXIS2_PLACEMENT_3D('',#3279,#3280,#3281);
#2073=EDGE_LOOP('',(#3282,#3283,#3284,#3285));
#2074=AXIS2_PLACEMENT_3D('',#3286,#3287,#3288);
#2075=EDGE_LOOP('',(#3289,#3290,#3291,#3292));
#2076=AXIS2_PLACEMENT_3D('',#3293,#3294,#3295);
#2077=EDGE_LOOP('',(#3296,#3297));
#2078=AXIS2_PLACEMENT_3D('',#3298,#3299,#3300);
#2079=EDGE_LOOP('',(#3301,#3302,#3303,#3304));
#2080=AXIS2_PLACEMENT_3D('',#3305,#3306,#3307);
#2081=EDGE_LOOP('',(#3308,#3309,#3310));
#2082=AXIS2_PLACEMENT_3D('',#3311,#3312,#3313);
#2083=EDGE_LOOP('',(#3314,#3315,#3316,#3317));
#2084=AXIS2_PLACEMENT_3D('',#3318,#3319,#3320);
#2085=EDGE_LOOP('',(#3321,#3322,#3323,#3324,#3325));
#2086=AXIS2_PLACEMENT_3D('',#3326,#3327,#3328);
#2087=EDGE_LOOP('',(#3329,#3330,#3331,#3332,#3333,#3334,#3335,#3336));
#2088=AXIS2_PLACEMENT_3D('',#3337,#3338,#3339);
#2089=EDGE_LOOP('',(#3340,#3341,#3342,#3343));
#2090=AXIS2_PLACEMENT_3D('',#3344,#3345,#3346);
#2091=EDGE_LOOP('',(#3347,#3348,#3349,#3350));
#2092=AXIS2_PLACEMENT_3D('',#3351,#3352,#3353);
#2093=EDGE_LOOP('',(#3354,#3355,#3356));
#2094=AXIS2_PLACEMENT_3D('',#3357,#3358,#3359);
#2095=EDGE_LOOP('',(#3360,#3361,#3362,#3363));
#2096=AXIS2_PLACEMENT_3D('',#3364,#3365,#3366);
#2097=EDGE_LOOP('',(#3367,#3368,#3369,#3370,#3371));
#2098=AXIS2_PLACEMENT_3D('',#3372,#3373,#3374);
#2099=EDGE_LOOP('',(#3375,#3376,#3377,#3378));
#2100=AXIS2_PLACEMENT_3D('',#3379,#3380,#3381);
#2101=EDGE_LOOP('',(#3382,#3383,#3384));
#2102=AXIS2_PLACEMENT_3D('',#3385,#3386,#3387);
#2103=EDGE_LOOP('',(#3388,#3389,#3390,#3391));
#2104=AXIS2_PLACEMENT_3D('',#3392,#3393,#3394);
#2105=EDGE_LOOP('',(#3395,#3396,#3397));
#2106=AXIS2_PLACEMENT_3D('',#3398,#3399,#3400);
#2107=EDGE_LOOP('',(#3401,#3402,#3403,#3404));
#2108=AXIS2_PLACEMENT_3D('',#3405,#3406,#3407);
#2109=EDGE_LOOP('',(#3408,#3409,#3410));
#2110=AXIS2_PLACEMENT_3D('',#3411,#3412,#3413);
#2111=EDGE_LOOP('',(#3414,#3415,#3416,#3417));
#2112=AXIS2_PLACEMENT_3D('',#3418,#3419,#3420);
#2113=EDGE_LOOP('',(#3421,#3422,#3423,#3424));
#2114=AXIS2_PLACEMENT_3D('',#3425,#3426,#3427);
#2115=EDGE_LOOP('',(#3428,#3429,#3430));
#2116=AXIS2_PLACEMENT_3D('',#3431,#3432,#3433);
#2117=EDGE_LOOP('',(#3434,#3435,#3436,#3437));
#2118=AXIS2_PLACEMENT_3D('',#3438,#3439,#3440);
#2119=EDGE_LOOP('',(#3441,#3442,#3443));
#2120=AXIS2_PLACEMENT_3D('',#3444,#3445,#3446);
#2121=EDGE_LOOP('',(#3447,#3448,#3449,#3450));
#2122=AXIS2_PLACEMENT_3D('',#3451,#3452,#3453);
#2123=EDGE_LOOP('',(#3454,#3455,#3456,#3457,#3458,#3459));
#2124=AXIS2_PLACEMENT_3D('',#3460,#3461,#3462);
#2125=EDGE_LOOP('',(#3463,#3464,#3465,#3466));
#2126=AXIS2_PLACEMENT_3D('',#3467,#3468,#3469);
#2127=EDGE_LOOP('',(#3470,#3471,#3472,#3473));
#2128=EDGE_LOOP('',(#3474,#3475,#3476,#3477));
#2129=AXIS2_PLACEMENT_3D('',#3478,#3479,#3480);
#2130=EDGE_LOOP('',(#3481,#3482,#3483,#3484));
#2131=EDGE_LOOP('',(#3485,#3486,#3487,#3488));
#2132=AXIS2_PLACEMENT_3D('',#3489,#3490,#3491);
#2133=EDGE_LOOP('',(#3492,#3493,#3494,#3495));
#2134=EDGE_LOOP('',(#3496,#3497,#3498,#3499));
#2135=AXIS2_PLACEMENT_3D('',#3500,#3501,#3502);
#2136=EDGE_LOOP('',(#3503,#3504,#3505,#3506));
#2137=EDGE_LOOP('',(#3507,#3508,#3509,#3510));
#2138=AXIS2_PLACEMENT_3D('',#3511,#3512,#3513);
#2139=EDGE_LOOP('',(#3514,#3515,#3516,#3517));
#2140=AXIS2_PLACEMENT_3D('',#3518,#3519,#3520);
#2141=EDGE_LOOP('',(#3521,#3522,#3523,#3524,#3525,#3526,#3527,#3528,#3529,#3530,#3531,#3532));
#2142=EDGE_LOOP('',(#3533,#3534));
#2143=AXIS2_PLACEMENT_3D('',#3535,#3536,#3537);
#2144=EDGE_LOOP('',(#3538,#3539,#3540,#3541));
#2145=AXIS2_PLACEMENT_3D('',#3542,#3543,#3544);
#2146=EDGE_LOOP('',(#3545,#3546,#3547,#3548));
#2147=AXIS2_PLACEMENT_3D('',#3549,#3550,#3551);
#2148=EDGE_LOOP('',(#3552,#3553,#3554,#3555));
#2149=AXIS2_PLACEMENT_3D('',#3556,#3557,#3558);
#2150=EDGE_LOOP('',(#3559,#3560,#3561,#3562));
#2151=AXIS2_PLACEMENT_3D('',#3563,#3564,#3565);
#2152=EDGE_LOOP('',(#3566,#3567,#3568,#3569));
#2153=AXIS2_PLACEMENT_3D('',#3570,#3571,#3572);
#2154=EDGE_LOOP('',(#3573,#3574,#3575,#3576));
#2155=AXIS2_PLACEMENT_3D('',#3577,#3578,#3579);
#2156=EDGE_LOOP('',(#3580,#3581,#3582,#3583));
#2157=AXIS2_PLACEMENT_3D('',#3584,#3585,#3586);
#2158=EDGE_LOOP('',(#3587,#3588,#3589,#3590));
#2159=AXIS2_PLACEMENT_3D('',#3591,#3592,#3593);
#2160=EDGE_LOOP('',(#3594,#3595,#3596,#3597));
#2161=AXIS2_PLACEMENT_3D('',#3598,#3599,#3600);
#2162=EDGE_LOOP('',(#3601,#3602));
#2163=AXIS2_PLACEMENT_3D('',#3603,#3604,#3605);
#2164=EDGE_LOOP('',(#3606,#3607,#3608,#3609));
#2165=AXIS2_PLACEMENT_3D('',#3610,#3611,#3612);
#2166=EDGE_LOOP('',(#3613,#3614,#3615,#3616));
#2167=AXIS2_PLACEMENT_3D('',#3617,#3618,#3619);
#2168=EDGE_LOOP('',(#3620,#3621,#3622,#3623));
#2169=AXIS2_PLACEMENT_3D('',#3624,#3625,#3626);
#2170=EDGE_LOOP('',(#3627,#3628,#3629,#3630));
#2171=AXIS2_PLACEMENT_3D('',#3631,#3632,#3633);
#2172=EDGE_LOOP('',(#3634,#3635,#3636,#3637));
#2173=AXIS2_PLACEMENT_3D('',#3638,#3639,#3640);
#2174=EDGE_LOOP('',(#3641,#3642,#3643,#3644));
#2175=AXIS2_PLACEMENT_3D('',#3645,#3646,#3647);
#2176=EDGE_LOOP('',(#3648,#3649,#3650,#3651));
#2177=AXIS2_PLACEMENT_3D('',#3652,#3653,#3654);
#2178=EDGE_LOOP('',(#3655,#3656,#3657,#3658));
#2179=AXIS2_PLACEMENT_3D('',#3659,#3660,#3661);
#2180=EDGE_LOOP('',(#3662,#3663,#3664,#3665));
#2181=AXIS2_PLACEMENT_3D('',#3666,#3667,#3668);
#2182=EDGE_LOOP('',(#3669,#3670,#3671,#3672));
#2183=AXIS2_PLACEMENT_3D('',#3673,#3674,#3675);
#2184=EDGE_LOOP('',(#3676,#3677,#3678,#3679));
#2185=AXIS2_PLACEMENT_3D('',#3680,#3681,#3682);
#2186=EDGE_LOOP('',(#3683,#3684,#3685,#3686));
#2187=AXIS2_PLACEMENT_3D('',#3687,#3688,#3689);
#2188=EDGE_LOOP('',(#3690,#3691,#3692,#3693));
#2189=AXIS2_PLACEMENT_3D('',#3694,#3695,#3696);
#2190=EDGE_LOOP('',(#3697,#3698,#3699,#3700));
#2191=AXIS2_PLACEMENT_3D('',#3701,#3702,#3703);
#2192=EDGE_LOOP('',(#3704,#3705,#3706,#3707));
#2193=AXIS2_PLACEMENT_3D('',#3708,#3709,#3710);
#2194=EDGE_LOOP('',(#3711,#3712,#3713,#3714));
#2195=AXIS2_PLACEMENT_3D('',#3715,#3716,#3717);
#2196=EDGE_LOOP('',(#3718,#3719,#3720,#3721));
#2197=AXIS2_PLACEMENT_3D('',#3722,#3723,#3724);
#2198=EDGE_LOOP('',(#3725,#3726,#3727,#3728));
#2199=AXIS2_PLACEMENT_3D('',#3729,#3730,#3731);
#2200=EDGE_LOOP('',(#3732,#3733,#3734,#3735));
#2201=AXIS2_PLACEMENT_3D('',#3736,#3737,#3738);
#2202=EDGE_LOOP('',(#3739,#3740,#3741,#3742));
#2203=AXIS2_PLACEMENT_3D('',#3743,#3744,#3745);
#2204=EDGE_LOOP('',(#3746,#3747,#3748,#3749,#3750,#3751,#3752,#3753));
#2205=CARTESIAN_POINT('',(-2.99984760684138,-1.0658067040113,-9.75202861613947));
#2206=CARTESIAN_POINT('',(-3.09464764226927,-0.798673591251987,-9.76203167559249));
#2207=CARTESIAN_POINT('',(-3.25257227506212,-0.0548805597693806,-9.78863140171258));
#2208=CARTESIAN_POINT('',(-3.0685635869977,1.185969190906,-9.83182779449896));
#2209=CARTESIAN_POINT('',(-2.26370742446782,2.3870791357176,-9.88161779449896));
#2210=CARTESIAN_POINT('',(-1.02160388475859,3.12711872017658,-9.93140779449905));
#2211=CARTESIAN_POINT('',(0.417835088707322,3.26312007052673,-9.98119779449905));
#2212=CARTESIAN_POINT('',(1.77656441661261,2.76881908558841,-10.0309877945009));
#2213=CARTESIAN_POINT('',(2.79213312876532,1.739693260256,-10.0807777945009));
#2214=CARTESIAN_POINT('',(3.26837394758443,0.374528743435779,-10.1305677945009));
#2215=CARTESIAN_POINT('',(3.11329636209889,-1.06297968991379,-10.1803577945009));
#2216=CARTESIAN_POINT('',(2.35685510851969,-2.29516318558212,-10.2301477945009));
#2217=CARTESIAN_POINT('',(1.14516422344975,-3.08401344923867,-10.2799377945009));
#2218=CARTESIAN_POINT('',(-0.287726340199596,-3.27715632922522,-10.3297277945009));
#2219=CARTESIAN_POINT('',(-1.66503974498153,-2.83728438842744,-10.3795177945009));
#2220=CARTESIAN_POINT('',(-2.72073442608116,-1.84936319739968,-10.4293077945009));
#2221=CARTESIAN_POINT('',(-3.25089262296559,-0.504219403736999,-10.4790977945009));
#2222=CARTESIAN_POINT('',(-3.15310909086971,0.938319302922915,-10.5288877945009));
#2223=CARTESIAN_POINT('',(-2.44627167609254,2.19961245220812,-10.5786777945009));
#2224=CARTESIAN_POINT('',(-1.26691294363551,3.03602892713586,-10.6284677945009));
#2225=CARTESIAN_POINT('',(0.157162424094391,3.28600669896391,-10.6782577945009));
#2226=CARTESIAN_POINT('',(1.55088033131368,2.90126011432528,-10.7280477945009));
#2227=CARTESIAN_POINT('',(2.64503052306923,1.95610674192057,-10.7778377945009));
#2228=CARTESIAN_POINT('',(3.22826717997967,0.633112206228471,-10.8276277945009));
#2229=CARTESIAN_POINT('',(3.18793243543112,-0.812174147923031,-10.8774177945009));
#2230=CARTESIAN_POINT('',(2.53181733179283,-2.10058111943874,-10.9272077945009));
#2231=CARTESIAN_POINT('',(1.38665695428226,-2.98324027521521,-10.9769977945009));
#2232=CARTESIAN_POINT('',(-0.0263498776305314,-3.28965741970846,-11.0267877945009));
#2233=CARTESIAN_POINT('',(-1.43426663143942,-2.96064485981809,-11.0765777945009));
#2234=CARTESIAN_POINT('',(-2.5651420210475,-2.05975542220112,-11.1263677945009));
#2235=CARTESIAN_POINT('',(-3.20053036820816,-0.761001620197223,-11.1761577945009));
#2236=CARTESIAN_POINT('',(-3.21772269161486,0.684737971121743,-11.2259477945009));
#2237=CARTESIAN_POINT('',(-2.61331416594352,1.99824776544488,-11.2757377945009));
#2238=CARTESIAN_POINT('',(-1.87401509257474,2.616515515843,-11.3089311278309));
#2239=CARTESIAN_POINT('',(-1.45578135336077,2.83154211747333,-11.3255277945009));
#2240=CARTESIAN_POINT('',(-2.85043936434154,-1.01272390536272,-9.84358064287309));
#2241=CARTESIAN_POINT('',(-2.9405178576985,-0.758895431412218,-9.85358370232615));
#2242=CARTESIAN_POINT('',(-3.09057701033226,-0.0521472182610117,-9.8801834284457));
#2243=CARTESIAN_POINT('',(-2.91573292603824,1.12690166625294,-9.92337982123203));
#2244=CARTESIAN_POINT('',(-2.15096284802604,2.26818999696218,-9.97316982123203));
#2245=CARTESIAN_POINT('',(-0.970722619788409,2.97137170456008,-10.0229598212329));
#2246=CARTESIAN_POINT('',(0.397024696167309,3.10059946991619,-10.0727498212329));
#2247=CARTESIAN_POINT('',(1.68808213285636,2.63091728269927,-10.122539821233));
#2248=CARTESIAN_POINT('',(2.65307016348549,1.65304735467327,-10.172329821233));
#2249=CARTESIAN_POINT('',(3.10559167616873,0.355875235439358,-10.222119821233));
#2250=CARTESIAN_POINT('',(2.95823777286152,-1.01003769148602,-10.271909821233));
#2251=CARTESIAN_POINT('',(2.23947128582553,-2.18085194622835,-10.321699821233));
#2252=CARTESIAN_POINT('',(1.08812900152381,-2.9304133036023,-10.371489821233));
#2253=CARTESIAN_POINT('',(-0.273396049983504,-3.1139366488561,-10.421279821233));
#2254=CARTESIAN_POINT('',(-1.58211197844354,-2.6959726521307,-10.471069821233));
#2255=CARTESIAN_POINT('',(-2.58522749300136,-1.75725515016561,-10.520859821233));
#2256=CARTESIAN_POINT('',(-3.08898101377447,-0.479106616415894,-10.570649821233));
#2257=CARTESIAN_POINT('',(-2.99606761762867,0.891586049662326,-10.620439821233));
#2258=CARTESIAN_POINT('',(-2.32443443643775,2.09006014364555,-10.670229821233));
#2259=CARTESIAN_POINT('',(-1.20381399291623,2.88481866393881,-10.720019821233));
#2260=CARTESIAN_POINT('',(0.149334905950624,3.12234622347366,-10.769809821233));
#2261=CARTESIAN_POINT('',(1.47363830605205,2.75676204924773,-10.819599821233));
#2262=CARTESIAN_POINT('',(2.51329404388603,1.85868230283059,-10.869389821233));
#2263=CARTESIAN_POINT('',(3.06748243725407,0.601579877112156,-10.919179821233));
#2264=CARTESIAN_POINT('',(3.02915657585032,-0.771723589111811,-10.968969821233));
#2265=CARTESIAN_POINT('',(2.40571946701705,-1.99596109388474,-11.018759821233));
#2266=CARTESIAN_POINT('',(1.31759411988484,-2.83465916547563,-11.068549821233));
#2267=CARTESIAN_POINT('',(-0.0250375146631118,-3.12581511905827,-11.118339821233));
#2268=CARTESIAN_POINT('',(-1.36283258386023,-2.81318912101218,-11.168129821233));
#2269=CARTESIAN_POINT('',(-2.43738441087671,-1.95716873182825,-11.217919821233));
#2270=CARTESIAN_POINT('',(-3.04112706509026,-0.723099723329628,-11.267709821233));
#2271=CARTESIAN_POINT('',(-3.0574631200587,0.650634406458934,-11.317499821233));
#2272=CARTESIAN_POINT('',(-2.48315732872857,1.89872448098425,-11.367289821233));
#2273=CARTESIAN_POINT('',(-1.78067925085973,2.48619923450784,-11.400483154563));
#2274=CARTESIAN_POINT('',(-1.38327575908549,2.69051637657579,-11.417079821233));
#2275=CARTESIAN_POINT('',(-2.70103112184203,-0.959641106713945,-9.93513266960654));
#2276=CARTESIAN_POINT('',(-2.78638807312797,-0.719117271572447,-9.94513572905954));
#2277=CARTESIAN_POINT('',(-2.9285817456016,-0.0494138767526455,-9.97173545517948));
#2278=CARTESIAN_POINT('',(-2.76290226507796,1.06783414159988,-10.0149318479651));
#2279=CARTESIAN_POINT('',(-2.03821827158345,2.14930085820594,-10.0647218479651));
#2280=CARTESIAN_POINT('',(-0.919841354818564,2.81562468894357,-10.1145118479651));
#2281=CARTESIAN_POINT('',(0.376214303627459,2.93807886930569,-10.1643018479651));
#2282=CARTESIAN_POINT('',(1.5995998491001,2.49301547980929,-10.2140918479651));
#2283=CARTESIAN_POINT('',(2.51400719820566,1.56640144909135,-10.2638818479651));
#2284=CARTESIAN_POINT('',(2.94280940475387,0.337221727442527,-10.3136718479651));
#2285=CARTESIAN_POINT('',(2.80317918362501,-0.957095693059585,-10.3634618479651));
#2286=CARTESIAN_POINT('',(2.12208746313137,-2.06654070687624,-10.4132518479651));
#2287=CARTESIAN_POINT('',(1.03109377959788,-2.77681315796674,-10.4630418479651));
#2288=CARTESIAN_POINT('',(-0.259065759767982,-2.95071696848613,-10.5128318479651));
#2289=CARTESIAN_POINT('',(-1.49918421190555,-2.55466091583399,-10.5626218479651));
#2290=CARTESIAN_POINT('',(-2.44972055992239,-1.66514710292991,-10.6124118479651));
#2291=CARTESIAN_POINT('',(-2.92706940458331,-0.453993829093805,-10.6622018479651));
#2292=CARTESIAN_POINT('',(-2.83902614438681,0.844852796402801,-10.7119918479651));
#2293=CARTESIAN_POINT('',(-2.20259719678296,1.9805078350838,-10.7617818479651));
#2294=CARTESIAN_POINT('',(-1.14071504219616,2.73360840074176,-10.8115718479651));
#2295=CARTESIAN_POINT('',(0.141507387808084,2.95868574798259,-10.8613618479651));
#2296=CARTESIAN_POINT('',(1.39639628079124,2.61226398416936,-10.9111518479651));
#2297=CARTESIAN_POINT('',(2.38155756470446,1.76125786373897,-10.9609418479651));
#2298=CARTESIAN_POINT('',(2.90669769452933,0.570047547994452,-11.0107318479651));
#2299=CARTESIAN_POINT('',(2.87038071627034,-0.731273030302143,-11.0605218479651));
#2300=CARTESIAN_POINT('',(2.2796216022413,-1.89134106833321,-11.1103118479651));
#2301=CARTESIAN_POINT('',(1.24853128548578,-2.68607805573606,-11.1601018479651));
#2302=CARTESIAN_POINT('',(-0.023725151697457,-2.96197281840808,-11.2098918479651));
#2303=CARTESIAN_POINT('',(-1.29139853628183,-2.66573338220628,-11.2596818479651));
#2304=CARTESIAN_POINT('',(-2.30962680070675,-1.85458204145293,-11.3094718479651));
#2305=CARTESIAN_POINT('',(-2.88172376197237,-0.685197826460238,-11.3592618479651));
#2306=CARTESIAN_POINT('',(-2.89720354850173,0.616530841798004,-11.4090518479651));
#2307=CARTESIAN_POINT('',(-2.35300049151281,1.79920119652526,-11.4588418479651));
#2308=CARTESIAN_POINT('',(-1.68734340914393,2.35588295317431,-11.4920351812954));
#2309=CARTESIAN_POINT('',(-1.31077016480857,2.54949063567825,-11.5086318479651));
#2310=CARTESIAN_POINT('',(-2.55162287934218,-0.906558308065083,-10.02668469634));
#2311=CARTESIAN_POINT('',(-2.6322582885572,-0.679339111732595,-10.0366877557932));
#2312=CARTESIAN_POINT('',(-2.76658648087175,-0.0466805352443526,-10.063287481911));
#2313=CARTESIAN_POINT('',(-2.61007160411849,1.00876661694682,-10.1064838746973));
#2314=CARTESIAN_POINT('',(-1.92547369514167,2.03041171945052,-10.1562738746973));
#2315=CARTESIAN_POINT('',(-0.868960089848731,2.65987767332707,-10.2060638746973));
#2316=CARTESIAN_POINT('',(0.355403911087445,2.77555826869603,-10.2558538746973));
#2317=CARTESIAN_POINT('',(1.51111756534384,2.35511367691928,-10.3056438746973));
#2318=CARTESIAN_POINT('',(2.37494423292583,1.47975554350861,-10.3554338746973));
#2319=CARTESIAN_POINT('',(2.78002713333903,0.318568219446105,-10.4052238746973));
#2320=CARTESIAN_POINT('',(2.64812059438852,-0.904153694632432,-10.4550138746973));
#2321=CARTESIAN_POINT('',(2.00470364043722,-1.95222946752334,-10.5048038746973));
#2322=CARTESIAN_POINT('',(0.974058557672284,-2.62321301233037,-10.5545938746973));
#2323=CARTESIAN_POINT('',(-0.244735469551802,-2.78749728811614,-10.6043838746973));
#2324=CARTESIAN_POINT('',(-1.41625644536756,-2.41334917953812,-10.6541738746973));
#2325=CARTESIAN_POINT('',(-2.31421362684259,-1.57303905569584,-10.7039638746973));
#2326=CARTESIAN_POINT('',(-2.76515779539131,-0.428881041772613,-10.7537538746973));
#2327=CARTESIAN_POINT('',(-2.68198467114577,0.798119543142213,-10.8035438746973));
#2328=CARTESIAN_POINT('',(-2.08075995712816,1.87095552652123,-10.8533338746973));
#2329=CARTESIAN_POINT('',(-1.07761609147776,2.5823981375447,-10.9031238746973));
#2330=CARTESIAN_POINT('',(0.133679869664318,2.79502527249235,-10.9529138746973));
#2331=CARTESIAN_POINT('',(1.31915425552961,2.46776591909181,-11.0027038746973));
#2332=CARTESIAN_POINT('',(2.24982108552126,1.66383342464899,-11.0524938746973));
#2333=CARTESIAN_POINT('',(2.7459129518046,0.538515218878223,-11.1022838746973));
#2334=CARTESIAN_POINT('',(2.71160485668954,-0.690822471490837,-11.1520738746973));
#2335=CARTESIAN_POINT('',(2.1535237374664,-1.78672104278008,-11.2018638746973));
#2336=CARTESIAN_POINT('',(1.17946845108835,-2.53749694599649,-11.2516538746973));
#2337=CARTESIAN_POINT('',(-0.0224127887299858,-2.79813051775788,-11.3014438746973));
#2338=CARTESIAN_POINT('',(-1.21996448870177,-2.51827764340038,-11.3512338746973));
#2339=CARTESIAN_POINT('',(-2.18186919053597,-1.75199535108006,-11.4010238746973));
#2340=CARTESIAN_POINT('',(-2.72232045885448,-0.647295929592729,-11.4508138746973));
#2341=CARTESIAN_POINT('',(-2.73694397694558,0.58242727713511,-11.5006038746973));
#2342=CARTESIAN_POINT('',(-2.22284365429786,1.69967791206463,-11.5503938746973));
#2343=CARTESIAN_POINT('',(-1.5940075674298,2.22556667183914,-11.5835872080363));
#2344=CARTESIAN_POINT('',(-1.23826457053328,2.40846489478071,-11.6001838746973));
#2345=EDGE_LOOP('',(#3754,#3755,#3756,#3757,#3758,#3759,#3760,#3761,#3762,#3763,#3764));
#2346=CARTESIAN_POINT('',(3.13223177349051,-0.532519849284133,-7.34098602783481));
#2347=CARTESIAN_POINT('',(3.0774352005127,-0.85663709219639,-7.3526020985932));
#2348=CARTESIAN_POINT('',(2.73869870192617,-1.88444876626469,-7.39043483601851));
#2349=CARTESIAN_POINT('',(1.31940584979494,-3.18739108309319,-7.45448424011021));
#2350=CARTESIAN_POINT('',(-1.04405615756731,-3.28772654738801,-7.53313424011021));
#2351=CARTESIAN_POINT('',(-2.91649212580174,-1.84214617325356,-7.61178424011021));
#2352=CARTESIAN_POINT('',(-3.41741389068153,0.46978246563712,-7.69043424011021));
#2353=CARTESIAN_POINT('',(-2.31124080870341,2.56077509371883,-7.76908424011021));
#2354=CARTESIAN_POINT('',(-0.118171765633031,3.44752720833484,-7.84773424011021));
#2355=CARTESIAN_POINT('',(2.13046959891847,2.71302529944524,-7.92638424011021));
#2356=CARTESIAN_POINT('',(3.37722458729429,0.702681494778261,-8.00503424011021));
#2357=CARTESIAN_POINT('',(3.03578743556971,-1.63810923302853,-8.08368424011021));
#2358=CARTESIAN_POINT('',(1.26672423129772,-3.20855371049266,-8.16233424011021));
#2359=CARTESIAN_POINT('',(-1.09803565583296,-3.27012612869737,-8.24098424011021));
#2360=CARTESIAN_POINT('',(-2.94642727389954,-1.79387109823222,-8.31963424011021));
#2361=CARTESIAN_POINT('',(-3.4092158432464,0.525979592487017,-8.39828424011021));
#2362=CARTESIAN_POINT('',(-2.26876787332671,2.59848023555964,-8.47693424011021));
#2363=CARTESIAN_POINT('',(-0.0613966808987545,3.44900531242815,-8.55558424011021));
#2364=CARTESIAN_POINT('',(2.17484725139987,2.67758223603128,-8.63423424011021));
#2365=CARTESIAN_POINT('',(3.38833558793937,0.646984652876233,-8.71288424011021));
#2366=CARTESIAN_POINT('',(3.00840664858137,-1.68786748124008,-8.79153424011021));
#2367=CARTESIAN_POINT('',(1.21372789986929,-3.22897379737691,-8.87018424011021));
#2368=CARTESIAN_POINT('',(-1.15172518711478,-3.25160518584856,-8.94883424011021));
#2369=CARTESIAN_POINT('',(-2.97556167225711,-1.74511889219419,-9.02748424011021));
#2370=CARTESIAN_POINT('',(-3.40009420326569,0.582036601124665,-9.10613424011021));
#2371=CARTESIAN_POINT('',(-2.22567980065199,2.63548030011954,-9.18478424011021));
#2372=CARTESIAN_POINT('',(-0.00460495954567084,3.44954884191404,-9.26343424011021));
#2373=CARTESIAN_POINT('',(2.21863525091319,2.6414126485343,-9.34208424011021));
#2374=CARTESIAN_POINT('',(3.39852856818512,0.591114909705104,-9.42073424011021));
#2375=CARTESIAN_POINT('',(2.98020863748333,-1.7371774004301,-9.49938424011021));
#2376=CARTESIAN_POINT('',(1.16040902254813,-3.24848426361363,-9.57803424011021));
#2377=CARTESIAN_POINT('',(-1.20512663281876,-3.23233097190369,-9.65668424011021));
#2378=CARTESIAN_POINT('',(-2.67835833335856,-1.9734957357311,-9.72110377763961));
#2379=CARTESIAN_POINT('',(-3.05228930001064,-0.945735386913889,-9.75930664850222));
#2380=CARTESIAN_POINT('',(-3.11748278284425,-0.612854861194142,-9.77129285269828));
#2381=CARTESIAN_POINT('',(2.9801193912785,-0.506658780018714,-7.4301246144648));
#2382=CARTESIAN_POINT('',(2.92798393594961,-0.81503572990651,-7.44174068522315));
#2383=CARTESIAN_POINT('',(2.60569769375176,-1.79293319151752,-7.47957342264807));
#2384=CARTESIAN_POINT('',(1.25533078082446,-3.03259996744422,-7.54362282673976));
#2385=CARTESIAN_POINT('',(-0.993353054867538,-3.12806278258718,-7.62227282673976));
#2386=CARTESIAN_POINT('',(-2.77485683280934,-1.75268496378303,-7.70092282673976));
#2387=CARTESIAN_POINT('',(-3.25145204446195,0.446968148199181,-7.77957282673976));
#2388=CARTESIAN_POINT('',(-2.19899868529064,2.4364146925793,-7.85822282673976));
#2389=CARTESIAN_POINT('',(-0.112432921869065,3.28010295166277,-7.93687282673976));
#2390=CARTESIAN_POINT('',(2.0270063722615,2.58127108355585,-8.01552282673976));
#2391=CARTESIAN_POINT('',(3.21321447744651,0.668556767160188,-8.09417282673976));
#2392=CARTESIAN_POINT('',(2.88835873549009,-1.55855678743103,-8.17282282673976));
#2393=CARTESIAN_POINT('',(1.2052075702197,-3.05273486193534,-8.25147282673976));
#2394=CARTESIAN_POINT('',(-1.04471111555524,-3.11131710320279,-8.33012282673976));
#2395=CARTESIAN_POINT('',(-2.80333822300625,-1.70675429913591,-8.40877282673976));
#2396=CARTESIAN_POINT('',(-3.24365212354306,0.500436141492952,-8.48742282673977));
#2397=CARTESIAN_POINT('',(-2.15858838762611,2.47228873782081,-8.56607282673976));
#2398=CARTESIAN_POINT('',(-0.0584150383937712,3.28150927373252,-8.64472282673976));
#2399=CARTESIAN_POINT('',(2.06922888715277,2.54754926211843,-8.72337282673977));
#2400=CARTESIAN_POINT('',(3.22378588814508,0.615564763187228,-8.80202282673976));
#2401=CARTESIAN_POINT('',(2.86230765748735,-1.60589859707146,-8.88067282673976));
#2402=CARTESIAN_POINT('',(1.15478493026873,-3.07216327633656,-8.95932282673976));
#2403=CARTESIAN_POINT('',(-1.09579329109461,-3.09369560360763,-9.03797282673976));
#2404=CARTESIAN_POINT('',(-2.83105775073471,-1.66036967466131,-9.11662282673977));
#2405=CARTESIAN_POINT('',(-3.23497346303781,0.553770821216196,-9.19527282673976));
#2406=CARTESIAN_POINT('',(-2.11759282593188,2.50749194685763,-9.27392282673976));
#2407=CARTESIAN_POINT('',(-0.00438132623339133,3.28202640748214,-9.35257282673976));
#2408=CARTESIAN_POINT('',(2.11089038473379,2.51313619920649,-9.43122282673976));
#2409=CARTESIAN_POINT('',(3.23348386079889,0.562408254649355,-9.50987282673977));
#2410=CARTESIAN_POINT('',(2.83547904270294,-1.65281385015217,-9.58852282673976));
#2411=CARTESIAN_POINT('',(1.10405540840794,-3.0907262445234,-9.66717282673976));
#2412=CARTESIAN_POINT('',(-1.14660137152208,-3.07535741445653,-9.74582282673977));
#2413=CARTESIAN_POINT('',(-2.5482876693824,-1.87765572153162,-9.81024236426916));
#2414=CARTESIAN_POINT('',(-2.90405921034923,-0.899807092634009,-9.84844523513219));
#2415=CARTESIAN_POINT('',(-2.96608666439081,-0.583092436307387,-9.86043143932828));
#2416=CARTESIAN_POINT('',(2.82800700906678,-0.48079771075327,-7.51926320109468));
#2417=CARTESIAN_POINT('',(2.77853267138662,-0.773434367616575,-7.53087927185307));
#2418=CARTESIAN_POINT('',(2.47269668557685,-1.70141761677017,-7.56871200927838));
#2419=CARTESIAN_POINT('',(1.19125571185475,-2.8778088517945,-7.63276141337008));
#2420=CARTESIAN_POINT('',(-0.942649952167837,-2.96839901778558,-7.71141141337008));
#2421=CARTESIAN_POINT('',(-2.63322153981694,-1.66322375431331,-7.79006141337008));
#2422=CARTESIAN_POINT('',(-3.08549019824236,0.42415383076147,-7.86871141337008));
#2423=CARTESIAN_POINT('',(-2.08675656187787,2.31205429143901,-7.94736141337008));
#2424=CARTESIAN_POINT('',(-0.106694078104719,3.11267869499147,-8.02601141337008));
#2425=CARTESIAN_POINT('',(1.92354314560529,2.44951686766646,-8.10466141337007));
#2426=CARTESIAN_POINT('',(3.04920436759949,0.634432039541582,-8.18331141337007));
#2427=CARTESIAN_POINT('',(2.74093003541042,-1.4790043418343,-8.26196141337008));
#2428=CARTESIAN_POINT('',(1.14369090914089,-2.89691601337881,-8.34061141337008));
#2429=CARTESIAN_POINT('',(-0.991386575279461,-2.95250807770825,-8.41926141337007));
#2430=CARTESIAN_POINT('',(-2.66024917211297,-1.61963750003959,-8.49791141337008));
#2431=CARTESIAN_POINT('',(-3.07808840383975,0.474892690500177,-8.57656141337008));
#2432=CARTESIAN_POINT('',(-2.04840890192475,2.34609724008273,-8.65521141337008));
#2433=CARTESIAN_POINT('',(-0.0554333958872851,3.11401323503765,-8.73386141337008));
#2434=CARTESIAN_POINT('',(1.96361052290723,2.41751628820405,-8.81251141337008));
#2435=CARTESIAN_POINT('',(3.05923618835004,0.584144873496479,-8.89116141337008));
#2436=CARTESIAN_POINT('',(2.71620866639333,-1.52392971290438,-8.96981141337008));
#2437=CARTESIAN_POINT('',(1.09584196066664,-2.91535275529701,-9.04846141337007));
#2438=CARTESIAN_POINT('',(-1.0398613950767,-2.93578602136673,-9.12711141337008));
#2439=CARTESIAN_POINT('',(-2.68655382921308,-1.57562045712691,-9.20576141337008));
#2440=CARTESIAN_POINT('',(-3.06985272280993,0.525505041309471,-9.28441141337008));
#2441=CARTESIAN_POINT('',(-2.00950585121029,2.37950359359645,-9.36306141337007));
#2442=CARTESIAN_POINT('',(-0.00415769291949398,3.11450397305024,-9.44171141337008));
#2443=CARTESIAN_POINT('',(2.00314551855595,2.38485974987796,-9.52036141337008));
#2444=CARTESIAN_POINT('',(3.06843915341262,0.533701599592314,-9.59901141337008));
#2445=CARTESIAN_POINT('',(2.69074944792175,-1.56845029987499,-9.67766141337008));
#2446=CARTESIAN_POINT('',(1.04770179426701,-2.93296822543393,-9.75631141337008));
#2447=CARTESIAN_POINT('',(-1.08807611022539,-2.91838385700937,-9.83496141337008));
#2448=CARTESIAN_POINT('',(-2.41821700540622,-1.78181570733152,-9.89938095089941));
#2449=CARTESIAN_POINT('',(-2.7558291206878,-0.853878798353849,-9.93758382176215));
#2450=CARTESIAN_POINT('',(-2.81469054593727,-0.553330011420465,-9.94957002595821));
#2451=CARTESIAN_POINT('',(2.67589462685452,-0.4549366414876,-7.60840178772467));
#2452=CARTESIAN_POINT('',(2.62908140682318,-0.731833005326337,-7.62001785848302));
#2453=CARTESIAN_POINT('',(2.33969567740177,-1.60990204202232,-7.65785059590794));
#2454=CARTESIAN_POINT('',(1.12718064288428,-2.72301773614552,-7.72189999999964));
#2455=CARTESIAN_POINT('',(-0.891946849468061,-2.80873525298474,-7.80054999999964));
#2456=CARTESIAN_POINT('',(-2.49158624682454,-1.57376254484362,-7.87919999999964));
#2457=CARTESIAN_POINT('',(-2.91952835202278,0.401339513323534,-7.95784999999964));
#2458=CARTESIAN_POINT('',(-1.9745144384651,2.18769389029947,-8.03649999999964));
#2459=CARTESIAN_POINT('',(-0.100955234340747,2.94525443831941,-8.11514999999964));
#2460=CARTESIAN_POINT('',(1.82007991894832,2.31776265177707,-8.19379999999964));
#2461=CARTESIAN_POINT('',(2.88519425775172,0.600307311923501,-8.27244999999964));
#2462=CARTESIAN_POINT('',(2.59350133532997,-1.39945189623681,-8.35109999999964));
#2463=CARTESIAN_POINT('',(1.08217424806204,-2.74109716482232,-8.42974999999964));
#2464=CARTESIAN_POINT('',(-0.938062035002435,-2.79369905221449,-8.50839999999964));
#2465=CARTESIAN_POINT('',(-2.51716012121968,-1.53252070094327,-8.58704999999964));
#2466=CARTESIAN_POINT('',(-2.91252468413722,0.449349239506049,-8.66569999999964));
#2467=CARTESIAN_POINT('',(-1.93822941622413,2.2199057423439,-8.74434999999964));
#2468=CARTESIAN_POINT('',(-0.0524517533823298,2.94651719634203,-8.82299999999964));
#2469=CARTESIAN_POINT('',(1.85799215866097,2.28748331429118,-8.90164999999964));
#2470=CARTESIAN_POINT('',(2.89468648855574,0.552724983807532,-8.98029999999964));
#2471=CARTESIAN_POINT('',(2.57010967529931,-1.4419608287366,-9.05894999999964));
#2472=CARTESIAN_POINT('',(1.03689899106605,-2.7585422342575,-9.13759999999964));
#2473=CARTESIAN_POINT('',(-0.983929499056234,-2.77787643912662,-9.21624999999964));
#2474=CARTESIAN_POINT('',(-2.5420499076907,-1.49087123959401,-9.29489999999964));
#2475=CARTESIAN_POINT('',(-2.90473198258205,0.497239261400944,-9.37354999999964));
#2476=CARTESIAN_POINT('',(-1.90141887649098,2.25151524033373,-9.45219999999964));
#2477=CARTESIAN_POINT('',(-0.00393405960723589,2.94698153861834,-9.53084999999964));
#2478=CARTESIAN_POINT('',(1.89540065237741,2.25658330055097,-9.60949999999964));
#2479=CARTESIAN_POINT('',(2.90339444602557,0.504994944536546,-9.68814999999964));
#2480=CARTESIAN_POINT('',(2.54601985314052,-1.48408674959707,-9.76679999999964));
#2481=CARTESIAN_POINT('',(0.991348180127467,-2.77521020634371,-9.84544999999964));
#2482=CARTESIAN_POINT('',(-1.02955084892871,-2.76141029956221,-9.92409999999964));
#2483=CARTESIAN_POINT('',(-2.28814634143005,-1.68597569313203,-9.98851953752763));
#2484=CARTESIAN_POINT('',(-2.60759903102596,-0.807950504073921,-10.0267224083932));
#2485=CARTESIAN_POINT('',(-2.66329442748327,-0.523567586533661,-10.0387086125895));
#2486=EDGE_LOOP('',(#3765,#3766,#3767,#3768));
#2487=CARTESIAN_POINT('',(2.71405549043774,0.097201857550353,-7.58395305682027));
#2488=CARTESIAN_POINT('',(2.72944223574211,-0.368232649952285,-7.60321088068357));
#2489=CARTESIAN_POINT('',(2.48515336323959,-1.4775668700762,-7.64868537121334));
#2490=CARTESIAN_POINT('',(1.127540055521,-2.723885997139,-7.72037652841026));
#2491=CARTESIAN_POINT('',(-0.8922312554958,-2.809630845852,-7.79902652841026));
#2492=CARTESIAN_POINT('',(-2.492380713611,-1.574264354513,-7.87767652841026));
#2493=CARTESIAN_POINT('',(-2.92045927236,0.4014674843757,-7.95632652841026));
#2494=CARTESIAN_POINT('',(-1.975144031818,2.188391458018,-8.03497652841026));
#2495=CARTESIAN_POINT('',(-0.1009874249104,2.946193561672,-8.11362652841026));
#2496=CARTESIAN_POINT('',(1.820660269336,2.3185016932,-8.19227652841026));
#2497=CARTESIAN_POINT('',(2.886114230325,0.6004987258156,-8.27092652841026));
#2498=CARTESIAN_POINT('',(2.594328298745,-1.399898125241,-8.34957652841026));
#2499=CARTESIAN_POINT('',(1.082519309968,-2.74197119062,-8.42822652841026));
#2500=CARTESIAN_POINT('',(-0.9383611453108,-2.794589850641,-8.50687652841026));
#2501=CARTESIAN_POINT('',(-2.517962742487,-1.533009360245,-8.58552652840988));
#2502=CARTESIAN_POINT('',(-2.913453371285,0.4494925189317,-8.66417652841026));
#2503=CARTESIAN_POINT('',(-1.938847439741,2.220613581129,-8.74282652840988));
#2504=CARTESIAN_POINT('',(-0.0524684781399,2.947456722337,-8.82147652840988));
#2505=CARTESIAN_POINT('',(1.858584597739,2.28821270085,-8.90012652840988));
#2506=CARTESIAN_POINT('',(2.89560948782,0.5529012256062,-8.97877652840988));
#2507=CARTESIAN_POINT('',(2.570929180054,-1.442420612132,-9.05742652840979));
#2508=CARTESIAN_POINT('',(1.037229616511,-2.759421822587,-9.13607652840979));
#2509=CARTESIAN_POINT('',(-0.9842432346567,-2.778762192357,-9.21472652840979));
#2510=CARTESIAN_POINT('',(-2.542860465312,-1.491346618556,-9.29337652840979));
#2511=CARTESIAN_POINT('',(-2.905658184951,0.4973978110312,-9.37202652840979));
#2512=CARTESIAN_POINT('',(-1.902025162605,2.252233158118,-9.45067652840979));
#2513=CARTESIAN_POINT('',(-0.003935314020846,2.947921212673,-9.52932652840979));
#2514=CARTESIAN_POINT('',(1.896005019522,2.257302834336,-9.60797652840979));
#2515=CARTESIAN_POINT('',(2.904320221908,0.5051559671427,-9.68662652840979));
#2516=CARTESIAN_POINT('',(2.546831676618,-1.484559965258,-9.76527652840979));
#2517=CARTESIAN_POINT('',(0.9916642812475,-2.77609510942,-9.84392652840979));
#2518=CARTESIAN_POINT('',(-1.029879131345,-2.762290802402,-9.92257652840976));
#2519=CARTESIAN_POINT('',(-2.43099037085823,-1.5650804807328,-9.99426768560718));
#2520=CARTESIAN_POINT('',(-2.71460707772153,-0.465143651287087,-10.0397421761369));
#2521=CARTESIAN_POINT('',(-2.71579548397532,0.000543604713622359,-10.0590000000016));
#2522=CARTESIAN_POINT('',(2.71405549043774,0.097201857550353,-7.61396870454684));
#2523=CARTESIAN_POINT('',(2.72944223574211,-0.368232649952285,-7.6332265284101));
#2524=CARTESIAN_POINT('',(2.48515336323959,-1.4775668700762,-7.67870101894002));
#2525=CARTESIAN_POINT('',(1.127540055521,-2.723885997139,-7.75039217613714));
#2526=CARTESIAN_POINT('',(-0.8922312554958,-2.809630845852,-7.82904217613714));
#2527=CARTESIAN_POINT('',(-2.492380713611,-1.574264354513,-7.90769217613714));
#2528=CARTESIAN_POINT('',(-2.92045927236,0.4014674843757,-7.98634217613714));
#2529=CARTESIAN_POINT('',(-1.975144031818,2.188391458018,-8.06499217613714));
#2530=CARTESIAN_POINT('',(-0.1009874249104,2.946193561672,-8.14364217613714));
#2531=CARTESIAN_POINT('',(1.820660269336,2.3185016932,-8.22229217613714));
#2532=CARTESIAN_POINT('',(2.886114230325,0.6004987258156,-8.30094217613714));
#2533=CARTESIAN_POINT('',(2.594328298745,-1.399898125241,-8.37959217613714));
#2534=CARTESIAN_POINT('',(1.082519309968,-2.74197119062,-8.45824217613714));
#2535=CARTESIAN_POINT('',(-0.9383611453108,-2.794589850641,-8.53689217613714));
#2536=CARTESIAN_POINT('',(-2.517962742487,-1.533009360245,-8.61554217613655));
#2537=CARTESIAN_POINT('',(-2.913453371285,0.4494925189317,-8.69419217613714));
#2538=CARTESIAN_POINT('',(-1.938847439741,2.220613581129,-8.77284217613655));
#2539=CARTESIAN_POINT('',(-0.0524684781399,2.947456722337,-8.85149217613655));
#2540=CARTESIAN_POINT('',(1.858584597739,2.28821270085,-8.93014217613655));
#2541=CARTESIAN_POINT('',(2.89560948782,0.5529012256062,-9.00879217613655));
#2542=CARTESIAN_POINT('',(2.570929180054,-1.442420612132,-9.08744217613629));
#2543=CARTESIAN_POINT('',(1.037229616511,-2.759421822587,-9.16609217613629));
#2544=CARTESIAN_POINT('',(-0.9842432346567,-2.778762192357,-9.24474217613629));
#2545=CARTESIAN_POINT('',(-2.542860465312,-1.491346618556,-9.32339217613629));
#2546=CARTESIAN_POINT('',(-2.905658184951,0.4973978110312,-9.40204217613629));
#2547=CARTESIAN_POINT('',(-1.902025162605,2.252233158118,-9.48069217613629));
#2548=CARTESIAN_POINT('',(-0.003935314020846,2.947921212673,-9.55934217613629));
#2549=CARTESIAN_POINT('',(1.896005019522,2.257302834336,-9.63799217613629));
#2550=CARTESIAN_POINT('',(2.904320221908,0.5051559671427,-9.71664217613629));
#2551=CARTESIAN_POINT('',(2.546831676618,-1.484559965258,-9.79529217613629));
#2552=CARTESIAN_POINT('',(0.9916642812475,-2.77609510942,-9.87394217613629));
#2553=CARTESIAN_POINT('',(-1.029879131345,-2.762290802402,-9.95259217613614));
#2554=CARTESIAN_POINT('',(-2.43099037085823,-1.5650804807328,-10.0242833333338));
#2555=CARTESIAN_POINT('',(-2.71460707772153,-0.465143651287087,-10.0697578238622));
#2556=CARTESIAN_POINT('',(-2.71579548397532,0.000543604713622359,-10.0890156477265));
#2557=CARTESIAN_POINT('',(2.71405549043774,0.097201857550353,-7.64398435227353));
#2558=CARTESIAN_POINT('',(2.72944223574211,-0.368232649952285,-7.66324217613668));
#2559=CARTESIAN_POINT('',(2.48515336323959,-1.4775668700762,-7.7087166666669));
#2560=CARTESIAN_POINT('',(1.127540055521,-2.723885997139,-7.78040782386371));
#2561=CARTESIAN_POINT('',(-0.8922312554958,-2.809630845852,-7.85905782386371));
#2562=CARTESIAN_POINT('',(-2.492380713611,-1.574264354513,-7.93770782386371));
#2563=CARTESIAN_POINT('',(-2.92045927236,0.4014674843757,-8.01635782386371));
#2564=CARTESIAN_POINT('',(-1.975144031818,2.188391458018,-8.09500782386371));
#2565=CARTESIAN_POINT('',(-0.1009874249104,2.946193561672,-8.17365782386371));
#2566=CARTESIAN_POINT('',(1.820660269336,2.3185016932,-8.25230782386371));
#2567=CARTESIAN_POINT('',(2.886114230325,0.6004987258156,-8.33095782386371));
#2568=CARTESIAN_POINT('',(2.594328298745,-1.399898125241,-8.40960782386371));
#2569=CARTESIAN_POINT('',(1.082519309968,-2.74197119062,-8.48825782386371));
#2570=CARTESIAN_POINT('',(-0.9383611453108,-2.794589850641,-8.56690782386371));
#2571=CARTESIAN_POINT('',(-2.517962742487,-1.533009360245,-8.64555782386345));
#2572=CARTESIAN_POINT('',(-2.913453371285,0.4494925189317,-8.72420782386371));
#2573=CARTESIAN_POINT('',(-1.938847439741,2.220613581129,-8.80285782386345));
#2574=CARTESIAN_POINT('',(-0.0524684781399,2.947456722337,-8.88150782386345));
#2575=CARTESIAN_POINT('',(1.858584597739,2.28821270085,-8.96015782386345));
#2576=CARTESIAN_POINT('',(2.89560948782,0.5529012256062,-9.03880782386345));
#2577=CARTESIAN_POINT('',(2.570929180054,-1.442420612132,-9.11745782386286));
#2578=CARTESIAN_POINT('',(1.037229616511,-2.759421822587,-9.19610782386287));
#2579=CARTESIAN_POINT('',(-0.9842432346567,-2.778762192357,-9.27475782386287));
#2580=CARTESIAN_POINT('',(-2.542860465312,-1.491346618556,-9.35340782386287));
#2581=CARTESIAN_POINT('',(-2.905658184951,0.4973978110312,-9.43205782386286));
#2582=CARTESIAN_POINT('',(-1.902025162605,2.252233158118,-9.51070782386287));
#2583=CARTESIAN_POINT('',(-0.003935314020846,2.947921212673,-9.58935782386287));
#2584=CARTESIAN_POINT('',(1.896005019522,2.257302834336,-9.66800782386287));
#2585=CARTESIAN_POINT('',(2.904320221908,0.5051559671427,-9.74665782386286));
#2586=CARTESIAN_POINT('',(2.546831676618,-1.484559965258,-9.82530782386286));
#2587=CARTESIAN_POINT('',(0.9916642812475,-2.77609510942,-9.90395782386286));
#2588=CARTESIAN_POINT('',(-1.029879131345,-2.762290802402,-9.98260782386224));
#2589=CARTESIAN_POINT('',(-2.43099037085823,-1.5650804807328,-10.054298981059));
#2590=CARTESIAN_POINT('',(-2.71460707772153,-0.465143651287087,-10.0997734715877));
#2591=CARTESIAN_POINT('',(-2.71579548397532,0.000543604713622359,-10.1190312954517));
#2592=CARTESIAN_POINT('',(2.71405549043774,0.097201857550353,-7.6740000000001));
#2593=CARTESIAN_POINT('',(2.72944223574211,-0.368232649952285,-7.69325782386321));
#2594=CARTESIAN_POINT('',(2.48515336323959,-1.4775668700762,-7.73873231439355));
#2595=CARTESIAN_POINT('',(1.127540055521,-2.723885997139,-7.81042347159021));
#2596=CARTESIAN_POINT('',(-0.8922312554958,-2.809630845852,-7.88907347159021));
#2597=CARTESIAN_POINT('',(-2.492380713611,-1.574264354513,-7.96772347159021));
#2598=CARTESIAN_POINT('',(-2.92045927236,0.4014674843757,-8.04637347159021));
#2599=CARTESIAN_POINT('',(-1.975144031818,2.188391458018,-8.12502347159021));
#2600=CARTESIAN_POINT('',(-0.1009874249104,2.946193561672,-8.20367347159021));
#2601=CARTESIAN_POINT('',(1.820660269336,2.3185016932,-8.28232347159021));
#2602=CARTESIAN_POINT('',(2.886114230325,0.6004987258156,-8.36097347159021));
#2603=CARTESIAN_POINT('',(2.594328298745,-1.399898125241,-8.43962347159021));
#2604=CARTESIAN_POINT('',(1.082519309968,-2.74197119062,-8.51827347159021));
#2605=CARTESIAN_POINT('',(-0.9383611453108,-2.794589850641,-8.59692347159021));
#2606=CARTESIAN_POINT('',(-2.517962742487,-1.533009360245,-8.67557347159012));
#2607=CARTESIAN_POINT('',(-2.913453371285,0.4494925189317,-8.75422347159021));
#2608=CARTESIAN_POINT('',(-1.938847439741,2.220613581129,-8.83287347159012));
#2609=CARTESIAN_POINT('',(-0.0524684781399,2.947456722337,-8.91152347159012));
#2610=CARTESIAN_POINT('',(1.858584597739,2.28821270085,-8.99017347159012));
#2611=CARTESIAN_POINT('',(2.89560948782,0.5529012256062,-9.06882347159012));
#2612=CARTESIAN_POINT('',(2.570929180054,-1.442420612132,-9.14747347158975));
#2613=CARTESIAN_POINT('',(1.037229616511,-2.759421822587,-9.22612347158974));
#2614=CARTESIAN_POINT('',(-0.9842432346567,-2.778762192357,-9.30477347158974));
#2615=CARTESIAN_POINT('',(-2.542860465312,-1.491346618556,-9.38342347158975));
#2616=CARTESIAN_POINT('',(-2.905658184951,0.4973978110312,-9.46207347158975));
#2617=CARTESIAN_POINT('',(-1.902025162605,2.252233158118,-9.54072347158975));
#2618=CARTESIAN_POINT('',(-0.003935314020846,2.947921212673,-9.61937347158974));
#2619=CARTESIAN_POINT('',(1.896005019522,2.257302834336,-9.69802347158975));
#2620=CARTESIAN_POINT('',(2.904320221908,0.5051559671427,-9.77667347158975));
#2621=CARTESIAN_POINT('',(2.546831676618,-1.484559965258,-9.85532347158974));
#2622=CARTESIAN_POINT('',(0.9916642812475,-2.77609510942,-9.93397347158974));
#2623=CARTESIAN_POINT('',(-1.029879131345,-2.762290802402,-10.0126234715871));
#2624=CARTESIAN_POINT('',(-2.43099037085823,-1.5650804807328,-10.0843146287838));
#2625=CARTESIAN_POINT('',(-2.71460707772153,-0.465143651287087,-10.1297891193154));
#2626=CARTESIAN_POINT('',(-2.71579548397532,0.000543604713622359,-10.1490469431784));
#2627=EDGE_LOOP('',(#3769,#3770,#3771,#3772));
#2628=CARTESIAN_POINT('',(-2.421847937823,-1.23127944876,-10.0061509243984));
#2629=CARTESIAN_POINT('',(-2.572315149229,-0.9353200660051,-10.0198821743984));
#2630=CARTESIAN_POINT('',(-2.763473570302,-0.2877222127455,-10.047344674401));
#2631=CARTESIAN_POINT('',(-2.682971869571,0.7219966410918,-10.088538424401));
#2632=CARTESIAN_POINT('',(-2.245876987141,1.635736077818,-10.129732174401));
#2633=CARTESIAN_POINT('',(-1.510295475617,2.332082929736,-10.170925924401));
#2634=CARTESIAN_POINT('',(-0.5739864337245,2.7184813193,-10.212119674401));
#2635=CARTESIAN_POINT('',(0.4386084042476,2.743578741251,-10.253313424401));
#2636=CARTESIAN_POINT('',(1.392909786731,2.40403907053,-10.294507174401));
#2637=CARTESIAN_POINT('',(2.162085642593,1.744989174773,-10.335700924401));
#2638=CARTESIAN_POINT('',(2.643908212696,0.8540204373395,-10.376894674401));
#2639=CARTESIAN_POINT('',(2.77434057394,-0.1504523966745,-10.418088424401));
#2640=CARTESIAN_POINT('',(2.536047536485,-1.1349292652,-10.459282174401));
#2641=CARTESIAN_POINT('',(1.960699579106,-1.96856767845,-10.500475924401));
#2642=CARTESIAN_POINT('',(1.124763667476,-2.540572423004,-10.541669674401));
#2643=CARTESIAN_POINT('',(0.1393403655878,-2.774920864944,-10.582863424401));
#2644=CARTESIAN_POINT('',(-0.8646020512123,-2.640466783966,-10.624057174401));
#2645=CARTESIAN_POINT('',(-1.753634013506,-2.15507988039,-10.665250924401));
#2646=CARTESIAN_POINT('',(-2.409598194793,-1.383270791942,-10.706444674401));
#2647=CARTESIAN_POINT('',(-2.745313281882,-0.4276172687214,-10.747638424401));
#2648=CARTESIAN_POINT('',(-2.716160859648,0.5848689842333,-10.788832174401));
#2649=CARTESIAN_POINT('',(-2.326015448248,1.519622873827,-10.830025924401));
#2650=CARTESIAN_POINT('',(-1.626729557788,2.252410373386,-10.871219674401));
#2651=CARTESIAN_POINT('',(-0.7112421990003,2.685839920442,-10.912413424401));
#2652=CARTESIAN_POINT('',(0.2987732304638,2.762306301139,-10.953607174401));
#2653=CARTESIAN_POINT('',(1.269080026788,2.471646704444,-10.994800924401));
#2654=CARTESIAN_POINT('',(2.070718971694,1.852491421538,-11.035994674401));
#2655=CARTESIAN_POINT('',(2.597147801848,0.9871296455242,-11.077188424401));
#2656=CARTESIAN_POINT('',(2.778401021852,-0.009427155022361,-11.118382174401));
#2657=CARTESIAN_POINT('',(2.590389645148,-1.00473115864,-11.159575924401));
#2658=CARTESIAN_POINT('',(2.058099266679,-1.866500298993,-11.200769674401));
#2659=CARTESIAN_POINT('',(1.252282356875,-2.480202834712,-11.241963424401));
#2660=CARTESIAN_POINT('',(0.406330984738155,-2.72735861804111,-11.2778050026369));
#2661=CARTESIAN_POINT('',(-0.131571546086139,-2.72107675710343,-11.2999153308727));
#2662=CARTESIAN_POINT('',(-0.332658098022536,-2.69631208072947,-11.3082944091085));
#2663=CARTESIAN_POINT('',(-2.421847937823,-1.23127944876,-10.0365148924261));
#2664=CARTESIAN_POINT('',(-2.572315149229,-0.9353200660051,-10.0502461424261));
#2665=CARTESIAN_POINT('',(-2.763473570302,-0.2877222127455,-10.0777086424267));
#2666=CARTESIAN_POINT('',(-2.682971869571,0.7219966410918,-10.1189023924267));
#2667=CARTESIAN_POINT('',(-2.245876987141,1.635736077818,-10.1600961424267));
#2668=CARTESIAN_POINT('',(-1.510295475617,2.332082929736,-10.2012898924267));
#2669=CARTESIAN_POINT('',(-0.5739864337245,2.7184813193,-10.2424836424267));
#2670=CARTESIAN_POINT('',(0.4386084042476,2.743578741251,-10.2836773924267));
#2671=CARTESIAN_POINT('',(1.392909786731,2.40403907053,-10.3248711424267));
#2672=CARTESIAN_POINT('',(2.162085642593,1.744989174773,-10.3660648924267));
#2673=CARTESIAN_POINT('',(2.643908212696,0.8540204373395,-10.4072586424267));
#2674=CARTESIAN_POINT('',(2.77434057394,-0.1504523966745,-10.4484523924267));
#2675=CARTESIAN_POINT('',(2.536047536485,-1.1349292652,-10.4896461424267));
#2676=CARTESIAN_POINT('',(1.960699579106,-1.96856767845,-10.5308398924267));
#2677=CARTESIAN_POINT('',(1.124763667476,-2.540572423004,-10.5720336424267));
#2678=CARTESIAN_POINT('',(0.1393403655878,-2.774920864944,-10.6132273924267));
#2679=CARTESIAN_POINT('',(-0.8646020512123,-2.640466783966,-10.6544211424267));
#2680=CARTESIAN_POINT('',(-1.753634013506,-2.15507988039,-10.6956148924267));
#2681=CARTESIAN_POINT('',(-2.409598194793,-1.383270791942,-10.7368086424267));
#2682=CARTESIAN_POINT('',(-2.745313281882,-0.4276172687214,-10.7780023924267));
#2683=CARTESIAN_POINT('',(-2.716160859648,0.5848689842333,-10.8191961424267));
#2684=CARTESIAN_POINT('',(-2.326015448248,1.519622873827,-10.8603898924267));
#2685=CARTESIAN_POINT('',(-1.626729557788,2.252410373386,-10.9015836424267));
#2686=CARTESIAN_POINT('',(-0.7112421990003,2.685839920442,-10.9427773924267));
#2687=CARTESIAN_POINT('',(0.2987732304638,2.762306301139,-10.9839711424267));
#2688=CARTESIAN_POINT('',(1.269080026788,2.471646704444,-11.0251648924267));
#2689=CARTESIAN_POINT('',(2.070718971694,1.852491421538,-11.0663586424267));
#2690=CARTESIAN_POINT('',(2.597147801848,0.9871296455242,-11.1075523924267));
#2691=CARTESIAN_POINT('',(2.778401021852,-0.009427155022361,-11.1487461424267));
#2692=CARTESIAN_POINT('',(2.590389645148,-1.00473115864,-11.1899398924267));
#2693=CARTESIAN_POINT('',(2.058099266679,-1.866500298993,-11.2311336424267));
#2694=CARTESIAN_POINT('',(1.252282356875,-2.480202834712,-11.2723273924267));
#2695=CARTESIAN_POINT('',(0.406330984738155,-2.72735861804111,-11.3081689706626));
#2696=CARTESIAN_POINT('',(-0.131571546086139,-2.72107675710343,-11.3302792988984));
#2697=CARTESIAN_POINT('',(-0.332658098022536,-2.69631208072947,-11.3386583771342));
#2698=CARTESIAN_POINT('',(-2.421847937823,-1.23127944876,-10.0668788604523));
#2699=CARTESIAN_POINT('',(-2.572315149229,-0.9353200660051,-10.0806101104523));
#2700=CARTESIAN_POINT('',(-2.763473570302,-0.2877222127455,-10.1080726104524));
#2701=CARTESIAN_POINT('',(-2.682971869571,0.7219966410918,-10.1492663604524));
#2702=CARTESIAN_POINT('',(-2.245876987141,1.635736077818,-10.1904601104524));
#2703=CARTESIAN_POINT('',(-1.510295475617,2.332082929736,-10.2316538604524));
#2704=CARTESIAN_POINT('',(-0.5739864337245,2.7184813193,-10.2728476104524));
#2705=CARTESIAN_POINT('',(0.4386084042476,2.743578741251,-10.3140413604524));
#2706=CARTESIAN_POINT('',(1.392909786731,2.40403907053,-10.3552351104524));
#2707=CARTESIAN_POINT('',(2.162085642593,1.744989174773,-10.3964288604525));
#2708=CARTESIAN_POINT('',(2.643908212696,0.8540204373395,-10.4376226104524));
#2709=CARTESIAN_POINT('',(2.77434057394,-0.1504523966745,-10.4788163604525));
#2710=CARTESIAN_POINT('',(2.536047536485,-1.1349292652,-10.5200101104524));
#2711=CARTESIAN_POINT('',(1.960699579106,-1.96856767845,-10.5612038604524));
#2712=CARTESIAN_POINT('',(1.124763667476,-2.540572423004,-10.6023976104525));
#2713=CARTESIAN_POINT('',(0.1393403655878,-2.774920864944,-10.6435913604524));
#2714=CARTESIAN_POINT('',(-0.8646020512123,-2.640466783966,-10.6847851104525));
#2715=CARTESIAN_POINT('',(-1.753634013506,-2.15507988039,-10.7259788604524));
#2716=CARTESIAN_POINT('',(-2.409598194793,-1.383270791942,-10.7671726104524));
#2717=CARTESIAN_POINT('',(-2.745313281882,-0.4276172687214,-10.8083663604524));
#2718=CARTESIAN_POINT('',(-2.716160859648,0.5848689842333,-10.8495601104524));
#2719=CARTESIAN_POINT('',(-2.326015448248,1.519622873827,-10.8907538604524));
#2720=CARTESIAN_POINT('',(-1.626729557788,2.252410373386,-10.9319476104524));
#2721=CARTESIAN_POINT('',(-0.7112421990003,2.685839920442,-10.9731413604524));
#2722=CARTESIAN_POINT('',(0.2987732304638,2.762306301139,-11.0143351104525));
#2723=CARTESIAN_POINT('',(1.269080026788,2.471646704444,-11.0555288604524));
#2724=CARTESIAN_POINT('',(2.070718971694,1.852491421538,-11.0967226104524));
#2725=CARTESIAN_POINT('',(2.597147801848,0.9871296455242,-11.1379163604524));
#2726=CARTESIAN_POINT('',(2.778401021852,-0.009427155022361,-11.1791101104524));
#2727=CARTESIAN_POINT('',(2.590389645148,-1.00473115864,-11.2203038604525));
#2728=CARTESIAN_POINT('',(2.058099266679,-1.866500298993,-11.2614976104524));
#2729=CARTESIAN_POINT('',(1.252282356875,-2.480202834712,-11.3026913604524));
#2730=CARTESIAN_POINT('',(0.406330984738155,-2.72735861804111,-11.3385329386883));
#2731=CARTESIAN_POINT('',(-0.131571546086139,-2.72107675710343,-11.3606432669241));
#2732=CARTESIAN_POINT('',(-0.332658098022536,-2.69631208072947,-11.3690223451599));
#2733=CARTESIAN_POINT('',(-2.421847937823,-1.23127944876,-10.0972428284781));
#2734=CARTESIAN_POINT('',(-2.572315149229,-0.9353200660051,-10.1109740784781));
#2735=CARTESIAN_POINT('',(-2.763473570302,-0.2877222127455,-10.1384365784782));
#2736=CARTESIAN_POINT('',(-2.682971869571,0.7219966410918,-10.1796303284782));
#2737=CARTESIAN_POINT('',(-2.245876987141,1.635736077818,-10.2208240784782));
#2738=CARTESIAN_POINT('',(-1.510295475617,2.332082929736,-10.2620178284782));
#2739=CARTESIAN_POINT('',(-0.5739864337245,2.7184813193,-10.3032115784782));
#2740=CARTESIAN_POINT('',(0.4386084042476,2.743578741251,-10.3444053284782));
#2741=CARTESIAN_POINT('',(1.392909786731,2.40403907053,-10.3855990784782));
#2742=CARTESIAN_POINT('',(2.162085642593,1.744989174773,-10.4267928284782));
#2743=CARTESIAN_POINT('',(2.643908212696,0.8540204373395,-10.4679865784782));
#2744=CARTESIAN_POINT('',(2.77434057394,-0.1504523966745,-10.5091803284782));
#2745=CARTESIAN_POINT('',(2.536047536485,-1.1349292652,-10.5503740784782));
#2746=CARTESIAN_POINT('',(1.960699579106,-1.96856767845,-10.5915678284782));
#2747=CARTESIAN_POINT('',(1.124763667476,-2.540572423004,-10.6327615784782));
#2748=CARTESIAN_POINT('',(0.1393403655878,-2.774920864944,-10.6739553284782));
#2749=CARTESIAN_POINT('',(-0.8646020512123,-2.640466783966,-10.7151490784782));
#2750=CARTESIAN_POINT('',(-1.753634013506,-2.15507988039,-10.7563428284782));
#2751=CARTESIAN_POINT('',(-2.409598194793,-1.383270791942,-10.7975365784782));
#2752=CARTESIAN_POINT('',(-2.745313281882,-0.4276172687214,-10.8387303284782));
#2753=CARTESIAN_POINT('',(-2.716160859648,0.5848689842333,-10.8799240784782));
#2754=CARTESIAN_POINT('',(-2.326015448248,1.519622873827,-10.9211178284782));
#2755=CARTESIAN_POINT('',(-1.626729557788,2.252410373386,-10.9623115784782));
#2756=CARTESIAN_POINT('',(-0.7112421990003,2.685839920442,-11.0035053284782));
#2757=CARTESIAN_POINT('',(0.2987732304638,2.762306301139,-11.0446990784782));
#2758=CARTESIAN_POINT('',(1.269080026788,2.471646704444,-11.0858928284782));
#2759=CARTESIAN_POINT('',(2.070718971694,1.852491421538,-11.1270865784782));
#2760=CARTESIAN_POINT('',(2.597147801848,0.9871296455242,-11.1682803284782));
#2761=CARTESIAN_POINT('',(2.778401021852,-0.009427155022361,-11.2094740784782));
#2762=CARTESIAN_POINT('',(2.590389645148,-1.00473115864,-11.2506678284782));
#2763=CARTESIAN_POINT('',(2.058099266679,-1.866500298993,-11.2918615784782));
#2764=CARTESIAN_POINT('',(1.252282356875,-2.480202834712,-11.3330553284782));
#2765=CARTESIAN_POINT('',(0.406330984738155,-2.72735861804111,-11.368896906714));
#2766=CARTESIAN_POINT('',(-0.131571546086139,-2.72107675710343,-11.3910072349498));
#2767=CARTESIAN_POINT('',(-0.332658098022536,-2.69631208072947,-11.3993863131857));
#2768=EDGE_LOOP('',(#3773,#3774,#3775,#3776));
#2769=AXIS2_PLACEMENT_3D('',#3777,#3778,#3779);
#2770=EDGE_LOOP('',(#3780,#3781,#3782,#3783));
#2771=AXIS2_PLACEMENT_3D('',#3784,#3785,#3786);
#2772=EDGE_LOOP('',(#3787,#3788));
#2773=EDGE_LOOP('',(#3789,#3790));
#2774=AXIS2_PLACEMENT_3D('',#3791,#3792,#3793);
#2775=EDGE_LOOP('',(#3794,#3795,#3796,#3797));
#2776=AXIS2_PLACEMENT_3D('',#3798,#3799,#3800);
#2777=EDGE_LOOP('',(#3801,#3802,#3803,#3804));
#2778=AXIS2_PLACEMENT_3D('',#3805,#3806,#3807);
#2779=EDGE_LOOP('',(#3808,#3809,#3810,#3811));
#2780=AXIS2_PLACEMENT_3D('',#3812,#3813,#3814);
#2781=EDGE_LOOP('',(#3815,#3816));
#2782=EDGE_LOOP('',(#3817,#3818));
#2783=AXIS2_PLACEMENT_3D('',#3819,#3820,#3821);
#2784=EDGE_LOOP('',(#3822,#3823,#3824,#3825));
#2785=AXIS2_PLACEMENT_3D('',#3826,#3827,#3828);
#2786=EDGE_LOOP('',(#3829,#3830,#3831,#3832));
#2787=AXIS2_PLACEMENT_3D('',#3833,#3834,#3835);
#2788=EDGE_LOOP('',(#3836,#3837));
#2789=AXIS2_PLACEMENT_3D('',#3838,#3839,#3840);
#2790=ORIENTED_EDGE('',*,*,#3841,.F.);
#2791=ORIENTED_EDGE('',*,*,#3842,.F.);
#2792=ORIENTED_EDGE('',*,*,#3843,.T.);
#2793=ORIENTED_EDGE('',*,*,#3844,.T.);
#2794=ORIENTED_EDGE('',*,*,#3845,.F.);
#2795=CARTESIAN_POINT('',(0.0,0.0,0.565));
#2796=DIRECTION('',(-0.0,0.0,1.0));
#2797=DIRECTION('',(0.0,-1.0,0.0));
#2798=ORIENTED_EDGE('',*,*,#3846,.F.);
#2799=ORIENTED_EDGE('',*,*,#3847,.F.);
#2800=ORIENTED_EDGE('',*,*,#3848,.T.);
#2801=ORIENTED_EDGE('',*,*,#3849,.F.);
#2802=CARTESIAN_POINT('',(0.0,0.0,0.565));
#2803=DIRECTION('',(-0.0,0.0,1.0));
#2804=DIRECTION('',(0.0,-1.0,0.0));
#2805=ORIENTED_EDGE('',*,*,#3846,.T.);
#2806=ORIENTED_EDGE('',*,*,#3850,.F.);
#2807=ORIENTED_EDGE('',*,*,#3851,.F.);
#2808=ORIENTED_EDGE('',*,*,#3852,.F.);
#2809=CARTESIAN_POINT('',(0.0,0.0,0.565));
#2810=DIRECTION('',(-0.0,0.0,1.0));
#2811=DIRECTION('',(0.0,-1.0,0.0));
#2812=ORIENTED_EDGE('',*,*,#3853,.T.);
#2813=ORIENTED_EDGE('',*,*,#3854,.T.);
#2814=ORIENTED_EDGE('',*,*,#3855,.F.);
#2815=ORIENTED_EDGE('',*,*,#3856,.T.);
#2816=ORIENTED_EDGE('',*,*,#3857,.T.);
#2817=CARTESIAN_POINT('',(0.0,0.0,0.565));
#2818=DIRECTION('',(-0.0,0.0,1.0));
#2819=DIRECTION('',(0.0,-1.0,0.0));
#2820=ORIENTED_EDGE('',*,*,#3858,.T.);
#2821=ORIENTED_EDGE('',*,*,#3859,.F.);
#2822=ORIENTED_EDGE('',*,*,#3860,.T.);
#2823=ORIENTED_EDGE('',*,*,#3861,.T.);
#2824=ORIENTED_EDGE('',*,*,#3862,.T.);
#2825=CARTESIAN_POINT('',(0.0,0.0,0.565));
#2826=DIRECTION('',(-0.0,0.0,1.0));
#2827=DIRECTION('',(0.0,-1.0,0.0));
#2828=ORIENTED_EDGE('',*,*,#3863,.T.);
#2829=ORIENTED_EDGE('',*,*,#3864,.T.);
#2830=ORIENTED_EDGE('',*,*,#3865,.F.);
#2831=ORIENTED_EDGE('',*,*,#3866,.T.);
#2832=CARTESIAN_POINT('',(0.0,0.0,0.565));
#2833=DIRECTION('',(-0.0,0.0,1.0));
#2834=DIRECTION('',(0.0,-1.0,0.0));
#2835=ORIENTED_EDGE('',*,*,#3867,.T.);
#2836=ORIENTED_EDGE('',*,*,#3868,.T.);
#2837=ORIENTED_EDGE('',*,*,#3869,.F.);
#2838=ORIENTED_EDGE('',*,*,#3870,.T.);
#2839=CARTESIAN_POINT('',(0.0,0.0,0.565));
#2840=DIRECTION('',(-0.0,0.0,1.0));
#2841=DIRECTION('',(0.0,-1.0,0.0));
#2842=ORIENTED_EDGE('',*,*,#3871,.F.);
#2843=ORIENTED_EDGE('',*,*,#3872,.T.);
#2844=ORIENTED_EDGE('',*,*,#3873,.T.);
#2845=ORIENTED_EDGE('',*,*,#3874,.T.);
#2846=CARTESIAN_POINT('',(0.0,0.0,0.565));
#2847=DIRECTION('',(-0.0,0.0,1.0));
#2848=DIRECTION('',(0.0,-1.0,0.0));
#2849=ORIENTED_EDGE('',*,*,#3875,.T.);
#2850=ORIENTED_EDGE('',*,*,#3876,.T.);
#2851=ORIENTED_EDGE('',*,*,#3877,.F.);
#2852=ORIENTED_EDGE('',*,*,#3878,.T.);
#2853=ORIENTED_EDGE('',*,*,#3879,.T.);
#2854=CARTESIAN_POINT('',(0.0,0.0,0.565));
#2855=DIRECTION('',(-0.0,0.0,1.0));
#2856=DIRECTION('',(0.0,-1.0,0.0));
#2857=ORIENTED_EDGE('',*,*,#3880,.T.);
#2858=ORIENTED_EDGE('',*,*,#3881,.T.);
#2859=ORIENTED_EDGE('',*,*,#3882,.F.);
#2860=ORIENTED_EDGE('',*,*,#3883,.T.);
#2861=CARTESIAN_POINT('',(0.0,0.0,0.565));
#2862=DIRECTION('',(-0.0,0.0,1.0));
#2863=DIRECTION('',(0.0,-1.0,0.0));
#2864=ORIENTED_EDGE('',*,*,#3884,.F.);
#2865=ORIENTED_EDGE('',*,*,#3885,.T.);
#2866=ORIENTED_EDGE('',*,*,#3886,.T.);
#2867=ORIENTED_EDGE('',*,*,#3887,.T.);
#2868=CARTESIAN_POINT('',(0.0,0.0,0.565));
#2869=DIRECTION('',(-0.0,0.0,1.0));
#2870=DIRECTION('',(0.0,-1.0,0.0));
#2871=ORIENTED_EDGE('',*,*,#3888,.T.);
#2872=ORIENTED_EDGE('',*,*,#3889,.F.);
#2873=ORIENTED_EDGE('',*,*,#3890,.T.);
#2874=ORIENTED_EDGE('',*,*,#3891,.T.);
#2875=ORIENTED_EDGE('',*,*,#3892,.T.);
#2876=CARTESIAN_POINT('',(0.0,0.0,0.565));
#2877=DIRECTION('',(-0.0,0.0,1.0));
#2878=DIRECTION('',(0.0,-1.0,0.0));
#2879=ORIENTED_EDGE('',*,*,#3893,.T.);
#2880=ORIENTED_EDGE('',*,*,#3844,.F.);
#2881=ORIENTED_EDGE('',*,*,#3894,.T.);
#2882=ORIENTED_EDGE('',*,*,#3895,.T.);
#2883=CARTESIAN_POINT('',(0.0,0.0,0.565));
#2884=DIRECTION('',(-0.0,0.0,1.0));
#2885=DIRECTION('',(0.0,-1.0,0.0));
#2886=ORIENTED_EDGE('',*,*,#3896,.T.);
#2887=ORIENTED_EDGE('',*,*,#3897,.F.);
#2888=ORIENTED_EDGE('',*,*,#3898,.T.);
#2889=ORIENTED_EDGE('',*,*,#3899,.T.);
#2890=CARTESIAN_POINT('',(0.0,0.0,0.565));
#2891=DIRECTION('',(-0.0,0.0,1.0));
#2892=DIRECTION('',(0.0,-1.0,0.0));
#2893=ORIENTED_EDGE('',*,*,#3900,.T.);
#2894=ORIENTED_EDGE('',*,*,#3901,.F.);
#2895=ORIENTED_EDGE('',*,*,#3902,.T.);
#2896=ORIENTED_EDGE('',*,*,#3903,.T.);
#2897=CARTESIAN_POINT('',(0.0,0.0,0.565));
#2898=DIRECTION('',(-0.0,0.0,1.0));
#2899=DIRECTION('',(0.0,-1.0,0.0));
#2900=ORIENTED_EDGE('',*,*,#3904,.T.);
#2901=ORIENTED_EDGE('',*,*,#3905,.F.);
#2902=ORIENTED_EDGE('',*,*,#3906,.T.);
#2903=ORIENTED_EDGE('',*,*,#3907,.T.);
#2904=CARTESIAN_POINT('',(0.0,0.0,0.565));
#2905=DIRECTION('',(-0.0,0.0,1.0));
#2906=DIRECTION('',(0.0,-1.0,0.0));
#2907=ORIENTED_EDGE('',*,*,#3908,.T.);
#2908=ORIENTED_EDGE('',*,*,#3909,.T.);
#2909=ORIENTED_EDGE('',*,*,#3862,.F.);
#2910=ORIENTED_EDGE('',*,*,#3910,.F.);
#2911=ORIENTED_EDGE('',*,*,#3854,.F.);
#2912=ORIENTED_EDGE('',*,*,#3911,.F.);
#2913=ORIENTED_EDGE('',*,*,#3850,.T.);
#2914=ORIENTED_EDGE('',*,*,#3849,.T.);
#2915=ORIENTED_EDGE('',*,*,#3912,.F.);
#2916=ORIENTED_EDGE('',*,*,#3913,.T.);
#2917=ORIENTED_EDGE('',*,*,#3912,.T.);
#2918=ORIENTED_EDGE('',*,*,#3848,.F.);
#2919=ORIENTED_EDGE('',*,*,#3914,.T.);
#2920=ORIENTED_EDGE('',*,*,#3915,.F.);
#2921=ORIENTED_EDGE('',*,*,#3916,.F.);
#2922=ORIENTED_EDGE('',*,*,#3917,.T.);
#2923=ORIENTED_EDGE('',*,*,#3918,.T.);
#2924=CARTESIAN_POINT('',(0.0,1.192504147874E-14,-1.0375));
#2925=DIRECTION('',(0.0,-0.0,-1.0));
#2926=DIRECTION('',(0.0,-1.0,0.0));
#2927=ORIENTED_EDGE('',*,*,#3919,.F.);
#2928=ORIENTED_EDGE('',*,*,#3914,.F.);
#2929=ORIENTED_EDGE('',*,*,#3847,.T.);
#2930=ORIENTED_EDGE('',*,*,#3852,.T.);
#2931=ORIENTED_EDGE('',*,*,#3920,.F.);
#2932=ORIENTED_EDGE('',*,*,#3857,.F.);
#2933=ORIENTED_EDGE('',*,*,#3921,.T.);
#2934=ORIENTED_EDGE('',*,*,#3922,.F.);
#2935=ORIENTED_EDGE('',*,*,#3918,.F.);
#2936=ORIENTED_EDGE('',*,*,#3922,.T.);
#2937=ORIENTED_EDGE('',*,*,#3923,.T.);
#2938=ORIENTED_EDGE('',*,*,#3908,.F.);
#2939=ORIENTED_EDGE('',*,*,#3913,.F.);
#2940=ORIENTED_EDGE('',*,*,#3924,.T.);
#2941=ORIENTED_EDGE('',*,*,#3925,.T.);
#2942=ORIENTED_EDGE('',*,*,#3926,.F.);
#2943=ORIENTED_EDGE('',*,*,#3923,.F.);
#2944=ORIENTED_EDGE('',*,*,#3927,.F.);
#2945=ORIENTED_EDGE('',*,*,#3868,.F.);
#2946=ORIENTED_EDGE('',*,*,#3928,.F.);
#2947=ORIENTED_EDGE('',*,*,#3864,.F.);
#2948=ORIENTED_EDGE('',*,*,#3929,.F.);
#2949=ORIENTED_EDGE('',*,*,#3858,.F.);
#2950=ORIENTED_EDGE('',*,*,#3909,.F.);
#2951=ORIENTED_EDGE('',*,*,#3926,.T.);
#2952=ORIENTED_EDGE('',*,*,#3930,.T.);
#2953=ORIENTED_EDGE('',*,*,#3931,.F.);
#2954=ORIENTED_EDGE('',*,*,#3874,.F.);
#2955=ORIENTED_EDGE('',*,*,#3851,.T.);
#2956=ORIENTED_EDGE('',*,*,#3911,.T.);
#2957=ORIENTED_EDGE('',*,*,#3853,.F.);
#2958=ORIENTED_EDGE('',*,*,#3920,.T.);
#2959=CARTESIAN_POINT('',(0.0,0.0,0.565));
#2960=DIRECTION('',(-0.0,0.0,1.0));
#2961=DIRECTION('',(0.0,-1.0,0.0));
#2962=ORIENTED_EDGE('',*,*,#3861,.F.);
#2963=ORIENTED_EDGE('',*,*,#3932,.T.);
#2964=ORIENTED_EDGE('',*,*,#3855,.T.);
#2965=ORIENTED_EDGE('',*,*,#3910,.T.);
#2966=CARTESIAN_POINT('',(0.0,0.0,0.565));
#2967=DIRECTION('',(-0.0,0.0,1.0));
#2968=DIRECTION('',(0.0,-1.0,0.0));
#2969=ORIENTED_EDGE('',*,*,#3865,.T.);
#2970=ORIENTED_EDGE('',*,*,#3928,.T.);
#2971=ORIENTED_EDGE('',*,*,#3867,.F.);
#2972=ORIENTED_EDGE('',*,*,#3933,.T.);
#2973=CARTESIAN_POINT('',(0.0,0.0,0.565));
#2974=DIRECTION('',(-0.0,0.0,1.0));
#2975=DIRECTION('',(0.0,-1.0,0.0));
#2976=ORIENTED_EDGE('',*,*,#3869,.T.);
#2977=ORIENTED_EDGE('',*,*,#3927,.T.);
#2978=ORIENTED_EDGE('',*,*,#3873,.F.);
#2979=ORIENTED_EDGE('',*,*,#3934,.T.);
#2980=ORIENTED_EDGE('',*,*,#3935,.T.);
#2981=CARTESIAN_POINT('',(0.0,0.0,0.565));
#2982=DIRECTION('',(-0.0,0.0,1.0));
#2983=DIRECTION('',(0.0,-1.0,0.0));
#2984=ORIENTED_EDGE('',*,*,#3863,.F.);
#2985=ORIENTED_EDGE('',*,*,#3936,.T.);
#2986=ORIENTED_EDGE('',*,*,#3859,.T.);
#2987=ORIENTED_EDGE('',*,*,#3929,.T.);
#2988=CARTESIAN_POINT('',(0.0,0.0,0.565));
#2989=DIRECTION('',(-0.0,0.0,1.0));
#2990=DIRECTION('',(0.0,-1.0,0.0));
#2991=ORIENTED_EDGE('',*,*,#3937,.T.);
#2992=ORIENTED_EDGE('',*,*,#3880,.F.);
#2993=ORIENTED_EDGE('',*,*,#3938,.T.);
#2994=ORIENTED_EDGE('',*,*,#3871,.T.);
#2995=ORIENTED_EDGE('',*,*,#3931,.T.);
#2996=CARTESIAN_POINT('',(0.0,0.0,0.565));
#2997=DIRECTION('',(-0.0,0.0,1.0));
#2998=DIRECTION('',(0.0,-1.0,0.0));
#2999=ORIENTED_EDGE('',*,*,#3882,.T.);
#3000=ORIENTED_EDGE('',*,*,#3939,.T.);
#3001=ORIENTED_EDGE('',*,*,#3886,.F.);
#3002=ORIENTED_EDGE('',*,*,#3940,.T.);
#3003=CARTESIAN_POINT('',(0.0,0.0,0.565));
#3004=DIRECTION('',(-0.0,0.0,1.0));
#3005=DIRECTION('',(0.0,-1.0,0.0));
#3006=ORIENTED_EDGE('',*,*,#3875,.F.);
#3007=ORIENTED_EDGE('',*,*,#3941,.T.);
#3008=ORIENTED_EDGE('',*,*,#3884,.T.);
#3009=ORIENTED_EDGE('',*,*,#3942,.T.);
#3010=CARTESIAN_POINT('',(0.0,0.0,0.565));
#3011=DIRECTION('',(-0.0,0.0,1.0));
#3012=DIRECTION('',(0.0,-1.0,0.0));
#3013=ORIENTED_EDGE('',*,*,#3891,.F.);
#3014=ORIENTED_EDGE('',*,*,#3943,.T.);
#3015=ORIENTED_EDGE('',*,*,#3877,.T.);
#3016=ORIENTED_EDGE('',*,*,#3944,.T.);
#3017=CARTESIAN_POINT('',(0.0,0.0,0.565));
#3018=DIRECTION('',(-0.0,0.0,1.0));
#3019=DIRECTION('',(0.0,-1.0,0.0));
#3020=ORIENTED_EDGE('',*,*,#3945,.T.);
#3021=ORIENTED_EDGE('',*,*,#3897,.T.);
#3022=ORIENTED_EDGE('',*,*,#3946,.T.);
#3023=ORIENTED_EDGE('',*,*,#3947,.T.);
#3024=ORIENTED_EDGE('',*,*,#3895,.F.);
#3025=CARTESIAN_POINT('',(0.0,0.0,0.565));
#3026=DIRECTION('',(-0.0,0.0,1.0));
#3027=DIRECTION('',(0.0,-1.0,0.0));
#3028=ORIENTED_EDGE('',*,*,#3948,.T.);
#3029=ORIENTED_EDGE('',*,*,#3949,.T.);
#3030=ORIENTED_EDGE('',*,*,#3901,.T.);
#3031=ORIENTED_EDGE('',*,*,#3950,.T.);
#3032=ORIENTED_EDGE('',*,*,#3899,.F.);
#3033=CARTESIAN_POINT('',(0.0,0.0,0.565));
#3034=DIRECTION('',(-0.0,0.0,1.0));
#3035=DIRECTION('',(0.0,-1.0,0.0));
#3036=ORIENTED_EDGE('',*,*,#3951,.T.);
#3037=ORIENTED_EDGE('',*,*,#3905,.T.);
#3038=ORIENTED_EDGE('',*,*,#3952,.T.);
#3039=ORIENTED_EDGE('',*,*,#3903,.F.);
#3040=CARTESIAN_POINT('',(0.0,0.0,0.565));
#3041=DIRECTION('',(-0.0,0.0,1.0));
#3042=DIRECTION('',(0.0,-1.0,0.0));
#3043=ORIENTED_EDGE('',*,*,#3953,.T.);
#3044=ORIENTED_EDGE('',*,*,#3889,.T.);
#3045=ORIENTED_EDGE('',*,*,#3954,.T.);
#3046=ORIENTED_EDGE('',*,*,#3907,.F.);
#3047=CARTESIAN_POINT('',(0.0,0.0,0.565));
#3048=DIRECTION('',(-0.0,0.0,1.0));
#3049=DIRECTION('',(0.0,-1.0,0.0));
#3050=ORIENTED_EDGE('',*,*,#3841,.T.);
#3051=ORIENTED_EDGE('',*,*,#3955,.F.);
#3052=ORIENTED_EDGE('',*,*,#3956,.F.);
#3053=CARTESIAN_POINT('',(0.0,0.0,0.565));
#3054=DIRECTION('',(-0.0,0.0,1.0));
#3055=DIRECTION('',(0.0,-1.0,0.0));
#3056=ORIENTED_EDGE('',*,*,#3932,.F.);
#3057=ORIENTED_EDGE('',*,*,#3860,.F.);
#3058=ORIENTED_EDGE('',*,*,#3936,.F.);
#3059=ORIENTED_EDGE('',*,*,#3866,.F.);
#3060=ORIENTED_EDGE('',*,*,#3933,.F.);
#3061=ORIENTED_EDGE('',*,*,#3870,.F.);
#3062=ORIENTED_EDGE('',*,*,#3935,.F.);
#3063=ORIENTED_EDGE('',*,*,#3957,.T.);
#3064=ORIENTED_EDGE('',*,*,#3924,.F.);
#3065=ORIENTED_EDGE('',*,*,#3921,.F.);
#3066=ORIENTED_EDGE('',*,*,#3856,.F.);
#3067=ORIENTED_EDGE('',*,*,#3958,.T.);
#3068=ORIENTED_EDGE('',*,*,#3959,.F.);
#3069=ORIENTED_EDGE('',*,*,#3957,.F.);
#3070=ORIENTED_EDGE('',*,*,#3934,.F.);
#3071=ORIENTED_EDGE('',*,*,#3872,.F.);
#3072=ORIENTED_EDGE('',*,*,#3938,.F.);
#3073=ORIENTED_EDGE('',*,*,#3883,.F.);
#3074=ORIENTED_EDGE('',*,*,#3940,.F.);
#3075=ORIENTED_EDGE('',*,*,#3885,.F.);
#3076=ORIENTED_EDGE('',*,*,#3941,.F.);
#3077=ORIENTED_EDGE('',*,*,#3879,.F.);
#3078=ORIENTED_EDGE('',*,*,#3959,.T.);
#3079=ORIENTED_EDGE('',*,*,#3960,.T.);
#3080=ORIENTED_EDGE('',*,*,#3961,.F.);
#3081=ORIENTED_EDGE('',*,*,#3925,.F.);
#3082=ORIENTED_EDGE('',*,*,#3937,.F.);
#3083=ORIENTED_EDGE('',*,*,#3930,.F.);
#3084=ORIENTED_EDGE('',*,*,#3961,.T.);
#3085=ORIENTED_EDGE('',*,*,#3962,.T.);
#3086=ORIENTED_EDGE('',*,*,#3892,.F.);
#3087=ORIENTED_EDGE('',*,*,#3944,.F.);
#3088=ORIENTED_EDGE('',*,*,#3876,.F.);
#3089=ORIENTED_EDGE('',*,*,#3942,.F.);
#3090=ORIENTED_EDGE('',*,*,#3887,.F.);
#3091=ORIENTED_EDGE('',*,*,#3939,.F.);
#3092=ORIENTED_EDGE('',*,*,#3881,.F.);
#3093=ORIENTED_EDGE('',*,*,#3952,.F.);
#3094=ORIENTED_EDGE('',*,*,#3904,.F.);
#3095=ORIENTED_EDGE('',*,*,#3954,.F.);
#3096=ORIENTED_EDGE('',*,*,#3888,.F.);
#3097=ORIENTED_EDGE('',*,*,#3962,.F.);
#3098=ORIENTED_EDGE('',*,*,#3963,.T.);
#3099=ORIENTED_EDGE('',*,*,#3964,.T.);
#3100=ORIENTED_EDGE('',*,*,#3946,.F.);
#3101=ORIENTED_EDGE('',*,*,#3896,.F.);
#3102=ORIENTED_EDGE('',*,*,#3950,.F.);
#3103=ORIENTED_EDGE('',*,*,#3900,.F.);
#3104=ORIENTED_EDGE('',*,*,#3955,.T.);
#3105=ORIENTED_EDGE('',*,*,#3845,.T.);
#3106=ORIENTED_EDGE('',*,*,#3893,.F.);
#3107=ORIENTED_EDGE('',*,*,#3947,.F.);
#3108=ORIENTED_EDGE('',*,*,#3964,.F.);
#3109=ORIENTED_EDGE('',*,*,#3965,.T.);
#3110=ORIENTED_EDGE('',*,*,#3966,.F.);
#3111=ORIENTED_EDGE('',*,*,#3967,.T.);
#3112=ORIENTED_EDGE('',*,*,#3968,.T.);
#3113=ORIENTED_EDGE('',*,*,#3966,.T.);
#3114=ORIENTED_EDGE('',*,*,#3969,.T.);
#3115=ORIENTED_EDGE('',*,*,#3970,.T.);
#3116=ORIENTED_EDGE('',*,*,#3842,.T.);
#3117=ORIENTED_EDGE('',*,*,#3956,.T.);
#3118=CARTESIAN_POINT('',(0.0,0.0,-11.3));
#3119=DIRECTION('',(0.0,0.0,-1.0));
#3120=DIRECTION('',(0.0,-1.0,0.0));
#3121=ORIENTED_EDGE('',*,*,#3971,.F.);
#3122=ORIENTED_EDGE('',*,*,#3972,.F.);
#3123=ORIENTED_EDGE('',*,*,#3968,.F.);
#3124=ORIENTED_EDGE('',*,*,#3973,.F.);
#3125=ORIENTED_EDGE('',*,*,#3974,.F.);
#3126=ORIENTED_EDGE('',*,*,#3975,.T.);
#3127=ORIENTED_EDGE('',*,*,#3976,.F.);
#3128=ORIENTED_EDGE('',*,*,#3977,.F.);
#3129=ORIENTED_EDGE('',*,*,#3978,.T.);
#3130=CARTESIAN_POINT('',(0.0,0.0,-12.6));
#3131=DIRECTION('',(0.0,0.0,-1.0));
#3132=DIRECTION('',(1.0,0.0,0.0));
#3133=ORIENTED_EDGE('',*,*,#3979,.F.);
#3134=ORIENTED_EDGE('',*,*,#3980,.F.);
#3135=ORIENTED_EDGE('',*,*,#3981,.F.);
#3136=ORIENTED_EDGE('',*,*,#3982,.T.);
#3137=ORIENTED_EDGE('',*,*,#3983,.T.);
#3138=ORIENTED_EDGE('',*,*,#3984,.F.);
#3139=ORIENTED_EDGE('',*,*,#3985,.T.);
#3140=ORIENTED_EDGE('',*,*,#3986,.T.);
#3141=CARTESIAN_POINT('',(0.0,0.0,-12.6));
#3142=DIRECTION('',(0.0,0.0,1.0));
#3143=DIRECTION('',(1.0,0.0,0.0));
#3144=ORIENTED_EDGE('',*,*,#3987,.F.);
#3145=ORIENTED_EDGE('',*,*,#3988,.T.);
#3146=ORIENTED_EDGE('',*,*,#3989,.T.);
#3147=ORIENTED_EDGE('',*,*,#3990,.F.);
#3148=CARTESIAN_POINT('',(0.0,0.0,-12.6));
#3149=DIRECTION('',(0.0,0.0,1.0));
#3150=DIRECTION('',(1.0,0.0,0.0));
#3151=ORIENTED_EDGE('',*,*,#3991,.T.);
#3152=ORIENTED_EDGE('',*,*,#3975,.F.);
#3153=ORIENTED_EDGE('',*,*,#3992,.F.);
#3154=CARTESIAN_POINT('',(0.0,0.0,-12.6));
#3155=DIRECTION('',(0.0,0.0,1.0));
#3156=DIRECTION('',(1.0,0.0,0.0));
#3157=ORIENTED_EDGE('',*,*,#3993,.T.);
#3158=ORIENTED_EDGE('',*,*,#3978,.F.);
#3159=ORIENTED_EDGE('',*,*,#3994,.T.);
#3160=CARTESIAN_POINT('',(0.0,0.0,-12.6));
#3161=DIRECTION('',(0.0,0.0,1.0));
#3162=DIRECTION('',(1.0,0.0,0.0));
#3163=ORIENTED_EDGE('',*,*,#3986,.F.);
#3164=ORIENTED_EDGE('',*,*,#3995,.T.);
#3165=ORIENTED_EDGE('',*,*,#3996,.T.);
#3166=ORIENTED_EDGE('',*,*,#3997,.T.);
#3167=CARTESIAN_POINT('',(12.13994444734,-5.2,-12.8));
#3168=DIRECTION('',(1.0,-0.0,0.0));
#3169=DIRECTION('',(0.0,0.0,1.0));
#3170=ORIENTED_EDGE('',*,*,#3997,.F.);
#3171=ORIENTED_EDGE('',*,*,#3998,.T.);
#3172=ORIENTED_EDGE('',*,*,#3999,.T.);
#3173=ORIENTED_EDGE('',*,*,#4000,.F.);
#3174=CARTESIAN_POINT('',(-3.0,-5.2,24.7684));
#3175=DIRECTION('',(0.0,0.0,1.0));
#3176=DIRECTION('',(-1.0,0.0,0.0));
#3177=ORIENTED_EDGE('',*,*,#4001,.T.);
#3178=ORIENTED_EDGE('',*,*,#4002,.F.);
#3179=ORIENTED_EDGE('',*,*,#4003,.F.);
#3180=ORIENTED_EDGE('',*,*,#4004,.T.);
#3181=ORIENTED_EDGE('',*,*,#4005,.F.);
#3182=CARTESIAN_POINT('',(-3.2,3.2,-19.0));
#3183=DIRECTION('',(-1.0,0.0,0.0));
#3184=DIRECTION('',(0.0,0.0,1.0));
#3185=ORIENTED_EDGE('',*,*,#4006,.T.);
#3186=ORIENTED_EDGE('',*,*,#4007,.F.);
#3187=ORIENTED_EDGE('',*,*,#4008,.F.);
#3188=ORIENTED_EDGE('',*,*,#4009,.T.);
#3189=ORIENTED_EDGE('',*,*,#4010,.T.);
#3190=ORIENTED_EDGE('',*,*,#4011,.F.);
#3191=ORIENTED_EDGE('',*,*,#3979,.T.);
#3192=ORIENTED_EDGE('',*,*,#4000,.T.);
#3193=CARTESIAN_POINT('',(-3.2,3.2,-19.0));
#3194=DIRECTION('',(-1.0,0.0,0.0));
#3195=DIRECTION('',(0.0,0.0,1.0));
#3196=ORIENTED_EDGE('',*,*,#4012,.F.);
#3197=ORIENTED_EDGE('',*,*,#4013,.F.);
#3198=ORIENTED_EDGE('',*,*,#4014,.F.);
#3199=ORIENTED_EDGE('',*,*,#4005,.T.);
#3200=CARTESIAN_POINT('',(-3.1,-28.11427066262,-18.9));
#3201=DIRECTION('',(0.0,-1.0,-0.0));
#3202=DIRECTION('',(0.0,0.0,-1.0));
#3203=ORIENTED_EDGE('',*,*,#4015,.T.);
#3204=ORIENTED_EDGE('',*,*,#4014,.T.);
#3205=ORIENTED_EDGE('',*,*,#4016,.T.);
#3206=CARTESIAN_POINT('',(-3.1,-3.5,-18.9));
#3207=DIRECTION('',(0.707106781186548,-0.707106781186548,2.51214793389417E-14));
#3208=DIRECTION('',(-0.707106781186548,-0.707106781186548,-2.51214793389417E-14));
#3209=ORIENTED_EDGE('',*,*,#4016,.F.);
#3210=ORIENTED_EDGE('',*,*,#4017,.F.);
#3211=ORIENTED_EDGE('',*,*,#4018,.F.);
#3212=ORIENTED_EDGE('',*,*,#4019,.T.);
#3213=CARTESIAN_POINT('',(12.13994444734,-3.5,-18.9));
#3214=DIRECTION('',(1.0,-0.0,0.0));
#3215=DIRECTION('',(0.0,0.0,-1.0));
#3216=ORIENTED_EDGE('',*,*,#4020,.F.);
#3217=ORIENTED_EDGE('',*,*,#4021,.F.);
#3218=ORIENTED_EDGE('',*,*,#4019,.F.);
#3219=ORIENTED_EDGE('',*,*,#4022,.F.);
#3220=ORIENTED_EDGE('',*,*,#4023,.F.);
#3221=ORIENTED_EDGE('',*,*,#4024,.F.);
#3222=CARTESIAN_POINT('',(3.2,-3.6,0.0));
#3223=DIRECTION('',(-0.0,1.0,0.0));
#3224=DIRECTION('',(1.0,0.0,0.0));
#3225=ORIENTED_EDGE('',*,*,#4025,.T.);
#3226=ORIENTED_EDGE('',*,*,#4026,.F.);
#3227=ORIENTED_EDGE('',*,*,#4027,.F.);
#3228=ORIENTED_EDGE('',*,*,#4024,.T.);
#3229=CARTESIAN_POINT('',(0.0,-3.6,-15.8));
#3230=DIRECTION('',(0.0,-1.0,0.0));
#3231=DIRECTION('',(1.0,0.0,0.0));
#3232=ORIENTED_EDGE('',*,*,#4027,.T.);
#3233=ORIENTED_EDGE('',*,*,#4028,.F.);
#3234=ORIENTED_EDGE('',*,*,#4025,.F.);
#3235=ORIENTED_EDGE('',*,*,#4023,.T.);
#3236=CARTESIAN_POINT('',(0.0,-3.6,-15.8));
#3237=DIRECTION('',(0.0,-1.0,0.0));
#3238=DIRECTION('',(1.0,0.0,0.0));
#3239=ORIENTED_EDGE('',*,*,#4029,.F.);
#3240=ORIENTED_EDGE('',*,*,#3998,.F.);
#3241=ORIENTED_EDGE('',*,*,#3996,.F.);
#3242=ORIENTED_EDGE('',*,*,#4030,.F.);
#3243=ORIENTED_EDGE('',*,*,#4028,.T.);
#3244=ORIENTED_EDGE('',*,*,#4026,.T.);
#3245=CARTESIAN_POINT('',(3.2,-5.0,0.0));
#3246=DIRECTION('',(-0.0,1.0,0.0));
#3247=DIRECTION('',(1.0,0.0,0.0));
#3248=ORIENTED_EDGE('',*,*,#3995,.F.);
#3249=ORIENTED_EDGE('',*,*,#4031,.F.);
#3250=ORIENTED_EDGE('',*,*,#4032,.F.);
#3251=ORIENTED_EDGE('',*,*,#4030,.T.);
#3252=CARTESIAN_POINT('',(3.0,-5.2,-43.7684));
#3253=DIRECTION('',(0.0,0.0,-1.0));
#3254=DIRECTION('',(1.0,0.0,0.0));
#3255=ORIENTED_EDGE('',*,*,#4032,.T.);
#3256=ORIENTED_EDGE('',*,*,#4033,.F.);
#3257=ORIENTED_EDGE('',*,*,#3999,.F.);
#3258=ORIENTED_EDGE('',*,*,#4029,.T.);
#3259=CARTESIAN_POINT('',(-12.13994752468,-5.2,-18.8));
#3260=DIRECTION('',(-1.0,0.0,-0.0));
#3261=DIRECTION('',(0.0,0.0,-1.0));
#3262=ORIENTED_EDGE('',*,*,#4034,.T.);
#3263=ORIENTED_EDGE('',*,*,#4035,.F.);
#3264=ORIENTED_EDGE('',*,*,#4017,.T.);
#3265=ORIENTED_EDGE('',*,*,#4013,.T.);
#3266=ORIENTED_EDGE('',*,*,#4036,.F.);
#3267=ORIENTED_EDGE('',*,*,#4037,.F.);
#3268=CARTESIAN_POINT('',(0.0,0.0,-19.0));
#3269=DIRECTION('',(0.0,0.0,1.0));
#3270=DIRECTION('',(1.0,0.0,0.0));
#3271=ORIENTED_EDGE('',*,*,#4038,.T.);
#3272=ORIENTED_EDGE('',*,*,#4039,.F.);
#3273=ORIENTED_EDGE('',*,*,#4040,.F.);
#3274=ORIENTED_EDGE('',*,*,#4041,.F.);
#3275=ORIENTED_EDGE('',*,*,#4042,.T.);
#3276=ORIENTED_EDGE('',*,*,#4043,.F.);
#3277=ORIENTED_EDGE('',*,*,#4006,.F.);
#3278=ORIENTED_EDGE('',*,*,#4033,.T.);
#3279=CARTESIAN_POINT('',(0.0,0.0,-19.0));
#3280=DIRECTION('',(0.0,0.0,1.0));
#3281=DIRECTION('',(1.0,0.0,0.0));
#3282=ORIENTED_EDGE('',*,*,#4044,.T.);
#3283=ORIENTED_EDGE('',*,*,#4045,.F.);
#3284=ORIENTED_EDGE('',*,*,#4046,.F.);
#3285=ORIENTED_EDGE('',*,*,#4037,.T.);
#3286=CARTESIAN_POINT('',(0.0,0.0,-19.0));
#3287=DIRECTION('',(0.0,0.0,1.0));
#3288=DIRECTION('',(-1.0,0.0,0.0));
#3289=ORIENTED_EDGE('',*,*,#4046,.T.);
#3290=ORIENTED_EDGE('',*,*,#4047,.F.);
#3291=ORIENTED_EDGE('',*,*,#4044,.F.);
#3292=ORIENTED_EDGE('',*,*,#4036,.T.);
#3293=CARTESIAN_POINT('',(0.0,0.0,-19.0));
#3294=DIRECTION('',(0.0,0.0,1.0));
#3295=DIRECTION('',(-1.0,0.0,0.0));
#3296=ORIENTED_EDGE('',*,*,#4047,.T.);
#3297=ORIENTED_EDGE('',*,*,#4045,.T.);
#3298=CARTESIAN_POINT('',(0.0,0.0,-18.8));
#3299=DIRECTION('',(0.0,0.0,-1.0));
#3300=DIRECTION('',(0.0,-1.0,0.0));
#3301=ORIENTED_EDGE('',*,*,#4048,.F.);
#3302=ORIENTED_EDGE('',*,*,#4049,.F.);
#3303=ORIENTED_EDGE('',*,*,#4050,.F.);
#3304=ORIENTED_EDGE('',*,*,#4035,.T.);
#3305=CARTESIAN_POINT('',(3.1,-28.11427066262,-18.9));
#3306=DIRECTION('',(0.0,-1.0,0.0));
#3307=DIRECTION('',(1.0,0.0,0.0));
#3308=ORIENTED_EDGE('',*,*,#4018,.T.);
#3309=ORIENTED_EDGE('',*,*,#4050,.T.);
#3310=ORIENTED_EDGE('',*,*,#4051,.T.);
#3311=CARTESIAN_POINT('',(3.1,-3.5,-18.9));
#3312=DIRECTION('',(0.0,-0.707106781186598,0.707106781186498));
#3313=DIRECTION('',(0.0,-0.707106781186498,-0.707106781186598));
#3314=ORIENTED_EDGE('',*,*,#4052,.F.);
#3315=ORIENTED_EDGE('',*,*,#4022,.T.);
#3316=ORIENTED_EDGE('',*,*,#4051,.F.);
#3317=ORIENTED_EDGE('',*,*,#4053,.F.);
#3318=CARTESIAN_POINT('',(3.1,-3.5,24.7684));
#3319=DIRECTION('',(-0.0,0.0,1.0));
#3320=DIRECTION('',(1.0,0.0,0.0));
#3321=ORIENTED_EDGE('',*,*,#4054,.F.);
#3322=ORIENTED_EDGE('',*,*,#4055,.T.);
#3323=ORIENTED_EDGE('',*,*,#4056,.T.);
#3324=ORIENTED_EDGE('',*,*,#4053,.T.);
#3325=ORIENTED_EDGE('',*,*,#4049,.T.);
#3326=CARTESIAN_POINT('',(3.2,-6.0,-19.0));
#3327=DIRECTION('',(1.0,0.0,0.0));
#3328=DIRECTION('',(0.0,1.0,0.0));
#3329=ORIENTED_EDGE('',*,*,#3985,.F.);
#3330=ORIENTED_EDGE('',*,*,#4057,.F.);
#3331=ORIENTED_EDGE('',*,*,#4058,.F.);
#3332=ORIENTED_EDGE('',*,*,#4059,.F.);
#3333=ORIENTED_EDGE('',*,*,#4060,.T.);
#3334=ORIENTED_EDGE('',*,*,#4061,.F.);
#3335=ORIENTED_EDGE('',*,*,#4038,.F.);
#3336=ORIENTED_EDGE('',*,*,#4031,.T.);
#3337=CARTESIAN_POINT('',(3.2,-6.0,-19.0));
#3338=DIRECTION('',(1.0,0.0,0.0));
#3339=DIRECTION('',(0.0,1.0,0.0));
#3340=ORIENTED_EDGE('',*,*,#4062,.F.);
#3341=ORIENTED_EDGE('',*,*,#3992,.T.);
#3342=ORIENTED_EDGE('',*,*,#3974,.T.);
#3343=ORIENTED_EDGE('',*,*,#4055,.F.);
#3344=CARTESIAN_POINT('',(3.1,21.17971302425,-12.7));
#3345=DIRECTION('',(0.0,1.0,-0.0));
#3346=DIRECTION('',(1.0,0.0,0.0));
#3347=ORIENTED_EDGE('',*,*,#4056,.F.);
#3348=ORIENTED_EDGE('',*,*,#4063,.T.);
#3349=ORIENTED_EDGE('',*,*,#3990,.T.);
#3350=ORIENTED_EDGE('',*,*,#4064,.F.);
#3351=CARTESIAN_POINT('',(3.1,21.17971302425,-12.7));
#3352=DIRECTION('',(0.0,1.0,-0.0));
#3353=DIRECTION('',(1.0,0.0,0.0));
#3354=ORIENTED_EDGE('',*,*,#4065,.T.);
#3355=ORIENTED_EDGE('',*,*,#4066,.T.);
#3356=ORIENTED_EDGE('',*,*,#4062,.T.);
#3357=CARTESIAN_POINT('',(3.1,3.1,-12.7));
#3358=DIRECTION('',(-0.707106781186548,0.0,0.707106781186548));
#3359=DIRECTION('',(0.707106781186548,0.0,0.707106781186548));
#3360=ORIENTED_EDGE('',*,*,#3976,.T.);
#3361=ORIENTED_EDGE('',*,*,#3991,.F.);
#3362=ORIENTED_EDGE('',*,*,#4066,.F.);
#3363=ORIENTED_EDGE('',*,*,#4067,.T.);
#3364=CARTESIAN_POINT('',(12.13994444734,3.1,-12.7));
#3365=DIRECTION('',(1.0,-0.0,0.0));
#3366=DIRECTION('',(0.0,0.0,1.0));
#3367=ORIENTED_EDGE('',*,*,#4068,.F.);
#3368=ORIENTED_EDGE('',*,*,#4067,.F.);
#3369=ORIENTED_EDGE('',*,*,#4069,.T.);
#3370=ORIENTED_EDGE('',*,*,#4070,.F.);
#3371=ORIENTED_EDGE('',*,*,#4071,.F.);
#3372=CARTESIAN_POINT('',(3.2,3.2,-19.0));
#3373=DIRECTION('',(-0.0,1.0,0.0));
#3374=DIRECTION('',(1.0,0.0,0.0));
#3375=ORIENTED_EDGE('',*,*,#4072,.F.);
#3376=ORIENTED_EDGE('',*,*,#4071,.T.);
#3377=ORIENTED_EDGE('',*,*,#4073,.F.);
#3378=ORIENTED_EDGE('',*,*,#4004,.F.);
#3379=CARTESIAN_POINT('',(-3.1,3.1,24.7684));
#3380=DIRECTION('',(0.0,0.0,1.0));
#3381=DIRECTION('',(-1.0,0.0,0.0));
#3382=ORIENTED_EDGE('',*,*,#4012,.T.);
#3383=ORIENTED_EDGE('',*,*,#4073,.T.);
#3384=ORIENTED_EDGE('',*,*,#4074,.T.);
#3385=CARTESIAN_POINT('',(-3.1,3.1,-18.9));
#3386=DIRECTION('',(0.0,0.707106781186598,0.707106781186498));
#3387=DIRECTION('',(0.0,0.707106781186498,-0.707106781186598));
#3388=ORIENTED_EDGE('',*,*,#4074,.F.);
#3389=ORIENTED_EDGE('',*,*,#4070,.T.);
#3390=ORIENTED_EDGE('',*,*,#4075,.F.);
#3391=ORIENTED_EDGE('',*,*,#4034,.F.);
#3392=CARTESIAN_POINT('',(-12.13994752468,3.1,-18.9));
#3393=DIRECTION('',(-1.0,0.0,-0.0));
#3394=DIRECTION('',(0.0,0.0,-1.0));
#3395=ORIENTED_EDGE('',*,*,#4048,.T.);
#3396=ORIENTED_EDGE('',*,*,#4075,.T.);
#3397=ORIENTED_EDGE('',*,*,#4076,.T.);
#3398=CARTESIAN_POINT('',(3.1,3.1,-18.9));
#3399=DIRECTION('',(-0.707106781186598,0.707106781186498,0.0));
#3400=DIRECTION('',(0.707106781186498,0.707106781186598,0.0));
#3401=ORIENTED_EDGE('',*,*,#4065,.F.);
#3402=ORIENTED_EDGE('',*,*,#4054,.T.);
#3403=ORIENTED_EDGE('',*,*,#4076,.F.);
#3404=ORIENTED_EDGE('',*,*,#4069,.F.);
#3405=CARTESIAN_POINT('',(3.1,3.1,24.7684));
#3406=DIRECTION('',(-0.0,0.0,1.0));
#3407=DIRECTION('',(0.0,1.0,0.0));
#3408=ORIENTED_EDGE('',*,*,#4072,.T.);
#3409=ORIENTED_EDGE('',*,*,#4077,.T.);
#3410=ORIENTED_EDGE('',*,*,#4078,.T.);
#3411=CARTESIAN_POINT('',(-3.1,3.1,-12.7));
#3412=DIRECTION('',(0.0,-0.707106781186548,0.707106781186548));
#3413=DIRECTION('',(0.0,0.707106781186548,0.707106781186548));
#3414=ORIENTED_EDGE('',*,*,#3994,.F.);
#3415=ORIENTED_EDGE('',*,*,#3977,.T.);
#3416=ORIENTED_EDGE('',*,*,#4068,.T.);
#3417=ORIENTED_EDGE('',*,*,#4078,.F.);
#3418=CARTESIAN_POINT('',(12.13994444734,3.1,-12.7));
#3419=DIRECTION('',(1.0,-0.0,0.0));
#3420=DIRECTION('',(0.0,0.0,1.0));
#3421=ORIENTED_EDGE('',*,*,#3971,.T.);
#3422=ORIENTED_EDGE('',*,*,#3993,.F.);
#3423=ORIENTED_EDGE('',*,*,#4077,.F.);
#3424=ORIENTED_EDGE('',*,*,#4003,.T.);
#3425=CARTESIAN_POINT('',(-3.1,21.17971302425,-12.7));
#3426=DIRECTION('',(0.0,1.0,-0.0));
#3427=DIRECTION('',(0.0,0.0,1.0));
#3428=ORIENTED_EDGE('',*,*,#4052,.T.);
#3429=ORIENTED_EDGE('',*,*,#4064,.T.);
#3430=ORIENTED_EDGE('',*,*,#4079,.T.);
#3431=CARTESIAN_POINT('',(3.1,-3.5,-12.7));
#3432=DIRECTION('',(0.0,0.707106781186548,0.707106781186548));
#3433=DIRECTION('',(0.0,-0.707106781186548,0.707106781186548));
#3434=ORIENTED_EDGE('',*,*,#4020,.T.);
#3435=ORIENTED_EDGE('',*,*,#4079,.F.);
#3436=ORIENTED_EDGE('',*,*,#3989,.F.);
#3437=ORIENTED_EDGE('',*,*,#4080,.F.);
#3438=CARTESIAN_POINT('',(-12.13994752468,-3.5,-12.7));
#3439=DIRECTION('',(-1.0,0.0,0.0));
#3440=DIRECTION('',(0.0,0.0,1.0));
#3441=ORIENTED_EDGE('',*,*,#4081,.T.);
#3442=ORIENTED_EDGE('',*,*,#4080,.T.);
#3443=ORIENTED_EDGE('',*,*,#4082,.T.);
#3444=CARTESIAN_POINT('',(-3.1,-3.5,-12.7));
#3445=DIRECTION('',(0.707106781186548,0.0,0.707106781186548));
#3446=DIRECTION('',(-0.707106781186548,0.0,0.707106781186548));
#3447=ORIENTED_EDGE('',*,*,#3988,.F.);
#3448=ORIENTED_EDGE('',*,*,#4083,.T.);
#3449=ORIENTED_EDGE('',*,*,#4002,.T.);
#3450=ORIENTED_EDGE('',*,*,#4082,.F.);
#3451=CARTESIAN_POINT('',(-3.1,21.17971302425,-12.7));
#3452=DIRECTION('',(0.0,1.0,-0.0));
#3453=DIRECTION('',(0.0,0.0,1.0));
#3454=ORIENTED_EDGE('',*,*,#3967,.F.);
#3455=ORIENTED_EDGE('',*,*,#3972,.T.);
#3456=ORIENTED_EDGE('',*,*,#4083,.F.);
#3457=ORIENTED_EDGE('',*,*,#3987,.T.);
#3458=ORIENTED_EDGE('',*,*,#4063,.F.);
#3459=ORIENTED_EDGE('',*,*,#3973,.T.);
#3460=CARTESIAN_POINT('',(0.0,0.0,-12.6));
#3461=DIRECTION('',(0.0,0.0,-1.0));
#3462=DIRECTION('',(1.0,0.0,0.0));
#3463=ORIENTED_EDGE('',*,*,#4081,.F.);
#3464=ORIENTED_EDGE('',*,*,#4001,.F.);
#3465=ORIENTED_EDGE('',*,*,#4015,.F.);
#3466=ORIENTED_EDGE('',*,*,#4021,.T.);
#3467=CARTESIAN_POINT('',(-3.1,-3.5,-43.7684));
#3468=DIRECTION('',(-0.0,0.0,-1.0));
#3469=DIRECTION('',(-1.0,0.0,0.0));
#3470=ORIENTED_EDGE('',*,*,#4084,.T.);
#3471=ORIENTED_EDGE('',*,*,#4085,.T.);
#3472=ORIENTED_EDGE('',*,*,#3980,.T.);
#3473=ORIENTED_EDGE('',*,*,#4011,.T.);
#3474=ORIENTED_EDGE('',*,*,#4086,.F.);
#3475=ORIENTED_EDGE('',*,*,#4087,.F.);
#3476=ORIENTED_EDGE('',*,*,#4088,.F.);
#3477=ORIENTED_EDGE('',*,*,#4089,.F.);
#3478=CARTESIAN_POINT('',(0.0,-6.4,-19.0));
#3479=DIRECTION('',(0.0,-1.0,0.0));
#3480=DIRECTION('',(0.0,0.0,-1.0));
#3481=ORIENTED_EDGE('',*,*,#4090,.T.);
#3482=ORIENTED_EDGE('',*,*,#4091,.T.);
#3483=ORIENTED_EDGE('',*,*,#4007,.T.);
#3484=ORIENTED_EDGE('',*,*,#4043,.T.);
#3485=ORIENTED_EDGE('',*,*,#4092,.F.);
#3486=ORIENTED_EDGE('',*,*,#4093,.F.);
#3487=ORIENTED_EDGE('',*,*,#4094,.F.);
#3488=ORIENTED_EDGE('',*,*,#4095,.F.);
#3489=CARTESIAN_POINT('',(0.0,-6.4,-19.0));
#3490=DIRECTION('',(0.0,-1.0,0.0));
#3491=DIRECTION('',(0.0,0.0,-1.0));
#3492=ORIENTED_EDGE('',*,*,#4096,.T.);
#3493=ORIENTED_EDGE('',*,*,#4097,.T.);
#3494=ORIENTED_EDGE('',*,*,#4057,.T.);
#3495=ORIENTED_EDGE('',*,*,#3984,.T.);
#3496=ORIENTED_EDGE('',*,*,#4098,.F.);
#3497=ORIENTED_EDGE('',*,*,#4099,.F.);
#3498=ORIENTED_EDGE('',*,*,#4100,.F.);
#3499=ORIENTED_EDGE('',*,*,#4101,.F.);
#3500=CARTESIAN_POINT('',(0.0,-6.4,-19.0));
#3501=DIRECTION('',(0.0,-1.0,0.0));
#3502=DIRECTION('',(0.0,0.0,-1.0));
#3503=ORIENTED_EDGE('',*,*,#4102,.T.);
#3504=ORIENTED_EDGE('',*,*,#4103,.T.);
#3505=ORIENTED_EDGE('',*,*,#4039,.T.);
#3506=ORIENTED_EDGE('',*,*,#4061,.T.);
#3507=ORIENTED_EDGE('',*,*,#4104,.F.);
#3508=ORIENTED_EDGE('',*,*,#4105,.F.);
#3509=ORIENTED_EDGE('',*,*,#4106,.F.);
#3510=ORIENTED_EDGE('',*,*,#4107,.F.);
#3511=CARTESIAN_POINT('',(0.0,-6.4,-19.0));
#3512=DIRECTION('',(0.0,-1.0,0.0));
#3513=DIRECTION('',(0.0,0.0,-1.0));
#3514=ORIENTED_EDGE('',*,*,#3981,.T.);
#3515=ORIENTED_EDGE('',*,*,#4085,.F.);
#3516=ORIENTED_EDGE('',*,*,#4108,.F.);
#3517=ORIENTED_EDGE('',*,*,#4109,.F.);
#3518=CARTESIAN_POINT('',(-1.6,-6.0,-14.2));
#3519=DIRECTION('',(1.0,0.0,0.0));
#3520=DIRECTION('',(0.0,1.0,0.0));
#3521=ORIENTED_EDGE('',*,*,#4009,.F.);
#3522=ORIENTED_EDGE('',*,*,#4110,.T.);
#3523=ORIENTED_EDGE('',*,*,#4111,.F.);
#3524=ORIENTED_EDGE('',*,*,#4041,.T.);
#3525=ORIENTED_EDGE('',*,*,#4112,.T.);
#3526=ORIENTED_EDGE('',*,*,#4113,.F.);
#3527=ORIENTED_EDGE('',*,*,#4059,.T.);
#3528=ORIENTED_EDGE('',*,*,#4114,.T.);
#3529=ORIENTED_EDGE('',*,*,#4115,.F.);
#3530=ORIENTED_EDGE('',*,*,#3982,.F.);
#3531=ORIENTED_EDGE('',*,*,#4109,.T.);
#3532=ORIENTED_EDGE('',*,*,#4116,.F.);
#3533=ORIENTED_EDGE('',*,*,#4117,.F.);
#3534=ORIENTED_EDGE('',*,*,#4118,.F.);
#3535=CARTESIAN_POINT('',(-3.2,-6.0,-19.0));
#3536=DIRECTION('',(0.0,-1.0,0.0));
#3537=DIRECTION('',(0.0,0.0,-1.0));
#3538=ORIENTED_EDGE('',*,*,#4108,.T.);
#3539=ORIENTED_EDGE('',*,*,#4084,.F.);
#3540=ORIENTED_EDGE('',*,*,#4010,.F.);
#3541=ORIENTED_EDGE('',*,*,#4116,.T.);
#3542=CARTESIAN_POINT('',(-3.2,-6.0,-14.2));
#3543=DIRECTION('',(0.0,0.0,-1.0));
#3544=DIRECTION('',(0.0,-1.0,0.0));
#3545=ORIENTED_EDGE('',*,*,#4119,.T.);
#3546=ORIENTED_EDGE('',*,*,#4096,.F.);
#3547=ORIENTED_EDGE('',*,*,#3983,.F.);
#3548=ORIENTED_EDGE('',*,*,#4115,.T.);
#3549=CARTESIAN_POINT('',(1.6,-6.0,-12.6));
#3550=DIRECTION('',(-1.0,0.0,0.0));
#3551=DIRECTION('',(0.0,0.0,1.0));
#3552=ORIENTED_EDGE('',*,*,#4058,.T.);
#3553=ORIENTED_EDGE('',*,*,#4097,.F.);
#3554=ORIENTED_EDGE('',*,*,#4119,.F.);
#3555=ORIENTED_EDGE('',*,*,#4114,.F.);
#3556=CARTESIAN_POINT('',(1.6,-6.0,-14.2));
#3557=DIRECTION('',(0.0,0.0,-1.0));
#3558=DIRECTION('',(0.0,-1.0,0.0));
#3559=ORIENTED_EDGE('',*,*,#4120,.T.);
#3560=ORIENTED_EDGE('',*,*,#4102,.F.);
#3561=ORIENTED_EDGE('',*,*,#4060,.F.);
#3562=ORIENTED_EDGE('',*,*,#4113,.T.);
#3563=CARTESIAN_POINT('',(3.2,-6.0,-17.4));
#3564=DIRECTION('',(0.0,0.0,1.0));
#3565=DIRECTION('',(1.0,0.0,0.0));
#3566=ORIENTED_EDGE('',*,*,#4040,.T.);
#3567=ORIENTED_EDGE('',*,*,#4103,.F.);
#3568=ORIENTED_EDGE('',*,*,#4120,.F.);
#3569=ORIENTED_EDGE('',*,*,#4112,.F.);
#3570=CARTESIAN_POINT('',(1.6,-6.0,-17.4));
#3571=DIRECTION('',(-1.0,0.0,0.0));
#3572=DIRECTION('',(0.0,0.0,1.0));
#3573=ORIENTED_EDGE('',*,*,#4121,.T.);
#3574=ORIENTED_EDGE('',*,*,#4090,.F.);
#3575=ORIENTED_EDGE('',*,*,#4042,.F.);
#3576=ORIENTED_EDGE('',*,*,#4111,.T.);
#3577=CARTESIAN_POINT('',(-1.6,-6.0,-19.0));
#3578=DIRECTION('',(1.0,0.0,0.0));
#3579=DIRECTION('',(0.0,1.0,0.0));
#3580=ORIENTED_EDGE('',*,*,#4008,.T.);
#3581=ORIENTED_EDGE('',*,*,#4091,.F.);
#3582=ORIENTED_EDGE('',*,*,#4121,.F.);
#3583=ORIENTED_EDGE('',*,*,#4110,.F.);
#3584=CARTESIAN_POINT('',(-1.6,-6.0,-17.4));
#3585=DIRECTION('',(0.0,0.0,1.0));
#3586=DIRECTION('',(1.0,0.0,0.0));
#3587=ORIENTED_EDGE('',*,*,#4122,.F.);
#3588=ORIENTED_EDGE('',*,*,#4123,.F.);
#3589=ORIENTED_EDGE('',*,*,#4124,.T.);
#3590=ORIENTED_EDGE('',*,*,#4118,.T.);
#3591=CARTESIAN_POINT('',(0.0,-10.3,-15.8));
#3592=DIRECTION('',(0.0,1.0,-0.0));
#3593=DIRECTION('',(0.0,0.0,1.0));
#3594=ORIENTED_EDGE('',*,*,#4124,.F.);
#3595=ORIENTED_EDGE('',*,*,#4125,.F.);
#3596=ORIENTED_EDGE('',*,*,#4122,.T.);
#3597=ORIENTED_EDGE('',*,*,#4117,.T.);
#3598=CARTESIAN_POINT('',(0.0,-10.3,-15.8));
#3599=DIRECTION('',(0.0,1.0,-0.0));
#3600=DIRECTION('',(0.0,0.0,1.0));
#3601=ORIENTED_EDGE('',*,*,#4125,.T.);
#3602=ORIENTED_EDGE('',*,*,#4123,.T.);
#3603=CARTESIAN_POINT('',(0.0,-10.3,-19.0));
#3604=DIRECTION('',(0.0,-1.0,0.0));
#3605=DIRECTION('',(0.0,0.0,-1.0));
#3606=ORIENTED_EDGE('',*,*,#4126,.T.);
#3607=ORIENTED_EDGE('',*,*,#4127,.F.);
#3608=ORIENTED_EDGE('',*,*,#4128,.F.);
#3609=ORIENTED_EDGE('',*,*,#4095,.T.);
#3610=CARTESIAN_POINT('',(-3.015,-6.4,-18.815));
#3611=DIRECTION('',(0.0,0.0,-1.0));
#3612=DIRECTION('',(0.0,-1.0,0.0));
#3613=ORIENTED_EDGE('',*,*,#4128,.T.);
#3614=ORIENTED_EDGE('',*,*,#4129,.F.);
#3615=ORIENTED_EDGE('',*,*,#4130,.F.);
#3616=ORIENTED_EDGE('',*,*,#4092,.T.);
#3617=CARTESIAN_POINT('',(-3.015,-6.4,-17.865));
#3618=DIRECTION('',(-1.0,0.0,0.0));
#3619=DIRECTION('',(0.0,0.0,1.0));
#3620=ORIENTED_EDGE('',*,*,#4130,.T.);
#3621=ORIENTED_EDGE('',*,*,#4131,.F.);
#3622=ORIENTED_EDGE('',*,*,#4132,.F.);
#3623=ORIENTED_EDGE('',*,*,#4093,.T.);
#3624=CARTESIAN_POINT('',(-2.065,-6.4,-17.865));
#3625=DIRECTION('',(0.0,0.0,1.0));
#3626=DIRECTION('',(1.0,0.0,0.0));
#3627=ORIENTED_EDGE('',*,*,#4132,.T.);
#3628=ORIENTED_EDGE('',*,*,#4133,.F.);
#3629=ORIENTED_EDGE('',*,*,#4126,.F.);
#3630=ORIENTED_EDGE('',*,*,#4094,.T.);
#3631=CARTESIAN_POINT('',(-2.065,-6.4,-18.815));
#3632=DIRECTION('',(1.0,0.0,0.0));
#3633=DIRECTION('',(0.0,1.0,0.0));
#3634=ORIENTED_EDGE('',*,*,#4133,.T.);
#3635=ORIENTED_EDGE('',*,*,#4131,.T.);
#3636=ORIENTED_EDGE('',*,*,#4129,.T.);
#3637=ORIENTED_EDGE('',*,*,#4127,.T.);
#3638=CARTESIAN_POINT('',(0.0,-10.3,-19.0));
#3639=DIRECTION('',(0.0,-1.0,0.0));
#3640=DIRECTION('',(0.0,0.0,-1.0));
#3641=ORIENTED_EDGE('',*,*,#4134,.T.);
#3642=ORIENTED_EDGE('',*,*,#4135,.T.);
#3643=ORIENTED_EDGE('',*,*,#4136,.T.);
#3644=ORIENTED_EDGE('',*,*,#4137,.T.);
#3645=CARTESIAN_POINT('',(0.0,-10.3,-19.0));
#3646=DIRECTION('',(0.0,-1.0,0.0));
#3647=DIRECTION('',(0.0,0.0,-1.0));
#3648=ORIENTED_EDGE('',*,*,#4138,.T.);
#3649=ORIENTED_EDGE('',*,*,#4139,.T.);
#3650=ORIENTED_EDGE('',*,*,#4140,.T.);
#3651=ORIENTED_EDGE('',*,*,#4141,.T.);
#3652=CARTESIAN_POINT('',(0.0,-10.3,-19.0));
#3653=DIRECTION('',(0.0,-1.0,0.0));
#3654=DIRECTION('',(0.0,0.0,-1.0));
#3655=ORIENTED_EDGE('',*,*,#4142,.T.);
#3656=ORIENTED_EDGE('',*,*,#4143,.T.);
#3657=ORIENTED_EDGE('',*,*,#4144,.T.);
#3658=ORIENTED_EDGE('',*,*,#4145,.T.);
#3659=CARTESIAN_POINT('',(0.0,-10.3,-19.0));
#3660=DIRECTION('',(0.0,-1.0,0.0));
#3661=DIRECTION('',(0.0,0.0,-1.0));
#3662=ORIENTED_EDGE('',*,*,#4146,.T.);
#3663=ORIENTED_EDGE('',*,*,#4137,.F.);
#3664=ORIENTED_EDGE('',*,*,#4147,.F.);
#3665=ORIENTED_EDGE('',*,*,#4107,.T.);
#3666=CARTESIAN_POINT('',(2.065,-6.4,-18.815));
#3667=DIRECTION('',(0.0,0.0,-1.0));
#3668=DIRECTION('',(0.0,-1.0,0.0));
#3669=ORIENTED_EDGE('',*,*,#4147,.T.);
#3670=ORIENTED_EDGE('',*,*,#4136,.F.);
#3671=ORIENTED_EDGE('',*,*,#4148,.F.);
#3672=ORIENTED_EDGE('',*,*,#4104,.T.);
#3673=CARTESIAN_POINT('',(2.065,-6.4,-17.865));
#3674=DIRECTION('',(-1.0,0.0,0.0));
#3675=DIRECTION('',(0.0,0.0,1.0));
#3676=ORIENTED_EDGE('',*,*,#4148,.T.);
#3677=ORIENTED_EDGE('',*,*,#4135,.F.);
#3678=ORIENTED_EDGE('',*,*,#4149,.F.);
#3679=ORIENTED_EDGE('',*,*,#4105,.T.);
#3680=CARTESIAN_POINT('',(3.015,-6.4,-17.865));
#3681=DIRECTION('',(0.0,0.0,1.0));
#3682=DIRECTION('',(1.0,0.0,0.0));
#3683=ORIENTED_EDGE('',*,*,#4149,.T.);
#3684=ORIENTED_EDGE('',*,*,#4134,.F.);
#3685=ORIENTED_EDGE('',*,*,#4146,.F.);
#3686=ORIENTED_EDGE('',*,*,#4106,.T.);
#3687=CARTESIAN_POINT('',(3.015,-6.4,-18.815));
#3688=DIRECTION('',(1.0,0.0,0.0));
#3689=DIRECTION('',(0.0,1.0,0.0));
#3690=ORIENTED_EDGE('',*,*,#4150,.T.);
#3691=ORIENTED_EDGE('',*,*,#4141,.F.);
#3692=ORIENTED_EDGE('',*,*,#4151,.F.);
#3693=ORIENTED_EDGE('',*,*,#4101,.T.);
#3694=CARTESIAN_POINT('',(2.065,-6.4,-13.735));
#3695=DIRECTION('',(0.0,0.0,-1.0));
#3696=DIRECTION('',(0.0,-1.0,0.0));
#3697=ORIENTED_EDGE('',*,*,#4151,.T.);
#3698=ORIENTED_EDGE('',*,*,#4140,.F.);
#3699=ORIENTED_EDGE('',*,*,#4152,.F.);
#3700=ORIENTED_EDGE('',*,*,#4098,.T.);
#3701=CARTESIAN_POINT('',(2.065,-6.4,-12.785));
#3702=DIRECTION('',(-1.0,0.0,0.0));
#3703=DIRECTION('',(0.0,0.0,1.0));
#3704=ORIENTED_EDGE('',*,*,#4152,.T.);
#3705=ORIENTED_EDGE('',*,*,#4139,.F.);
#3706=ORIENTED_EDGE('',*,*,#4153,.F.);
#3707=ORIENTED_EDGE('',*,*,#4099,.T.);
#3708=CARTESIAN_POINT('',(3.015,-6.4,-12.785));
#3709=DIRECTION('',(0.0,0.0,1.0));
#3710=DIRECTION('',(1.0,0.0,0.0));
#3711=ORIENTED_EDGE('',*,*,#4153,.T.);
#3712=ORIENTED_EDGE('',*,*,#4138,.F.);
#3713=ORIENTED_EDGE('',*,*,#4150,.F.);
#3714=ORIENTED_EDGE('',*,*,#4100,.T.);
#3715=CARTESIAN_POINT('',(3.015,-6.4,-13.735));
#3716=DIRECTION('',(1.0,0.0,0.0));
#3717=DIRECTION('',(0.0,1.0,0.0));
#3718=ORIENTED_EDGE('',*,*,#4154,.T.);
#3719=ORIENTED_EDGE('',*,*,#4145,.F.);
#3720=ORIENTED_EDGE('',*,*,#4155,.F.);
#3721=ORIENTED_EDGE('',*,*,#4089,.T.);
#3722=CARTESIAN_POINT('',(-3.015,-6.4,-13.735));
#3723=DIRECTION('',(0.0,0.0,-1.0));
#3724=DIRECTION('',(0.0,-1.0,0.0));
#3725=ORIENTED_EDGE('',*,*,#4155,.T.);
#3726=ORIENTED_EDGE('',*,*,#4144,.F.);
#3727=ORIENTED_EDGE('',*,*,#4156,.F.);
#3728=ORIENTED_EDGE('',*,*,#4086,.T.);
#3729=CARTESIAN_POINT('',(-3.015,-6.4,-12.785));
#3730=DIRECTION('',(-1.0,0.0,0.0));
#3731=DIRECTION('',(0.0,0.0,1.0));
#3732=ORIENTED_EDGE('',*,*,#4156,.T.);
#3733=ORIENTED_EDGE('',*,*,#4143,.F.);
#3734=ORIENTED_EDGE('',*,*,#4157,.F.);
#3735=ORIENTED_EDGE('',*,*,#4087,.T.);
#3736=CARTESIAN_POINT('',(-2.065,-6.4,-12.785));
#3737=DIRECTION('',(0.0,0.0,1.0));
#3738=DIRECTION('',(1.0,0.0,0.0));
#3739=ORIENTED_EDGE('',*,*,#4157,.T.);
#3740=ORIENTED_EDGE('',*,*,#4142,.F.);
#3741=ORIENTED_EDGE('',*,*,#4154,.F.);
#3742=ORIENTED_EDGE('',*,*,#4088,.T.);
#3743=CARTESIAN_POINT('',(-2.065,-6.4,-13.735));
#3744=DIRECTION('',(1.0,0.0,0.0));
#3745=DIRECTION('',(0.0,1.0,0.0));
#3746=ORIENTED_EDGE('',*,*,#4158,.F.);
#3747=ORIENTED_EDGE('',*,*,#4159,.F.);
#3748=ORIENTED_EDGE('',*,*,#3948,.F.);
#3749=ORIENTED_EDGE('',*,*,#3898,.F.);
#3750=ORIENTED_EDGE('',*,*,#3945,.F.);
#3751=ORIENTED_EDGE('',*,*,#3894,.F.);
#3752=ORIENTED_EDGE('',*,*,#3843,.F.);
#3753=ORIENTED_EDGE('',*,*,#3970,.F.);
#3754=ORIENTED_EDGE('',*,*,#3943,.F.);
#3755=ORIENTED_EDGE('',*,*,#3890,.F.);
#3756=ORIENTED_EDGE('',*,*,#3953,.F.);
#3757=ORIENTED_EDGE('',*,*,#3906,.F.);
#3758=ORIENTED_EDGE('',*,*,#3951,.F.);
#3759=ORIENTED_EDGE('',*,*,#3902,.F.);
#3760=ORIENTED_EDGE('',*,*,#3949,.F.);
#3761=ORIENTED_EDGE('',*,*,#4159,.T.);
#3762=ORIENTED_EDGE('',*,*,#4160,.F.);
#3763=ORIENTED_EDGE('',*,*,#3958,.F.);
#3764=ORIENTED_EDGE('',*,*,#3878,.F.);
#3765=ORIENTED_EDGE('',*,*,#4160,.T.);
#3766=ORIENTED_EDGE('',*,*,#4161,.T.);
#3767=ORIENTED_EDGE('',*,*,#3963,.F.);
#3768=ORIENTED_EDGE('',*,*,#3960,.F.);
#3769=ORIENTED_EDGE('',*,*,#3965,.F.);
#3770=ORIENTED_EDGE('',*,*,#4161,.F.);
#3771=ORIENTED_EDGE('',*,*,#4158,.T.);
#3772=ORIENTED_EDGE('',*,*,#3969,.F.);
#3773=ORIENTED_EDGE('',*,*,#3917,.F.);
#3774=ORIENTED_EDGE('',*,*,#4162,.T.);
#3775=ORIENTED_EDGE('',*,*,#3915,.T.);
#3776=ORIENTED_EDGE('',*,*,#3919,.T.);
#3777=CARTESIAN_POINT('',(0.0,1.193001040648E-14,-0.9969256258421));
#3778=DIRECTION('',(0.0,-0.0,-1.0));
#3779=DIRECTION('',(0.0,-1.0,0.0));
#3780=ORIENTED_EDGE('',*,*,#4163,.T.);
#3781=ORIENTED_EDGE('',*,*,#4162,.F.);
#3782=ORIENTED_EDGE('',*,*,#4164,.F.);
#3783=ORIENTED_EDGE('',*,*,#4165,.F.);
#3784=CARTESIAN_POINT('',(0.0,1.15210304997E-14,-4.3365));
#3785=DIRECTION('',(0.0,0.0,-1.0));
#3786=DIRECTION('',(0.0,1.0,0.0));
#3787=ORIENTED_EDGE('',*,*,#4165,.T.);
#3788=ORIENTED_EDGE('',*,*,#4166,.T.);
#3789=ORIENTED_EDGE('',*,*,#4167,.F.);
#3790=ORIENTED_EDGE('',*,*,#4168,.F.);
#3791=CARTESIAN_POINT('',(0.0,0.0,0.0));
#3792=DIRECTION('',(0.0,0.0,-1.0));
#3793=DIRECTION('',(0.0,-1.0,0.0));
#3794=ORIENTED_EDGE('',*,*,#4164,.T.);
#3795=ORIENTED_EDGE('',*,*,#3916,.T.);
#3796=ORIENTED_EDGE('',*,*,#4163,.F.);
#3797=ORIENTED_EDGE('',*,*,#4166,.F.);
#3798=CARTESIAN_POINT('',(0.0,1.15210304997E-14,-4.3365));
#3799=DIRECTION('',(0.0,0.0,-1.0));
#3800=DIRECTION('',(0.0,1.0,0.0));
#3801=ORIENTED_EDGE('',*,*,#4169,.F.);
#3802=ORIENTED_EDGE('',*,*,#4170,.F.);
#3803=ORIENTED_EDGE('',*,*,#4171,.T.);
#3804=ORIENTED_EDGE('',*,*,#4168,.T.);
#3805=CARTESIAN_POINT('',(0.0,1.15210304997E-14,-4.3365));
#3806=DIRECTION('',(0.0,0.0,-1.0));
#3807=DIRECTION('',(0.0,1.0,0.0));
#3808=ORIENTED_EDGE('',*,*,#4171,.F.);
#3809=ORIENTED_EDGE('',*,*,#4172,.T.);
#3810=ORIENTED_EDGE('',*,*,#4169,.T.);
#3811=ORIENTED_EDGE('',*,*,#4167,.T.);
#3812=CARTESIAN_POINT('',(0.0,1.15210304997E-14,-4.3365));
#3813=DIRECTION('',(0.0,0.0,-1.0));
#3814=DIRECTION('',(0.0,1.0,0.0));
#3815=ORIENTED_EDGE('',*,*,#4170,.T.);
#3816=ORIENTED_EDGE('',*,*,#4172,.F.);
#3817=ORIENTED_EDGE('',*,*,#4173,.T.);
#3818=ORIENTED_EDGE('',*,*,#4174,.F.);
#3819=CARTESIAN_POINT('',(0.0,1.181574175191E-14,-1.93));
#3820=DIRECTION('',(0.0,0.0,1.0));
#3821=DIRECTION('',(1.0,0.0,0.0));
#3822=ORIENTED_EDGE('',*,*,#4174,.T.);
#3823=ORIENTED_EDGE('',*,*,#4175,.F.);
#3824=ORIENTED_EDGE('',*,*,#4176,.F.);
#3825=ORIENTED_EDGE('',*,*,#4177,.T.);
#3826=CARTESIAN_POINT('',(0.0,1.15210304997E-14,-4.3365));
#3827=DIRECTION('',(0.0,0.0,-1.0));
#3828=DIRECTION('',(0.0,1.0,0.0));
#3829=ORIENTED_EDGE('',*,*,#4178,.T.);
#3830=ORIENTED_EDGE('',*,*,#4175,.T.);
#3831=ORIENTED_EDGE('',*,*,#4173,.F.);
#3832=ORIENTED_EDGE('',*,*,#4177,.F.);
#3833=CARTESIAN_POINT('',(0.0,1.15210304997E-14,-4.3365));
#3834=DIRECTION('',(0.0,0.0,-1.0));
#3835=DIRECTION('',(0.0,1.0,0.0));
#3836=ORIENTED_EDGE('',*,*,#4176,.T.);
#3837=ORIENTED_EDGE('',*,*,#4178,.F.);
#3838=CARTESIAN_POINT('',(0.0,1.15463194561E-14,-4.13));
#3839=DIRECTION('',(0.0,0.0,1.0));
#3840=DIRECTION('',(1.0,0.0,0.0));
#3841=EDGE_CURVE('',#4179,#4180,#4181,.T.);
#3842=EDGE_CURVE('',#4182,#4179,#4183,.T.);
#3843=EDGE_CURVE('',#4182,#4184,#4185,.T.);
#3844=EDGE_CURVE('',#4184,#4186,#4187,.T.);
#3845=EDGE_CURVE('',#4180,#4186,#4188,.T.);
#3846=EDGE_CURVE('',#4189,#4190,#4191,.T.);
#3847=EDGE_CURVE('',#4192,#4189,#4193,.T.);
#3848=EDGE_CURVE('',#4192,#4194,#4195,.T.);
#3849=EDGE_CURVE('',#4190,#4194,#4196,.T.);
#3850=EDGE_CURVE('',#4197,#4190,#4198,.T.);
#3851=EDGE_CURVE('',#4199,#4197,#4200,.T.);
#3852=EDGE_CURVE('',#4189,#4199,#4201,.T.);
#3853=EDGE_CURVE('',#4202,#4203,#4204,.T.);
#3854=EDGE_CURVE('',#4203,#4205,#4206,.T.);
#3855=EDGE_CURVE('',#4207,#4205,#4208,.T.);
#3856=EDGE_CURVE('',#4207,#4209,#4210,.T.);
#3857=EDGE_CURVE('',#4209,#4202,#4211,.T.);
#3858=EDGE_CURVE('',#4212,#4213,#4214,.T.);
#3859=EDGE_CURVE('',#4215,#4213,#4216,.T.);
#3860=EDGE_CURVE('',#4215,#4217,#4218,.T.);
#3861=EDGE_CURVE('',#4217,#4219,#4220,.T.);
#3862=EDGE_CURVE('',#4219,#4212,#4221,.T.);
#3863=EDGE_CURVE('',#4222,#4223,#4224,.T.);
#3864=EDGE_CURVE('',#4223,#4225,#4226,.T.);
#3865=EDGE_CURVE('',#4227,#4225,#4228,.T.);
#3866=EDGE_CURVE('',#4227,#4222,#4229,.T.);
#3867=EDGE_CURVE('',#4230,#4231,#4232,.T.);
#3868=EDGE_CURVE('',#4231,#4233,#4234,.T.);
#3869=EDGE_CURVE('',#4235,#4233,#4236,.T.);
#3870=EDGE_CURVE('',#4235,#4230,#4237,.T.);
#3871=EDGE_CURVE('',#4238,#4239,#4240,.T.);
#3872=EDGE_CURVE('',#4238,#4241,#4242,.T.);
#3873=EDGE_CURVE('',#4241,#4243,#4244,.T.);
#3874=EDGE_CURVE('',#4243,#4239,#4245,.T.);
#3875=EDGE_CURVE('',#4246,#4247,#4248,.T.);
#3876=EDGE_CURVE('',#4247,#4249,#4250,.T.);
#3877=EDGE_CURVE('',#4251,#4249,#4252,.T.);
#3878=EDGE_CURVE('',#4251,#4253,#4254,.T.);
#3879=EDGE_CURVE('',#4253,#4246,#4255,.T.);
#3880=EDGE_CURVE('',#4256,#4257,#4258,.T.);
#3881=EDGE_CURVE('',#4257,#4259,#4260,.T.);
#3882=EDGE_CURVE('',#4261,#4259,#4262,.T.);
#3883=EDGE_CURVE('',#4261,#4256,#4263,.T.);
#3884=EDGE_CURVE('',#4264,#4265,#4266,.T.);
#3885=EDGE_CURVE('',#4264,#4267,#4268,.T.);
#3886=EDGE_CURVE('',#4267,#4269,#4270,.T.);
#3887=EDGE_CURVE('',#4269,#4265,#4271,.T.);
#3888=EDGE_CURVE('',#4272,#4273,#4274,.T.);
#3889=EDGE_CURVE('',#4275,#4273,#4276,.T.);
#3890=EDGE_CURVE('',#4275,#4277,#4278,.T.);
#3891=EDGE_CURVE('',#4277,#4279,#4280,.T.);
#3892=EDGE_CURVE('',#4279,#4272,#4281,.T.);
#3893=EDGE_CURVE('',#4282,#4186,#4283,.T.);
#3894=EDGE_CURVE('',#4184,#4284,#4285,.T.);
#3895=EDGE_CURVE('',#4284,#4282,#4286,.T.);
#3896=EDGE_CURVE('',#4287,#4288,#4289,.T.);
#3897=EDGE_CURVE('',#4290,#4288,#4291,.T.);
#3898=EDGE_CURVE('',#4290,#4292,#4293,.T.);
#3899=EDGE_CURVE('',#4292,#4287,#4294,.T.);
#3900=EDGE_CURVE('',#4295,#4296,#4297,.T.);
#3901=EDGE_CURVE('',#4298,#4296,#4299,.T.);
#3902=EDGE_CURVE('',#4298,#4300,#4301,.T.);
#3903=EDGE_CURVE('',#4300,#4295,#4302,.T.);
#3904=EDGE_CURVE('',#4303,#4304,#4305,.T.);
#3905=EDGE_CURVE('',#4306,#4304,#4307,.T.);
#3906=EDGE_CURVE('',#4306,#4308,#4309,.T.);
#3907=EDGE_CURVE('',#4308,#4303,#4310,.T.);
#3908=EDGE_CURVE('',#4311,#4312,#4313,.T.);
#3909=EDGE_CURVE('',#4312,#4212,#4314,.T.);
#3910=EDGE_CURVE('',#4205,#4219,#4315,.T.);
#3911=EDGE_CURVE('',#4197,#4203,#4316,.T.);
#3912=EDGE_CURVE('',#4311,#4194,#4317,.T.);
#3913=EDGE_CURVE('',#4318,#4311,#4319,.T.);
#3914=EDGE_CURVE('',#4192,#4320,#4321,.T.);
#3915=EDGE_CURVE('',#4322,#4320,#4323,.T.);
#3916=EDGE_CURVE('',#4324,#4322,#4325,.T.);
#3917=EDGE_CURVE('',#4324,#4326,#4327,.T.);
#3918=EDGE_CURVE('',#4326,#4318,#4328,.T.);
#3919=EDGE_CURVE('',#4320,#4326,#4329,.T.);
#3920=EDGE_CURVE('',#4202,#4199,#4330,.T.);
#3921=EDGE_CURVE('',#4209,#4331,#4332,.T.);
#3922=EDGE_CURVE('',#4318,#4331,#4333,.T.);
#3923=EDGE_CURVE('',#4331,#4312,#4334,.T.);
#3924=EDGE_CURVE('',#4331,#4335,#4336,.T.);
#3925=EDGE_CURVE('',#4335,#4337,#4338,.T.);
#3926=EDGE_CURVE('',#4312,#4337,#4339,.T.);
#3927=EDGE_CURVE('',#4233,#4243,#4340,.T.);
#3928=EDGE_CURVE('',#4225,#4231,#4341,.T.);
#3929=EDGE_CURVE('',#4213,#4223,#4342,.T.);
#3930=EDGE_CURVE('',#4337,#4343,#4344,.T.);
#3931=EDGE_CURVE('',#4239,#4343,#4345,.T.);
#3932=EDGE_CURVE('',#4217,#4207,#4346,.T.);
#3933=EDGE_CURVE('',#4230,#4227,#4347,.T.);
#3934=EDGE_CURVE('',#4241,#4348,#4349,.T.);
#3935=EDGE_CURVE('',#4348,#4235,#4350,.T.);
#3936=EDGE_CURVE('',#4222,#4215,#4351,.T.);
#3937=EDGE_CURVE('',#4343,#4257,#4352,.T.);
#3938=EDGE_CURVE('',#4256,#4238,#4353,.T.);
#3939=EDGE_CURVE('',#4259,#4269,#4354,.T.);
#3940=EDGE_CURVE('',#4267,#4261,#4355,.T.);
#3941=EDGE_CURVE('',#4246,#4264,#4356,.T.);
#3942=EDGE_CURVE('',#4265,#4247,#4357,.T.);
#3943=EDGE_CURVE('',#4277,#4251,#4358,.T.);
#3944=EDGE_CURVE('',#4249,#4279,#4359,.T.);
#3945=EDGE_CURVE('',#4284,#4290,#4360,.T.);
#3946=EDGE_CURVE('',#4288,#4361,#4362,.T.);
#3947=EDGE_CURVE('',#4361,#4282,#4363,.T.);
#3948=EDGE_CURVE('',#4292,#4364,#4365,.T.);
#3949=EDGE_CURVE('',#4364,#4298,#4366,.T.);
#3950=EDGE_CURVE('',#4296,#4287,#4367,.T.);
#3951=EDGE_CURVE('',#4300,#4306,#4368,.T.);
#3952=EDGE_CURVE('',#4304,#4295,#4369,.T.);
#3953=EDGE_CURVE('',#4308,#4275,#4370,.T.);
#3954=EDGE_CURVE('',#4273,#4303,#4371,.T.);
#3955=EDGE_CURVE('',#4372,#4180,#4373,.T.);
#3956=EDGE_CURVE('',#4179,#4372,#4374,.T.);
#3957=EDGE_CURVE('',#4348,#4335,#4375,.T.);
#3958=EDGE_CURVE('',#4253,#4376,#4377,.T.);
#3959=EDGE_CURVE('',#4335,#4376,#4378,.T.);
#3960=EDGE_CURVE('',#4376,#4379,#4380,.T.);
#3961=EDGE_CURVE('',#4337,#4379,#4381,.T.);
#3962=EDGE_CURVE('',#4379,#4272,#4382,.T.);
#3963=EDGE_CURVE('',#4379,#4383,#4384,.T.);
#3964=EDGE_CURVE('',#4383,#4361,#4385,.T.);
#3965=EDGE_CURVE('',#4383,#4386,#4387,.T.);
#3966=EDGE_CURVE('',#4372,#4386,#4388,.T.);
#3967=EDGE_CURVE('',#4389,#4390,#4391,.T.);
#3968=EDGE_CURVE('',#4390,#4389,#4392,.T.);
#3969=EDGE_CURVE('',#4386,#4393,#4394,.T.);
#3970=EDGE_CURVE('',#4393,#4182,#4395,.T.);
#3971=EDGE_CURVE('',#4396,#4397,#4398,.T.);
#3972=EDGE_CURVE('',#4389,#4396,#4399,.T.);
#3973=EDGE_CURVE('',#4400,#4390,#4401,.T.);
#3974=EDGE_CURVE('',#4402,#4400,#4403,.T.);
#3975=EDGE_CURVE('',#4402,#4404,#4405,.T.);
#3976=EDGE_CURVE('',#4406,#4404,#4407,.T.);
#3977=EDGE_CURVE('',#4408,#4406,#4409,.T.);
#3978=EDGE_CURVE('',#4408,#4397,#4410,.T.);
#3979=EDGE_CURVE('',#4411,#4412,#4413,.T.);
#3980=EDGE_CURVE('',#4414,#4411,#4415,.T.);
#3981=EDGE_CURVE('',#4416,#4414,#4417,.T.);
#3982=EDGE_CURVE('',#4416,#4418,#4419,.T.);
#3983=EDGE_CURVE('',#4418,#4420,#4421,.T.);
#3984=EDGE_CURVE('',#4422,#4420,#4423,.T.);
#3985=EDGE_CURVE('',#4422,#4424,#4425,.T.);
#3986=EDGE_CURVE('',#4424,#4412,#4426,.T.);
#3987=EDGE_CURVE('',#4427,#4428,#4429,.T.);
#3988=EDGE_CURVE('',#4427,#4430,#4431,.T.);
#3989=EDGE_CURVE('',#4430,#4432,#4433,.T.);
#3990=EDGE_CURVE('',#4428,#4432,#4434,.T.);
#3991=EDGE_CURVE('',#4435,#4404,#4436,.T.);
#3992=EDGE_CURVE('',#4435,#4402,#4437,.T.);
#3993=EDGE_CURVE('',#4438,#4397,#4439,.T.);
#3994=EDGE_CURVE('',#4408,#4438,#4440,.T.);
#3995=EDGE_CURVE('',#4424,#4441,#4442,.T.);
#3996=EDGE_CURVE('',#4441,#4443,#4444,.T.);
#3997=EDGE_CURVE('',#4443,#4412,#4445,.T.);
#3998=EDGE_CURVE('',#4443,#4446,#4447,.T.);
#3999=EDGE_CURVE('',#4446,#4448,#4449,.T.);
#4000=EDGE_CURVE('',#4412,#4448,#4450,.T.);
#4001=EDGE_CURVE('',#4451,#4452,#4453,.T.);
#4002=EDGE_CURVE('',#4396,#4452,#4454,.T.);
#4003=EDGE_CURVE('',#4455,#4396,#4456,.T.);
#4004=EDGE_CURVE('',#4455,#4457,#4458,.T.);
#4005=EDGE_CURVE('',#4451,#4457,#4459,.T.);
#4006=EDGE_CURVE('',#4448,#4460,#4461,.T.);
#4007=EDGE_CURVE('',#4462,#4460,#4463,.T.);
#4008=EDGE_CURVE('',#4464,#4462,#4465,.T.);
#4009=EDGE_CURVE('',#4464,#4466,#4467,.T.);
#4010=EDGE_CURVE('',#4466,#4468,#4469,.T.);
#4011=EDGE_CURVE('',#4411,#4468,#4470,.T.);
#4012=EDGE_CURVE('',#4471,#4457,#4472,.T.);
#4013=EDGE_CURVE('',#4473,#4471,#4474,.T.);
#4014=EDGE_CURVE('',#4451,#4473,#4475,.T.);
#4015=EDGE_CURVE('',#4476,#4451,#4477,.T.);
#4016=EDGE_CURVE('',#4473,#4476,#4478,.T.);
#4017=EDGE_CURVE('',#4479,#4473,#4480,.T.);
#4018=EDGE_CURVE('',#4481,#4479,#4482,.T.);
#4019=EDGE_CURVE('',#4481,#4476,#4483,.T.);
#4020=EDGE_CURVE('',#4484,#4485,#4486,.T.);
#4021=EDGE_CURVE('',#4476,#4484,#4487,.T.);
#4022=EDGE_CURVE('',#4485,#4481,#4488,.T.);
#4023=EDGE_CURVE('',#4489,#4490,#4491,.T.);
#4024=EDGE_CURVE('',#4490,#4489,#4492,.T.);
#4025=EDGE_CURVE('',#4489,#4493,#4494,.T.);
#4026=EDGE_CURVE('',#4495,#4493,#4496,.T.);
#4027=EDGE_CURVE('',#4490,#4495,#4497,.T.);
#4028=EDGE_CURVE('',#4493,#4495,#4498,.T.);
#4029=EDGE_CURVE('',#4446,#4499,#4500,.T.);
#4030=EDGE_CURVE('',#4499,#4441,#4501,.T.);
#4031=EDGE_CURVE('',#4502,#4424,#4503,.T.);
#4032=EDGE_CURVE('',#4499,#4502,#4504,.T.);
#4033=EDGE_CURVE('',#4448,#4502,#4505,.T.);
#4034=EDGE_CURVE('',#4471,#4506,#4507,.T.);
#4035=EDGE_CURVE('',#4479,#4506,#4508,.T.);
#4036=EDGE_CURVE('',#4509,#4510,#4511,.T.);
#4037=EDGE_CURVE('',#4510,#4509,#4512,.T.);
#4038=EDGE_CURVE('',#4502,#4513,#4514,.T.);
#4039=EDGE_CURVE('',#4515,#4513,#4516,.T.);
#4040=EDGE_CURVE('',#4517,#4515,#4518,.T.);
#4041=EDGE_CURVE('',#4519,#4517,#4520,.T.);
#4042=EDGE_CURVE('',#4519,#4521,#4522,.T.);
#4043=EDGE_CURVE('',#4460,#4521,#4523,.T.);
#4044=EDGE_CURVE('',#4509,#4524,#4525,.T.);
#4045=EDGE_CURVE('',#4526,#4524,#4527,.T.);
#4046=EDGE_CURVE('',#4510,#4526,#4528,.T.);
#4047=EDGE_CURVE('',#4524,#4526,#4529,.T.);
#4048=EDGE_CURVE('',#4530,#4506,#4531,.T.);
#4049=EDGE_CURVE('',#4532,#4530,#4533,.T.);
#4050=EDGE_CURVE('',#4479,#4532,#4534,.T.);
#4051=EDGE_CURVE('',#4532,#4481,#4535,.T.);
#4052=EDGE_CURVE('',#4485,#4536,#4537,.T.);
#4053=EDGE_CURVE('',#4536,#4532,#4538,.T.);
#4054=EDGE_CURVE('',#4539,#4530,#4540,.T.);
#4055=EDGE_CURVE('',#4539,#4400,#4541,.T.);
#4056=EDGE_CURVE('',#4400,#4536,#4542,.T.);
#4057=EDGE_CURVE('',#4543,#4422,#4544,.T.);
#4058=EDGE_CURVE('',#4545,#4543,#4546,.T.);
#4059=EDGE_CURVE('',#4547,#4545,#4548,.T.);
#4060=EDGE_CURVE('',#4547,#4549,#4550,.T.);
#4061=EDGE_CURVE('',#4513,#4549,#4551,.T.);
#4062=EDGE_CURVE('',#4435,#4539,#4552,.T.);
#4063=EDGE_CURVE('',#4400,#4428,#4553,.T.);
#4064=EDGE_CURVE('',#4536,#4432,#4554,.T.);
#4065=EDGE_CURVE('',#4539,#4555,#4556,.T.);
#4066=EDGE_CURVE('',#4555,#4435,#4557,.T.);
#4067=EDGE_CURVE('',#4555,#4406,#4558,.T.);
#4068=EDGE_CURVE('',#4406,#4559,#4560,.T.);
#4069=EDGE_CURVE('',#4555,#4561,#4562,.T.);
#4070=EDGE_CURVE('',#4563,#4561,#4564,.T.);
#4071=EDGE_CURVE('',#4559,#4563,#4565,.T.);
#4072=EDGE_CURVE('',#4559,#4455,#4566,.T.);
#4073=EDGE_CURVE('',#4457,#4563,#4567,.T.);
#4074=EDGE_CURVE('',#4563,#4471,#4568,.T.);
#4075=EDGE_CURVE('',#4506,#4561,#4569,.T.);
#4076=EDGE_CURVE('',#4561,#4530,#4570,.T.);
#4077=EDGE_CURVE('',#4455,#4438,#4571,.T.);
#4078=EDGE_CURVE('',#4438,#4559,#4572,.T.);
#4079=EDGE_CURVE('',#4432,#4485,#4573,.T.);
#4080=EDGE_CURVE('',#4484,#4430,#4574,.T.);
#4081=EDGE_CURVE('',#4452,#4484,#4575,.T.);
#4082=EDGE_CURVE('',#4430,#4452,#4576,.T.);
#4083=EDGE_CURVE('',#4427,#4396,#4577,.T.);
#4084=EDGE_CURVE('',#4468,#4578,#4579,.T.);
#4085=EDGE_CURVE('',#4578,#4414,#4580,.T.);
#4086=EDGE_CURVE('',#4581,#4582,#4583,.T.);
#4087=EDGE_CURVE('',#4584,#4581,#4585,.T.);
#4088=EDGE_CURVE('',#4586,#4584,#4587,.T.);
#4089=EDGE_CURVE('',#4582,#4586,#4588,.T.);
#4090=EDGE_CURVE('',#4521,#4589,#4590,.T.);
#4091=EDGE_CURVE('',#4589,#4462,#4591,.T.);
#4092=EDGE_CURVE('',#4592,#4593,#4594,.T.);
#4093=EDGE_CURVE('',#4595,#4592,#4596,.T.);
#4094=EDGE_CURVE('',#4597,#4595,#4598,.T.);
#4095=EDGE_CURVE('',#4593,#4597,#4599,.T.);
#4096=EDGE_CURVE('',#4420,#4600,#4601,.T.);
#4097=EDGE_CURVE('',#4600,#4543,#4602,.T.);
#4098=EDGE_CURVE('',#4603,#4604,#4605,.T.);
#4099=EDGE_CURVE('',#4606,#4603,#4607,.T.);
#4100=EDGE_CURVE('',#4608,#4606,#4609,.T.);
#4101=EDGE_CURVE('',#4604,#4608,#4610,.T.);
#4102=EDGE_CURVE('',#4549,#4611,#4612,.T.);
#4103=EDGE_CURVE('',#4611,#4515,#4613,.T.);
#4104=EDGE_CURVE('',#4614,#4615,#4616,.T.);
#4105=EDGE_CURVE('',#4617,#4614,#4618,.T.);
#4106=EDGE_CURVE('',#4619,#4617,#4620,.T.);
#4107=EDGE_CURVE('',#4615,#4619,#4621,.T.);
#4108=EDGE_CURVE('',#4622,#4578,#4623,.T.);
#4109=EDGE_CURVE('',#4416,#4622,#4624,.T.);
#4110=EDGE_CURVE('',#4464,#4625,#4626,.T.);
#4111=EDGE_CURVE('',#4519,#4625,#4627,.T.);
#4112=EDGE_CURVE('',#4517,#4628,#4629,.T.);
#4113=EDGE_CURVE('',#4547,#4628,#4630,.T.);
#4114=EDGE_CURVE('',#4545,#4631,#4632,.T.);
#4115=EDGE_CURVE('',#4418,#4631,#4633,.T.);
#4116=EDGE_CURVE('',#4466,#4622,#4634,.T.);
#4117=EDGE_CURVE('',#4635,#4636,#4637,.T.);
#4118=EDGE_CURVE('',#4636,#4635,#4638,.T.);
#4119=EDGE_CURVE('',#4631,#4600,#4639,.T.);
#4120=EDGE_CURVE('',#4628,#4611,#4640,.T.);
#4121=EDGE_CURVE('',#4625,#4589,#4641,.T.);
#4122=EDGE_CURVE('',#4642,#4635,#4643,.T.);
#4123=EDGE_CURVE('',#4644,#4642,#4645,.T.);
#4124=EDGE_CURVE('',#4644,#4636,#4646,.T.);
#4125=EDGE_CURVE('',#4642,#4644,#4647,.T.);
#4126=EDGE_CURVE('',#4597,#4648,#4649,.T.);
#4127=EDGE_CURVE('',#4650,#4648,#4651,.T.);
#4128=EDGE_CURVE('',#4593,#4650,#4652,.T.);
#4129=EDGE_CURVE('',#4653,#4650,#4654,.T.);
#4130=EDGE_CURVE('',#4592,#4653,#4655,.T.);
#4131=EDGE_CURVE('',#4656,#4653,#4657,.T.);
#4132=EDGE_CURVE('',#4595,#4656,#4658,.T.);
#4133=EDGE_CURVE('',#4648,#4656,#4659,.T.);
#4134=EDGE_CURVE('',#4660,#4661,#4662,.T.);
#4135=EDGE_CURVE('',#4661,#4663,#4664,.T.);
#4136=EDGE_CURVE('',#4663,#4665,#4666,.T.);
#4137=EDGE_CURVE('',#4665,#4660,#4667,.T.);
#4138=EDGE_CURVE('',#4668,#4669,#4670,.T.);
#4139=EDGE_CURVE('',#4669,#4671,#4672,.T.);
#4140=EDGE_CURVE('',#4671,#4673,#4674,.T.);
#4141=EDGE_CURVE('',#4673,#4668,#4675,.T.);
#4142=EDGE_CURVE('',#4676,#4677,#4678,.T.);
#4143=EDGE_CURVE('',#4677,#4679,#4680,.T.);
#4144=EDGE_CURVE('',#4679,#4681,#4682,.T.);
#4145=EDGE_CURVE('',#4681,#4676,#4683,.T.);
#4146=EDGE_CURVE('',#4619,#4660,#4684,.T.);
#4147=EDGE_CURVE('',#4615,#4665,#4685,.T.);
#4148=EDGE_CURVE('',#4614,#4663,#4686,.T.);
#4149=EDGE_CURVE('',#4617,#4661,#4687,.T.);
#4150=EDGE_CURVE('',#4608,#4668,#4688,.T.);
#4151=EDGE_CURVE('',#4604,#4673,#4689,.T.);
#4152=EDGE_CURVE('',#4603,#4671,#4690,.T.);
#4153=EDGE_CURVE('',#4606,#4669,#4691,.T.);
#4154=EDGE_CURVE('',#4586,#4676,#4692,.T.);
#4155=EDGE_CURVE('',#4582,#4681,#4693,.T.);
#4156=EDGE_CURVE('',#4581,#4679,#4694,.T.);
#4157=EDGE_CURVE('',#4584,#4677,#4695,.T.);
#4158=EDGE_CURVE('',#4696,#4393,#4697,.T.);
#4159=EDGE_CURVE('',#4364,#4696,#4698,.T.);
#4160=EDGE_CURVE('',#4376,#4696,#4699,.T.);
#4161=EDGE_CURVE('',#4696,#4383,#4700,.T.);
#4162=EDGE_CURVE('',#4324,#4322,#4701,.T.);
#4163=EDGE_CURVE('',#4702,#4322,#4703,.T.);
#4164=EDGE_CURVE('',#4704,#4324,#4705,.T.);
#4165=EDGE_CURVE('',#4702,#4704,#4706,.T.);
#4166=EDGE_CURVE('',#4704,#4702,#4707,.T.);
#4167=EDGE_CURVE('',#4708,#4709,#4710,.T.);
#4168=EDGE_CURVE('',#4709,#4708,#4711,.T.);
#4169=EDGE_CURVE('',#4712,#4708,#4713,.T.);
#4170=EDGE_CURVE('',#4714,#4712,#4715,.T.);
#4171=EDGE_CURVE('',#4714,#4709,#4716,.T.);
#4172=EDGE_CURVE('',#4714,#4712,#4717,.T.);
#4173=EDGE_CURVE('',#4718,#4719,#4720,.T.);
#4174=EDGE_CURVE('',#4718,#4719,#4721,.T.);
#4175=EDGE_CURVE('',#4722,#4719,#4723,.T.);
#4176=EDGE_CURVE('',#4724,#4722,#4725,.T.);
#4177=EDGE_CURVE('',#4724,#4718,#4726,.T.);
#4178=EDGE_CURVE('',#4724,#4722,#4727,.T.);
#4179=VERTEX_POINT('',#4728);
#4180=VERTEX_POINT('',#4729);
#4181=LINE('',#4730,#4731);
#4182=VERTEX_POINT('',#4732);
#4183=CIRCLE('',#4733,3.175);
#4184=VERTEX_POINT('',#4734);
#4185=B_SPLINE_CURVE_WITH_KNOTS('',3,(#4735,#4736,#4737,#4738,#4739,#4740,#4741,#4742,#4743,#4744,#4745,#4746,#4747,#4748,#4749,#4750,#4751,#4752,#4753),.UNSPECIFIED.,.F.,.F.,(4,1,1,1,1,1,1,1,1,1,1,1,1,1,1,1,4),(0.0,0.0625,0.125,0.1875,0.25,0.3125,0.375,0.4375,0.5,0.5625,0.625,0.6875,0.75,0.8125,0.875,0.9375,1.0),.UNSPECIFIED.);
#4186=VERTEX_POINT('',#4754);
#4187=LINE('',#4755,#4756);
#4188=B_SPLINE_CURVE_WITH_KNOTS('',3,(#4757,#4758,#4759,#4760,#4761,#4762,#4763,#4764,#4765,#4766,#4767,#4768,#4769,#4770,#4771,#4772,#4773,#4774,#4775,#4776,#4777,#4778,#4779,#4780),.UNSPECIFIED.,.F.,.F.,(4,1,1,1,1,1,1,1,1,1,1,1,1,1,1,1,1,1,1,1,1,4),(9.19491095860987E-11,0.04761904761905,0.0952380952381,0.1428571428571,0.1904761904762,0.2380952380952,0.2857142857143,0.3333333333333,0.3809523809524,0.4285714285714,0.4761904761905,0.5238095238095,0.5714285714286,0.6190476190476,0.6666666666667,0.7142857142857,0.7619047619048,0.8095238095238,0.8571428571429,0.9047619047619,0.952380952381,1.0),.UNSPECIFIED.);
#4189=VERTEX_POINT('',#4781);
#4190=VERTEX_POINT('',#4782);
#4191=LINE('',#4783,#4784);
#4192=VERTEX_POINT('',#4785);
#4193=B_SPLINE_CURVE_WITH_KNOTS('',3,(#4786,#4787,#4788,#4789,#4790,#4791,#4792,#4793,#4794,#4795,#4796,#4797,#4798,#4799,#4800,#4801,#4802,#4803,#4804,#4805,#4806,#4807,#4808,#4809,#4810,#4811,#4812,#4813,#4814,#4815,#4816,#4817,#4818,#4819,#4820,#4821,#4822),.UNSPECIFIED.,.F.,.F.,(4,1,1,1,1,1,1,1,1,1,1,1,1,1,1,1,1,1,1,1,1,1,1,1,1,1,1,1,1,1,1,1,1,1,4),(0.0,0.02941176470588,0.05882352941176,0.08823529411765,0.1176470588235,0.1470588235294,0.1764705882353,0.2058823529412,0.2352941176471,0.2647058823529,0.2941176470588,0.3235294117647,0.3529411764706,0.3823529411765,0.4117647058824,0.4411764705882,0.4705882352941,0.5,0.5294117647059,0.5588235294118,0.5882352941176,0.6176470588235,0.6470588235294,0.6764705882353,0.7058823529412,0.7352941176471,0.7647058823529,0.7941176470588,0.8235294117647,0.8529411764706,0.8823529411765,0.9117647058824,0.9411764705882,0.9705882352941,1.0),.UNSPECIFIED.);
#4194=VERTEX_POINT('',#4823);
#4195=CIRCLE('',#4824,3.175);
#4196=B_SPLINE_CURVE_WITH_KNOTS('',3,(#4825,#4826,#4827,#4828,#4829,#4830,#4831,#4832,#4833,#4834,#4835,#4836,#4837,#4838,#4839,#4840,#4841,#4842,#4843,#4844,#4845,#4846,#4847,#4848,#4849,#4850,#4851,#4852,#4853,#4854,#4855),.UNSPECIFIED.,.F.,.F.,(4,1,1,1,1,1,1,1,1,1,1,1,1,1,1,1,1,1,1,1,1,1,1,1,1,1,1,1,4),(0.0,0.03571428571429,0.07142857142857,0.1071428571429,0.1428571428571,0.1785714285714,0.2142857142857,0.25,0.2857142857143,0.3214285714286,0.3571428571429,0.3928571428571,0.4285714285714,0.4642857142857,0.5,0.5357142857143,0.5714285714286,0.6071428571429,0.6428571428571,0.6785714285714,0.7142857142857,0.75,0.7857142857143,0.8214285714286,0.8571428571429,0.8928571428571,0.9285714285714,0.9642857142857,1.0),.UNSPECIFIED.);
#4197=VERTEX_POINT('',#4856);
#4198=B_SPLINE_CURVE_WITH_KNOTS('',3,(#4857,#4858,#4859,#4860,#4861,#4862,#4863,#4864,#4865,#4866,#4867,#4868,#4869,#4870,#4871,#4872,#4873,#4874,#4875,#4876,#4877,#4878,#4879,#4880,#4881,#4882,#4883,#4884,#4885,#4886,#4887),.UNSPECIFIED.,.F.,.F.,(4,1,1,1,1,1,1,1,1,1,1,1,1,1,1,1,1,1,1,1,1,1,1,1,1,1,1,1,4),(0.0,0.03571428571429,0.07142857142857,0.1071428571429,0.1428571428571,0.1785714285714,0.2142857142857,0.25,0.2857142857143,0.3214285714286,0.3571428571429,0.3928571428571,0.4285714285714,0.4642857142857,0.5,0.5357142857143,0.5714285714286,0.6071428571429,0.6428571428571,0.6785714285714,0.7142857142857,0.75,0.7857142857143,0.8214285714286,0.8571428571429,0.8928571428571,0.9285714285714,0.9642857142857,1.0),.UNSPECIFIED.);
#4199=VERTEX_POINT('',#4888);
#4200=LINE('',#4889,#4890);
#4201=B_SPLINE_CURVE_WITH_KNOTS('',3,(#4891,#4892,#4893,#4894,#4895,#4896,#4897,#4898,#4899,#4900,#4901,#4902,#4903,#4904,#4905,#4906,#4907,#4908,#4909,#4910,#4911,#4912,#4913,#4914,#4915,#4916,#4917,#4918,#4919,#4920,#4921,#4922,#4923,#4924,#4925,#4926,#4927),.UNSPECIFIED.,.F.,.F.,(4,1,1,1,1,1,1,1,1,1,1,1,1,1,1,1,1,1,1,1,1,1,1,1,1,1,1,1,1,1,1,1,1,1,4),(0.0,0.02941176470588,0.05882352941176,0.08823529411765,0.1176470588235,0.1470588235294,0.1764705882353,0.2058823529412,0.2352941176471,0.2647058823529,0.2941176470588,0.3235294117647,0.3529411764706,0.3823529411765,0.4117647058824,0.4411764705882,0.4705882352941,0.5,0.5294117647059,0.5588235294118,0.5882352941176,0.6176470588235,0.6470588235294,0.6764705882353,0.7058823529412,0.7352941176471,0.7647058823529,0.7941176470588,0.8235294117647,0.8529411764706,0.8823529411765,0.9117647058824,0.9411764705882,0.9705882352941,1.0),.UNSPECIFIED.);
#4202=VERTEX_POINT('',#4928);
#4203=VERTEX_POINT('',#4929);
#4204=LINE('',#4930,#4931);
#4205=VERTEX_POINT('',#4932);
#4206=B_SPLINE_CURVE_WITH_KNOTS('',3,(#4933,#4934,#4935,#4936,#4937,#4938,#4939,#4940,#4941,#4942,#4943,#4944,#4945,#4946,#4947,#4948,#4949,#4950,#4951,#4952,#4953,#4954,#4955,#4956),.UNSPECIFIED.,.F.,.F.,(4,1,1,1,1,1,1,1,1,1,1,1,1,1,1,1,1,1,1,1,1,4),(0.0,0.04761904761905,0.0952380952381,0.1428571428571,0.1904761904762,0.2380952380952,0.2857142857143,0.3333333333333,0.3809523809524,0.4285714285714,0.4761904761905,0.5238095238095,0.5714285714286,0.6190476190476,0.6666666666667,0.7142857142857,0.7619047619048,0.8095238095238,0.8571428571429,0.9047619047619,0.952380952381,1.0),.UNSPECIFIED.);
#4207=VERTEX_POINT('',#4957);
#4208=LINE('',#4958,#4959);
#4209=VERTEX_POINT('',#4960);
#4210=B_SPLINE_CURVE_WITH_KNOTS('',3,(#4961,#4962,#4963,#4964,#4965,#4966,#4967),.UNSPECIFIED.,.F.,.F.,(4,1,1,1,4),(0.0,0.25,0.5,0.75,1.0),.UNSPECIFIED.);
#4211=B_SPLINE_CURVE_WITH_KNOTS('',3,(#4968,#4969,#4970,#4971,#4972,#4973,#4974,#4975,#4976,#4977,#4978,#4979,#4980,#4981,#4982,#4983,#4984,#4985,#4986,#4987,#4988),.UNSPECIFIED.,.F.,.F.,(4,1,1,1,1,1,1,1,1,1,1,1,1,1,1,1,1,1,4),(0.0,0.05555555555556,0.1111111111111,0.1666666666667,0.2222222222222,0.2777777777778,0.3333333333333,0.3888888888889,0.4444444444444,0.5,0.5555555555556,0.6111111111111,0.6666666666667,0.7222222222222,0.7777777777778,0.8333333333333,0.8888888888889,0.9444444444444,1.0),.UNSPECIFIED.);
#4212=VERTEX_POINT('',#4989);
#4213=VERTEX_POINT('',#4990);
#4214=B_SPLINE_CURVE_WITH_KNOTS('',3,(#4991,#4992,#4993,#4994,#4995,#4996,#4997),.UNSPECIFIED.,.F.,.F.,(4,1,1,1,4),(0.0,0.25,0.5,0.75,1.0),.UNSPECIFIED.);
#4215=VERTEX_POINT('',#4998);
#4216=LINE('',#4999,#5000);
#4217=VERTEX_POINT('',#5001);
#4218=B_SPLINE_CURVE_WITH_KNOTS('',3,(#5002,#5003,#5004,#5005,#5006,#5007,#5008,#5009,#5010,#5011,#5012,#5013,#5014,#5015,#5016,#5017,#5018,#5019,#5020,#5021,#5022,#5023,#5024,#5025),.UNSPECIFIED.,.F.,.F.,(4,1,1,1,1,1,1,1,1,1,1,1,1,1,1,1,1,1,1,1,1,4),(0.0,0.04761904761905,0.0952380952381,0.1428571428571,0.1904761904762,0.2380952380952,0.2857142857143,0.3333333333333,0.3809523809524,0.4285714285714,0.4761904761905,0.5238095238095,0.5714285714286,0.6190476190476,0.6666666666667,0.7142857142857,0.7619047619048,0.8095238095238,0.8571428571429,0.9047619047619,0.952380952381,1.0),.UNSPECIFIED.);
#4219=VERTEX_POINT('',#5026);
#4220=LINE('',#5027,#5028);
#4221=B_SPLINE_CURVE_WITH_KNOTS('',3,(#5029,#5030,#5031,#5032,#5033,#5034,#5035,#5036,#5037,#5038,#5039,#5040,#5041,#5042,#5043,#5044,#5045,#5046,#5047,#5048,#5049),.UNSPECIFIED.,.F.,.F.,(4,1,1,1,1,1,1,1,1,1,1,1,1,1,1,1,1,1,4),(0.0,0.05555555555556,0.1111111111111,0.1666666666667,0.2222222222222,0.2777777777778,0.3333333333333,0.3888888888889,0.4444444444444,0.5,0.5555555555556,0.6111111111111,0.6666666666667,0.7222222222222,0.7777777777778,0.8333333333333,0.8888888888889,0.9444444444444,1.0),.UNSPECIFIED.);
#4222=VERTEX_POINT('',#5050);
#4223=VERTEX_POINT('',#5051);
#4224=LINE('',#5052,#5053);
#4225=VERTEX_POINT('',#5054);
#4226=B_SPLINE_CURVE_WITH_KNOTS('',3,(#5055,#5056,#5057,#5058,#5059,#5060,#5061,#5062,#5063,#5064,#5065,#5066,#5067,#5068,#5069,#5070,#5071,#5072,#5073,#5074,#5075,#5076,#5077,#5078),.UNSPECIFIED.,.F.,.F.,(4,1,1,1,1,1,1,1,1,1,1,1,1,1,1,1,1,1,1,1,1,4),(0.0,0.04761904761905,0.0952380952381,0.1428571428571,0.1904761904762,0.2380952380952,0.2857142857143,0.3333333333333,0.3809523809524,0.4285714285714,0.4761904761905,0.5238095238095,0.5714285714286,0.6190476190476,0.6666666666667,0.7142857142857,0.7619047619048,0.8095238095238,0.8571428571429,0.9047619047619,0.952380952381,1.0),.UNSPECIFIED.);
#4227=VERTEX_POINT('',#5079);
#4228=LINE('',#5080,#5081);
#4229=B_SPLINE_CURVE_WITH_KNOTS('',3,(#5082,#5083,#5084,#5085,#5086,#5087,#5088,#5089,#5090,#5091,#5092,#5093,#5094,#5095,#5096,#5097,#5098,#5099,#5100,#5101,#5102,#5103,#5104,#5105),.UNSPECIFIED.,.F.,.F.,(4,1,1,1,1,1,1,1,1,1,1,1,1,1,1,1,1,1,1,1,1,4),(0.0,0.04761904761905,0.0952380952381,0.1428571428571,0.1904761904762,0.2380952380952,0.2857142857143,0.3333333333333,0.3809523809524,0.4285714285714,0.4761904761905,0.5238095238095,0.5714285714286,0.6190476190476,0.6666666666667,0.7142857142857,0.7619047619048,0.8095238095238,0.8571428571429,0.9047619047619,0.952380952381,1.0),.UNSPECIFIED.);
#4230=VERTEX_POINT('',#5106);
#4231=VERTEX_POINT('',#5107);
#4232=LINE('',#5108,#5109);
#4233=VERTEX_POINT('',#5110);
#4234=B_SPLINE_CURVE_WITH_KNOTS('',3,(#5111,#5112,#5113,#5114,#5115,#5116,#5117,#5118,#5119,#5120,#5121,#5122,#5123,#5124,#5125,#5126,#5127,#5128,#5129,#5130,#5131,#5132,#5133,#5134),.UNSPECIFIED.,.F.,.F.,(4,1,1,1,1,1,1,1,1,1,1,1,1,1,1,1,1,1,1,1,1,4),(0.0,0.04761904761905,0.0952380952381,0.1428571428571,0.1904761904762,0.2380952380952,0.2857142857143,0.3333333333333,0.3809523809524,0.4285714285714,0.4761904761905,0.5238095238095,0.5714285714286,0.6190476190476,0.6666666666667,0.7142857142857,0.7619047619048,0.8095238095238,0.8571428571429,0.9047619047619,0.952380952381,1.0),.UNSPECIFIED.);
#4235=VERTEX_POINT('',#5135);
#4236=LINE('',#5136,#5137);
#4237=B_SPLINE_CURVE_WITH_KNOTS('',3,(#5138,#5139,#5140,#5141,#5142,#5143,#5144,#5145,#5146,#5147,#5148,#5149,#5150,#5151,#5152,#5153,#5154,#5155,#5156,#5157,#5158,#5159,#5160,#5161),.UNSPECIFIED.,.F.,.F.,(4,1,1,1,1,1,1,1,1,1,1,1,1,1,1,1,1,1,1,1,1,4),(0.0,0.04761904761905,0.0952380952381,0.1428571428571,0.1904761904762,0.2380952380952,0.2857142857143,0.3333333333333,0.3809523809524,0.4285714285714,0.4761904761905,0.5238095238095,0.5714285714286,0.6190476190476,0.6666666666667,0.7142857142857,0.7619047619048,0.8095238095238,0.8571428571429,0.9047619047619,0.952380952381,1.0),.UNSPECIFIED.);
#4238=VERTEX_POINT('',#5162);
#4239=VERTEX_POINT('',#5163);
#4240=LINE('',#5164,#5165);
#4241=VERTEX_POINT('',#5166);
#4242=B_SPLINE_CURVE_WITH_KNOTS('',3,(#5167,#5168,#5169,#5170,#5171,#5172,#5173,#5174,#5175,#5176,#5177,#5178,#5179,#5180,#5181,#5182,#5183,#5184,#5185,#5186,#5187,#5188,#5189,#5190),.UNSPECIFIED.,.F.,.F.,(4,1,1,1,1,1,1,1,1,1,1,1,1,1,1,1,1,1,1,1,1,4),(0.0,0.04761904761905,0.0952380952381,0.1428571428571,0.1904761904762,0.2380952380952,0.2857142857143,0.3333333333333,0.3809523809524,0.4285714285714,0.4761904761905,0.5238095238095,0.5714285714286,0.6190476190476,0.6666666666667,0.7142857142857,0.7619047619048,0.8095238095238,0.8571428571429,0.9047619047619,0.952380952381,1.0),.UNSPECIFIED.);
#4243=VERTEX_POINT('',#5191);
#4244=LINE('',#5192,#5193);
#4245=B_SPLINE_CURVE_WITH_KNOTS('',3,(#5194,#5195,#5196,#5197,#5198,#5199,#5200,#5201,#5202,#5203,#5204,#5205,#5206,#5207,#5208,#5209,#5210,#5211,#5212,#5213,#5214,#5215,#5216,#5217),.UNSPECIFIED.,.F.,.F.,(4,1,1,1,1,1,1,1,1,1,1,1,1,1,1,1,1,1,1,1,1,4),(0.0,0.04761904761905,0.0952380952381,0.1428571428571,0.1904761904762,0.2380952380952,0.2857142857143,0.3333333333333,0.3809523809524,0.4285714285714,0.4761904761905,0.5238095238095,0.5714285714286,0.6190476190476,0.6666666666667,0.7142857142857,0.7619047619048,0.8095238095238,0.8571428571429,0.9047619047619,0.952380952381,1.0),.UNSPECIFIED.);
#4246=VERTEX_POINT('',#5218);
#4247=VERTEX_POINT('',#5219);
#4248=LINE('',#5220,#5221);
#4249=VERTEX_POINT('',#5222);
#4250=B_SPLINE_CURVE_WITH_KNOTS('',3,(#5223,#5224,#5225,#5226,#5227,#5228,#5229,#5230,#5231,#5232,#5233,#5234,#5235,#5236,#5237,#5238,#5239,#5240,#5241,#5242,#5243,#5244,#5245,#5246),.UNSPECIFIED.,.F.,.F.,(4,1,1,1,1,1,1,1,1,1,1,1,1,1,1,1,1,1,1,1,1,4),(0.0,0.04761904761905,0.0952380952381,0.1428571428571,0.1904761904762,0.2380952380952,0.2857142857143,0.3333333333333,0.3809523809524,0.4285714285714,0.4761904761905,0.5238095238095,0.5714285714286,0.6190476190476,0.6666666666667,0.7142857142857,0.7619047619048,0.8095238095238,0.8571428571429,0.9047619047619,0.952380952381,1.0),.UNSPECIFIED.);
#4251=VERTEX_POINT('',#5247);
#4252=LINE('',#5248,#5249);
#4253=VERTEX_POINT('',#5250);
#4254=B_SPLINE_CURVE_WITH_KNOTS('',3,(#5251,#5252,#5253,#5254,#5255,#5256,#5257,#5258,#5259,#5260,#5261,#5262),.UNSPECIFIED.,.F.,.F.,(4,1,1,1,1,1,1,1,1,4),(0.0,0.1111111111111,0.2222222222222,0.3333333333333,0.4444444444444,0.5555555555556,0.6666666666667,0.7777777777778,0.8888888888889,1.0),.UNSPECIFIED.);
#4255=B_SPLINE_CURVE_WITH_KNOTS('',3,(#5263,#5264,#5265,#5266,#5267,#5268,#5269,#5270,#5271,#5272,#5273,#5274,#5275,#5276,#5277),.UNSPECIFIED.,.F.,.F.,(4,1,1,1,1,1,1,1,1,1,1,1,4),(0.0,0.08333333333333,0.1666666666667,0.25,0.3333333333333,0.4166666666667,0.5,0.5833333333333,0.6666666666667,0.75,0.8333333333333,0.9166666666667,1.0),.UNSPECIFIED.);
#4256=VERTEX_POINT('',#5278);
#4257=VERTEX_POINT('',#5279);
#4258=LINE('',#5280,#5281);
#4259=VERTEX_POINT('',#5282);
#4260=B_SPLINE_CURVE_WITH_KNOTS('',3,(#5283,#5284,#5285,#5286,#5287,#5288,#5289,#5290,#5291,#5292,#5293,#5294,#5295,#5296,#5297,#5298,#5299,#5300,#5301,#5302,#5303,#5304,#5305,#5306),.UNSPECIFIED.,.F.,.F.,(4,1,1,1,1,1,1,1,1,1,1,1,1,1,1,1,1,1,1,1,1,4),(0.0,0.04761904761905,0.0952380952381,0.1428571428571,0.1904761904762,0.2380952380952,0.2857142857143,0.3333333333333,0.3809523809524,0.4285714285714,0.4761904761905,0.5238095238095,0.5714285714286,0.6190476190476,0.6666666666667,0.7142857142857,0.7619047619048,0.8095238095238,0.8571428571429,0.9047619047619,0.952380952381,1.0),.UNSPECIFIED.);
#4261=VERTEX_POINT('',#5307);
#4262=LINE('',#5308,#5309);
#4263=B_SPLINE_CURVE_WITH_KNOTS('',3,(#5310,#5311,#5312,#5313,#5314,#5315,#5316,#5317,#5318,#5319,#5320,#5321,#5322,#5323,#5324,#5325,#5326,#5327,#5328,#5329,#5330,#5331,#5332,#5333),.UNSPECIFIED.,.F.,.F.,(4,1,1,1,1,1,1,1,1,1,1,1,1,1,1,1,1,1,1,1,1,4),(0.0,0.04761904761905,0.0952380952381,0.1428571428571,0.1904761904762,0.2380952380952,0.2857142857143,0.3333333333333,0.3809523809524,0.4285714285714,0.4761904761905,0.5238095238095,0.5714285714286,0.6190476190476,0.6666666666667,0.7142857142857,0.7619047619048,0.8095238095238,0.8571428571429,0.9047619047619,0.952380952381,1.0),.UNSPECIFIED.);
#4264=VERTEX_POINT('',#5334);
#4265=VERTEX_POINT('',#5335);
#4266=LINE('',#5336,#5337);
#4267=VERTEX_POINT('',#5338);
#4268=B_SPLINE_CURVE_WITH_KNOTS('',3,(#5339,#5340,#5341,#5342,#5343,#5344,#5345,#5346,#5347,#5348,#5349,#5350,#5351,#5352,#5353,#5354,#5355,#5356,#5357,#5358,#5359,#5360,#5361,#5362),.UNSPECIFIED.,.F.,.F.,(4,1,1,1,1,1,1,1,1,1,1,1,1,1,1,1,1,1,1,1,1,4),(0.0,0.04761904761905,0.0952380952381,0.1428571428571,0.1904761904762,0.2380952380952,0.2857142857143,0.3333333333333,0.3809523809524,0.4285714285714,0.4761904761905,0.5238095238095,0.5714285714286,0.6190476190476,0.6666666666667,0.7142857142857,0.7619047619048,0.8095238095238,0.8571428571429,0.9047619047619,0.952380952381,1.0),.UNSPECIFIED.);
#4269=VERTEX_POINT('',#5363);
#4270=LINE('',#5364,#5365);
#4271=B_SPLINE_CURVE_WITH_KNOTS('',3,(#5366,#5367,#5368,#5369,#5370,#5371,#5372,#5373,#5374,#5375,#5376,#5377,#5378,#5379,#5380,#5381,#5382,#5383,#5384,#5385,#5386,#5387,#5388,#5389),.UNSPECIFIED.,.F.,.F.,(4,1,1,1,1,1,1,1,1,1,1,1,1,1,1,1,1,1,1,1,1,4),(0.0,0.04761904761905,0.0952380952381,0.1428571428571,0.1904761904762,0.2380952380952,0.2857142857143,0.3333333333333,0.3809523809524,0.4285714285714,0.4761904761905,0.5238095238095,0.5714285714286,0.6190476190476,0.6666666666667,0.7142857142857,0.7619047619048,0.8095238095238,0.8571428571429,0.9047619047619,0.952380952381,1.0),.UNSPECIFIED.);
#4272=VERTEX_POINT('',#5390);
#4273=VERTEX_POINT('',#5391);
#4274=B_SPLINE_CURVE_WITH_KNOTS('',3,(#5392,#5393,#5394,#5395,#5396,#5397,#5398,#5399,#5400,#5401,#5402,#5403),.UNSPECIFIED.,.F.,.F.,(4,1,1,1,1,1,1,1,1,4),(0.0,0.1111111111111,0.2222222222222,0.3333333333333,0.4444444444444,0.5555555555556,0.6666666666667,0.7777777777778,0.8888888888889,1.0),.UNSPECIFIED.);
#4275=VERTEX_POINT('',#5404);
#4276=LINE('',#5405,#5406);
#4277=VERTEX_POINT('',#5407);
#4278=B_SPLINE_CURVE_WITH_KNOTS('',3,(#5408,#5409,#5410,#5411,#5412,#5413,#5414,#5415,#5416,#5417,#5418,#5419,#5420,#5421,#5422,#5423,#5424,#5425,#5426,#5427,#5428,#5429,#5430,#5431),.UNSPECIFIED.,.F.,.F.,(4,1,1,1,1,1,1,1,1,1,1,1,1,1,1,1,1,1,1,1,1,4),(0.0,0.04761904761905,0.0952380952381,0.1428571428571,0.1904761904762,0.2380952380952,0.2857142857143,0.3333333333333,0.3809523809524,0.4285714285714,0.4761904761905,0.5238095238095,0.5714285714286,0.6190476190476,0.6666666666667,0.7142857142857,0.7619047619048,0.8095238095238,0.8571428571429,0.9047619047619,0.952380952381,1.0),.UNSPECIFIED.);
#4279=VERTEX_POINT('',#5432);
#4280=LINE('',#5433,#5434);
#4281=B_SPLINE_CURVE_WITH_KNOTS('',3,(#5435,#5436,#5437,#5438,#5439,#5440,#5441,#5442,#5443,#5444,#5445,#5446,#5447,#5448,#5449),.UNSPECIFIED.,.F.,.F.,(4,1,1,1,1,1,1,1,1,1,1,1,4),(0.0,0.08333333333333,0.1666666666667,0.25,0.3333333333333,0.4166666666667,0.5,0.5833333333333,0.6666666666667,0.75,0.8333333333333,0.9166666666667,1.0),.UNSPECIFIED.);
#4282=VERTEX_POINT('',#5450);
#4283=B_SPLINE_CURVE_WITH_KNOTS('',3,(#5451,#5452,#5453,#5454,#5455,#5456,#5457,#5458,#5459,#5460,#5461,#5462,#5463,#5464,#5465,#5466,#5467,#5468,#5469,#5470,#5471,#5472,#5473,#5474),.UNSPECIFIED.,.F.,.F.,(4,1,1,1,1,1,1,1,1,1,1,1,1,1,1,1,1,1,1,1,1,4),(0.0,0.04761904761905,0.0952380952381,0.1428571428571,0.1904761904762,0.2380952380952,0.2857142857143,0.3333333333333,0.3809523809524,0.4285714285714,0.4761904761905,0.5238095238095,0.5714285714286,0.6190476190476,0.6666666666667,0.7142857142857,0.7619047619048,0.8095238095238,0.8571428571429,0.9047619047619,0.952380952381,1.0),.UNSPECIFIED.);
#4284=VERTEX_POINT('',#5475);
#4285=B_SPLINE_CURVE_WITH_KNOTS('',3,(#5476,#5477,#5478,#5479,#5480,#5481,#5482,#5483,#5484,#5485,#5486,#5487,#5488,#5489,#5490,#5491,#5492,#5493,#5494,#5495,#5496,#5497,#5498,#5499),.UNSPECIFIED.,.F.,.F.,(4,1,1,1,1,1,1,1,1,1,1,1,1,1,1,1,1,1,1,1,1,4),(0.0,0.04761904761905,0.0952380952381,0.1428571428571,0.1904761904762,0.2380952380952,0.2857142857143,0.3333333333333,0.3809523809524,0.4285714285714,0.4761904761905,0.5238095238095,0.5714285714286,0.6190476190476,0.6666666666667,0.7142857142857,0.7619047619048,0.8095238095238,0.8571428571429,0.9047619047619,0.952380952381,1.0),.UNSPECIFIED.);
#4286=LINE('',#5500,#5501);
#4287=VERTEX_POINT('',#5502);
#4288=VERTEX_POINT('',#5503);
#4289=B_SPLINE_CURVE_WITH_KNOTS('',3,(#5504,#5505,#5506,#5507,#5508,#5509,#5510,#5511,#5512,#5513,#5514,#5515,#5516,#5517,#5518,#5519,#5520,#5521,#5522,#5523,#5524,#5525,#5526,#5527),.UNSPECIFIED.,.F.,.F.,(4,1,1,1,1,1,1,1,1,1,1,1,1,1,1,1,1,1,1,1,1,4),(0.0,0.04761904761905,0.0952380952381,0.1428571428571,0.1904761904762,0.2380952380952,0.2857142857143,0.3333333333333,0.3809523809524,0.4285714285714,0.4761904761905,0.5238095238095,0.5714285714286,0.6190476190476,0.6666666666667,0.7142857142857,0.7619047619048,0.8095238095238,0.8571428571429,0.9047619047619,0.952380952381,1.0),.UNSPECIFIED.);
#4290=VERTEX_POINT('',#5528);
#4291=LINE('',#5529,#5530);
#4292=VERTEX_POINT('',#5531);
#4293=B_SPLINE_CURVE_WITH_KNOTS('',3,(#5532,#5533,#5534,#5535,#5536,#5537,#5538,#5539,#5540,#5541,#5542,#5543,#5544,#5545,#5546,#5547,#5548,#5549,#5550,#5551,#5552,#5553,#5554,#5555),.UNSPECIFIED.,.F.,.F.,(4,1,1,1,1,1,1,1,1,1,1,1,1,1,1,1,1,1,1,1,1,4),(0.0,0.04761904761905,0.0952380952381,0.1428571428571,0.1904761904762,0.2380952380952,0.2857142857143,0.3333333333333,0.3809523809524,0.4285714285714,0.4761904761905,0.5238095238095,0.5714285714286,0.6190476190476,0.6666666666667,0.7142857142857,0.7619047619048,0.8095238095238,0.8571428571429,0.9047619047619,0.952380952381,1.0),.UNSPECIFIED.);
#4294=LINE('',#5556,#5557);
#4295=VERTEX_POINT('',#5558);
#4296=VERTEX_POINT('',#5559);
#4297=B_SPLINE_CURVE_WITH_KNOTS('',3,(#5560,#5561,#5562,#5563,#5564,#5565,#5566,#5567,#5568,#5569,#5570,#5571,#5572,#5573,#5574,#5575,#5576,#5577,#5578,#5579,#5580,#5581,#5582,#5583),.UNSPECIFIED.,.F.,.F.,(4,1,1,1,1,1,1,1,1,1,1,1,1,1,1,1,1,1,1,1,1,4),(0.0,0.04761904761905,0.0952380952381,0.1428571428571,0.1904761904762,0.2380952380952,0.2857142857143,0.3333333333333,0.3809523809524,0.4285714285714,0.4761904761905,0.5238095238095,0.5714285714286,0.6190476190476,0.6666666666667,0.7142857142857,0.7619047619048,0.8095238095238,0.8571428571429,0.9047619047619,0.952380952381,1.0),.UNSPECIFIED.);
#4298=VERTEX_POINT('',#5584);
#4299=LINE('',#5585,#5586);
#4300=VERTEX_POINT('',#5587);
#4301=B_SPLINE_CURVE_WITH_KNOTS('',3,(#5588,#5589,#5590,#5591,#5592,#5593,#5594,#5595,#5596,#5597,#5598,#5599,#5600,#5601,#5602,#5603,#5604,#5605,#5606,#5607,#5608,#5609,#5610,#5611),.UNSPECIFIED.,.F.,.F.,(4,1,1,1,1,1,1,1,1,1,1,1,1,1,1,1,1,1,1,1,1,4),(0.0,0.04761904761905,0.0952380952381,0.1428571428571,0.1904761904762,0.2380952380952,0.2857142857143,0.3333333333333,0.3809523809524,0.4285714285714,0.4761904761905,0.5238095238095,0.5714285714286,0.6190476190476,0.6666666666667,0.7142857142857,0.7619047619048,0.8095238095238,0.8571428571429,0.9047619047619,0.952380952381,1.0),.UNSPECIFIED.);
#4302=LINE('',#5612,#5613);
#4303=VERTEX_POINT('',#5614);
#4304=VERTEX_POINT('',#5615);
#4305=B_SPLINE_CURVE_WITH_KNOTS('',3,(#5616,#5617,#5618,#5619,#5620,#5621,#5622,#5623,#5624,#5625,#5626,#5627,#5628,#5629,#5630,#5631,#5632,#5633,#5634,#5635,#5636,#5637,#5638,#5639),.UNSPECIFIED.,.F.,.F.,(4,1,1,1,1,1,1,1,1,1,1,1,1,1,1,1,1,1,1,1,1,4),(0.0,0.04761904761905,0.0952380952381,0.1428571428571,0.1904761904762,0.2380952380952,0.2857142857143,0.3333333333333,0.3809523809524,0.4285714285714,0.4761904761905,0.5238095238095,0.5714285714286,0.6190476190476,0.6666666666667,0.7142857142857,0.7619047619048,0.8095238095238,0.8571428571429,0.9047619047619,0.952380952381,1.0),.UNSPECIFIED.);
#4306=VERTEX_POINT('',#5640);
#4307=LINE('',#5641,#5642);
#4308=VERTEX_POINT('',#5643);
#4309=B_SPLINE_CURVE_WITH_KNOTS('',3,(#5644,#5645,#5646,#5647,#5648,#5649,#5650,#5651,#5652,#5653,#5654,#5655,#5656,#5657,#5658,#5659,#5660,#5661,#5662,#5663,#5664,#5665,#5666,#5667),.UNSPECIFIED.,.F.,.F.,(4,1,1,1,1,1,1,1,1,1,1,1,1,1,1,1,1,1,1,1,1,4),(0.0,0.04761904761905,0.0952380952381,0.1428571428571,0.1904761904762,0.2380952380952,0.2857142857143,0.3333333333333,0.3809523809524,0.4285714285714,0.4761904761905,0.5238095238095,0.5714285714286,0.6190476190476,0.6666666666667,0.7142857142857,0.7619047619048,0.8095238095238,0.8571428571429,0.9047619047619,0.952380952381,1.0),.UNSPECIFIED.);
#4310=LINE('',#5668,#5669);
#4311=VERTEX_POINT('',#5670);
#4312=VERTEX_POINT('',#5671);
#4313=B_SPLINE_CURVE_WITH_KNOTS('',3,(#5672,#5673,#5674,#5675,#5676,#5677,#5678,#5679,#5680,#5681,#5682,#5683,#5684,#5685,#5686,#5687,#5688,#5689,#5690,#5691,#5692,#5693,#5694,#5695,#5696,#5697,#5698,#5699,#5700,#5701,#5702,#5703,#5704,#5705,#5706,#5707,#5708,#5709,#5710,#5711,#5712,#5713,#5714,#5715,#5716,#5717,#5718,#5719,#5720,#5721,#5722,#5723,#5724,#5725,#5726,#5727,#5728,#5729,#5730,#5731,#5732,#5733,#5734,#5735,#5736,#5737,#5738,#5739,#5740,#5741,#5742,#5743,#5744,#5745,#5746,#5747,#5748,#5749,#5750,#5751,#5752,#5753,#5754,#5755,#5756,#5757,#5758,#5759,#5760,#5761,#5762,#5763,#5764,#5765,#5766,#5767,#5768,#5769,#5770,#5771,#5772,#5773,#5774,#5775,#5776,#5777,#5778,#5779,#5780,#5781,#5782,#5783,#5784,#5785,#5786,#5787,#5788),.UNSPECIFIED.,.F.,.F.,(4,1,1,1,1,1,1,1,1,1,1,1,1,1,1,1,1,1,1,1,1,1,1,1,1,1,1,1,1,1,1,1,1,1,1,1,1,1,1,1,1,1,1,1,1,1,1,1,1,1,1,1,1,1,1,1,1,1,1,1,1,1,1,1,1,1,1,1,1,1,1,1,1,1,1,1,1,1,1,1,1,1,1,1,1,1,1,1,1,1,1,1,1,1,1,1,1,1,1,1,1,1,1,1,1,1,1,1,1,1,1,1,1,1,4),(0.0,0.008771929824561,0.01754385964912,0.02631578947368,0.03508771929825,0.04385964912281,0.05263157894737,0.06140350877193,0.07017543859649,0.07894736842105,0.08771929824561,0.09649122807018,0.1052631578947,0.1140350877193,0.1228070175439,0.1315789473684,0.140350877193,0.1491228070175,0.1578947368421,0.1666666666667,0.1754385964912,0.1842105263158,0.1929824561404,0.2017543859649,0.2105263157895,0.219298245614,0.2280701754386,0.2368421052632,0.2456140350877,0.2543859649123,0.2631578947368,0.2719298245614,0.280701754386,0.2894736842105,0.2982456140351,0.3070175438596,0.3157894736842,0.3245614035088,0.3333333333333,0.3421052631579,0.3508771929825,0.359649122807,0.3684210526316,0.3771929824561,0.3859649122807,0.3947368421053,0.4035087719298,0.4122807017544,0.4210526315789,0.4298245614035,0.4385964912281,0.4473684210526,0.4561403508772,0.4649122807018,0.4736842105263,0.4824561403509,0.4912280701754,0.5,0.5087719298246,0.5175438596491,0.5263157894737,0.5350877192982,0.5438596491228,0.5526315789474,0.5614035087719,0.5701754385965,0.5789473684211,0.5877192982456,0.5964912280702,0.6052631578947,0.6140350877193,0.6228070175439,0.6315789473684,0.640350877193,0.6491228070175,0.6578947368421,0.6666666666667,0.6754385964912,0.6842105263158,0.6929824561404,0.7017543859649,0.7105263157895,0.719298245614,0.7280701754386,0.7368421052632,0.7456140350877,0.7543859649123,0.7631578947368,0.7719298245614,0.780701754386,0.7894736842105,0.7982456140351,0.8070175438596,0.8157894736842,0.8245614035088,0.8333333333333,0.8421052631579,0.8508771929825,0.859649122807,0.8684210526316,0.8771929824561,0.8859649122807,0.8947368421053,0.9035087719298,0.9122807017544,0.9210526315789,0.9298245614035,0.9385964912281,0.9473684210526,0.9561403508772,0.9649122807018,0.9736842105263,0.9824561403509,0.9912280701754,1.0),.UNSPECIFIED.);
#4314=LINE('',#5789,#5790);
#4315=B_SPLINE_CURVE_WITH_KNOTS('',3,(#5791,#5792,#5793,#5794,#5795,#5796,#5797,#5798,#5799,#5800,#5801,#5802,#5803,#5804,#5805,#5806,#5807,#5808,#5809,#5810,#5811,#5812,#5813,#5814),.UNSPECIFIED.,.F.,.F.,(4,1,1,1,1,1,1,1,1,1,1,1,1,1,1,1,1,1,1,1,1,4),(0.0,0.04761904761905,0.0952380952381,0.1428571428571,0.1904761904762,0.2380952380952,0.2857142857143,0.3333333333333,0.3809523809524,0.4285714285714,0.4761904761905,0.5238095238095,0.5714285714286,0.6190476190476,0.6666666666667,0.7142857142857,0.7619047619048,0.8095238095238,0.8571428571429,0.9047619047619,0.952380952381,1.0),.UNSPECIFIED.);
#4316=B_SPLINE_CURVE_WITH_KNOTS('',3,(#5815,#5816,#5817,#5818,#5819,#5820,#5821,#5822,#5823,#5824,#5825,#5826,#5827,#5828,#5829,#5830,#5831,#5832,#5833,#5834,#5835,#5836,#5837,#5838),.UNSPECIFIED.,.F.,.F.,(4,1,1,1,1,1,1,1,1,1,1,1,1,1,1,1,1,1,1,1,1,4),(0.0,0.04761904761905,0.0952380952381,0.1428571428571,0.1904761904762,0.2380952380952,0.2857142857143,0.3333333333333,0.3809523809524,0.4285714285714,0.4761904761905,0.5238095238095,0.5714285714286,0.6190476190476,0.6666666666667,0.7142857142857,0.7619047619048,0.8095238095238,0.8571428571429,0.9047619047619,0.952380952381,1.0),.UNSPECIFIED.);
#4317=B_SPLINE_CURVE_WITH_KNOTS('',3,(#5839,#5840,#5841,#5842,#5843,#5844,#5845,#5846,#5847,#5848,#5849,#5850,#5851,#5852,#5853),.UNSPECIFIED.,.F.,.F.,(4,1,1,1,1,1,1,1,1,1,1,1,4),(0.0,0.08333333333333,0.1666666666667,0.25,0.3333333333333,0.4166666666667,0.5,0.5833333333333,0.6666666666667,0.75,0.8333333333333,0.9166666666667,1.0),.UNSPECIFIED.);
#4318=VERTEX_POINT('',#5854);
#4319=CIRCLE('',#5855,2.716872561398);
#4320=VERTEX_POINT('',#5856);
#4321=B_SPLINE_CURVE_WITH_KNOTS('',3,(#5857,#5858,#5859,#5860,#5861,#5862,#5863,#5864,#5865,#5866,#5867),.UNSPECIFIED.,.F.,.F.,(4,1,1,1,1,1,1,1,4),(0.0,0.125,0.25,0.375,0.5,0.625,0.75,0.875,1.0),.UNSPECIFIED.);
#4322=VERTEX_POINT('',#5868);
#4323=LINE('',#5869,#5870);
#4324=VERTEX_POINT('',#5871);
#4325=CIRCLE('',#5872,2.7);
#4326=VERTEX_POINT('',#5873);
#4327=LINE('',#5874,#5875);
#4328=B_SPLINE_CURVE_WITH_KNOTS('',3,(#5876,#5877,#5878,#5879,#5880,#5881,#5882,#5883,#5884,#5885,#5886,#5887,#5888,#5889,#5890,#5891,#5892),.UNSPECIFIED.,.F.,.F.,(4,1,1,1,1,1,1,1,1,1,1,1,1,1,4),(0.0,0.07142857142857,0.1428571428571,0.2142857142857,0.2857142857143,0.3571428571429,0.4285714285714,0.5,0.5714285714286,0.6428571428571,0.7142857142857,0.7857142857143,0.8571428571429,0.9285714285714,1.0),.UNSPECIFIED.);
#4329=B_SPLINE_CURVE_WITH_KNOTS('',3,(#5893,#5894,#5895,#5896,#5897,#5898,#5899,#5900,#5901,#5902,#5903,#5904,#5905,#5906,#5907,#5908,#5909,#5910,#5911,#5912,#5913,#5914,#5915),.UNSPECIFIED.,.F.,.F.,(4,1,1,1,1,1,1,1,1,1,1,1,1,1,1,1,1,1,1,1,4),(0.0,0.05,0.1,0.15,0.2,0.25,0.3,0.35,0.4,0.45,0.5,0.55,0.6,0.65,0.7,0.75,0.8,0.85,0.9,0.95,1.0),.UNSPECIFIED.);
#4330=B_SPLINE_CURVE_WITH_KNOTS('',3,(#5916,#5917,#5918,#5919,#5920,#5921,#5922,#5923,#5924,#5925,#5926,#5927,#5928,#5929,#5930,#5931,#5932,#5933,#5934,#5935,#5936,#5937,#5938,#5939),.UNSPECIFIED.,.F.,.F.,(4,1,1,1,1,1,1,1,1,1,1,1,1,1,1,1,1,1,1,1,1,4),(0.0,0.04761904761905,0.0952380952381,0.1428571428571,0.1904761904762,0.2380952380952,0.2857142857143,0.3333333333333,0.3809523809524,0.4285714285714,0.4761904761905,0.5238095238095,0.5714285714286,0.6190476190476,0.6666666666667,0.7142857142857,0.7619047619048,0.8095238095238,0.8571428571429,0.9047619047619,0.952380952381,1.0),.UNSPECIFIED.);
#4331=VERTEX_POINT('',#5940);
#4332=LINE('',#5941,#5942);
#4333=B_SPLINE_CURVE_WITH_KNOTS('',3,(#5943,#5944,#5945,#5946,#5947,#5948,#5949,#5950,#5951,#5952,#5953,#5954,#5955,#5956,#5957,#5958,#5959,#5960,#5961,#5962,#5963,#5964,#5965,#5966,#5967,#5968,#5969,#5970,#5971,#5972,#5973,#5974,#5975,#5976,#5977,#5978,#5979,#5980,#5981,#5982,#5983,#5984,#5985,#5986,#5987,#5988,#5989,#5990,#5991,#5992,#5993,#5994,#5995,#5996,#5997,#5998,#5999,#6000,#6001,#6002,#6003,#6004,#6005,#6006,#6007,#6008,#6009,#6010,#6011,#6012,#6013,#6014,#6015,#6016,#6017,#6018,#6019,#6020,#6021,#6022,#6023,#6024,#6025,#6026,#6027,#6028,#6029,#6030,#6031,#6032,#6033,#6034,#6035,#6036,#6037,#6038,#6039,#6040,#6041,#6042,#6043,#6044,#6045,#6046,#6047,#6048,#6049,#6050,#6051,#6052,#6053,#6054),.UNSPECIFIED.,.F.,.F.,(4,1,1,1,1,1,1,1,1,1,1,1,1,1,1,1,1,1,1,1,1,1,1,1,1,1,1,1,1,1,1,1,1,1,1,1,1,1,1,1,1,1,1,1,1,1,1,1,1,1,1,1,1,1,1,1,1,1,1,1,1,1,1,1,1,1,1,1,1,1,1,1,1,1,1,1,1,1,1,1,1,1,1,1,1,1,1,1,1,1,1,1,1,1,1,1,1,1,1,1,1,1,1,1,1,1,1,1,1,4),(0.0,0.009174311926606,0.01834862385321,0.02752293577982,0.03669724770642,0.04587155963303,0.05504587155963,0.06422018348624,0.07339449541284,0.08256880733945,0.09174311926606,0.1009174311927,0.1100917431193,0.1192660550459,0.1284403669725,0.1376146788991,0.1467889908257,0.1559633027523,0.1651376146789,0.1743119266055,0.1834862385321,0.1926605504587,0.2018348623853,0.2110091743119,0.2201834862385,0.2293577981651,0.2385321100917,0.2477064220183,0.256880733945,0.2660550458716,0.2752293577982,0.2844036697248,0.2935779816514,0.302752293578,0.3119266055046,0.3211009174312,0.3302752293578,0.3394495412844,0.348623853211,0.3577981651376,0.3669724770642,0.3761467889908,0.3853211009174,0.394495412844,0.4036697247706,0.4128440366972,0.4220183486239,0.4311926605505,0.4403669724771,0.4495412844037,0.4587155963303,0.4678899082569,0.4770642201835,0.4862385321101,0.4954128440367,0.5045871559633,0.5137614678899,0.5229357798165,0.5321100917431,0.5412844036697,0.5504587155963,0.5596330275229,0.5688073394495,0.5779816513761,0.5871559633028,0.5963302752294,0.605504587156,0.6146788990826,0.6238532110092,0.6330275229358,0.6422018348624,0.651376146789,0.6605504587156,0.6697247706422,0.6788990825688,0.6880733944954,0.697247706422,0.7064220183486,0.7155963302752,0.7247706422018,0.7339449541284,0.743119266055,0.7522935779817,0.7614678899083,0.7706422018349,0.7798165137615,0.7889908256881,0.7981651376147,0.8073394495413,0.8165137614679,0.8256880733945,0.8348623853211,0.8440366972477,0.8532110091743,0.8623853211009,0.8715596330275,0.8807339449541,0.8899082568807,0.8990825688073,0.9082568807339,0.9174311926606,0.9266055045872,0.9357798165138,0.9449541284404,0.954128440367,0.9633027522936,0.9724770642202,0.9816513761468,0.9908256880734,1.0),.UNSPECIFIED.);
#4334=LINE('',#6055,#6056);
#4335=VERTEX_POINT('',#6057);
#4336=B_SPLINE_CURVE_WITH_KNOTS('',3,(#6058,#6059,#6060,#6061,#6062,#6063,#6064,#6065,#6066,#6067,#6068,#6069,#6070,#6071,#6072,#6073,#6074,#6075,#6076,#6077,#6078,#6079,#6080,#6081,#6082,#6083,#6084,#6085,#6086,#6087,#6088,#6089,#6090,#6091,#6092,#6093,#6094,#6095,#6096,#6097,#6098,#6099,#6100,#6101,#6102,#6103,#6104,#6105,#6106,#6107,#6108,#6109,#6110,#6111,#6112,#6113,#6114,#6115,#6116,#6117,#6118,#6119,#6120,#6121,#6122,#6123,#6124,#6125,#6126,#6127,#6128,#6129,#6130,#6131,#6132,#6133,#6134,#6135,#6136,#6137,#6138,#6139,#6140,#6141,#6142,#6143,#6144,#6145,#6146,#6147,#6148,#6149,#6150,#6151,#6152,#6153,#6154,#6155,#6156,#6157,#6158,#6159,#6160,#6161,#6162,#6163,#6164,#6165,#6166,#6167,#6168,#6169,#6170,#6171,#6172,#6173,#6174,#6175,#6176,#6177,#6178,#6179,#6180,#6181,#6182,#6183,#6184,#6185,#6186,#6187,#6188,#6189,#6190,#6191,#6192,#6193,#6194),.UNSPECIFIED.,.F.,.F.,(4,1,1,1,1,1,1,1,1,1,1,1,1,1,1,1,1,1,1,1,1,1,1,1,1,1,1,1,1,1,1,1,1,1,1,1,1,1,1,1,1,1,1,1,1,1,1,1,1,1,1,1,1,1,1,1,1,1,1,1,1,1,1,1,1,1,1,1,1,1,1,1,1,1,1,1,1,1,1,1,1,1,1,1,1,1,1,1,1,1,1,1,1,1,1,1,1,1,1,1,1,1,1,1,1,1,1,1,1,1,1,1,1,1,1,1,1,1,1,1,1,1,1,1,1,1,1,1,1,1,1,1,1,1,4),(0.0,0.007462686567164,0.01492537313433,0.02238805970149,0.02985074626866,0.03731343283582,0.04477611940299,0.05223880597015,0.05970149253731,0.06716417910448,0.07462686567164,0.08208955223881,0.08955223880597,0.09701492537313,0.1044776119403,0.1119402985075,0.1194029850746,0.1268656716418,0.134328358209,0.1417910447761,0.1492537313433,0.1567164179104,0.1641791044776,0.1716417910448,0.1791044776119,0.1865671641791,0.1940298507463,0.2014925373134,0.2089552238806,0.2164179104478,0.2238805970149,0.2313432835821,0.2388059701493,0.2462686567164,0.2537313432836,0.2611940298507,0.2686567164179,0.2761194029851,0.2835820895522,0.2910447761194,0.2985074626866,0.3059701492537,0.3134328358209,0.3208955223881,0.3283582089552,0.3358208955224,0.3432835820896,0.3507462686567,0.3582089552239,0.365671641791,0.3731343283582,0.3805970149254,0.3880597014925,0.3955223880597,0.4029850746269,0.410447761194,0.4179104477612,0.4253731343284,0.4328358208955,0.4402985074627,0.4477611940299,0.455223880597,0.4626865671642,0.4701492537313,0.4776119402985,0.4850746268657,0.4925373134328,0.5,0.5074626865672,0.5149253731343,0.5223880597015,0.5298507462687,0.5373134328358,0.544776119403,0.5522388059701,0.5597014925373,0.5671641791045,0.5746268656716,0.5820895522388,0.589552238806,0.5970149253731,0.6044776119403,0.6119402985075,0.6194029850746,0.6268656716418,0.634328358209,0.6417910447761,0.6492537313433,0.6567164179104,0.6641791044776,0.6716417910448,0.6791044776119,0.6865671641791,0.6940298507463,0.7014925373134,0.7089552238806,0.7164179104478,0.7238805970149,0.7313432835821,0.7388059701493,0.7462686567164,0.7537313432836,0.7611940298507,0.7686567164179,0.7761194029851,0.7835820895522,0.7910447761194,0.7985074626866,0.8059701492537,0.8134328358209,0.8208955223881,0.8283582089552,0.8358208955224,0.8432835820896,0.8507462686567,0.8582089552239,0.865671641791,0.8731343283582,0.8805970149254,0.8880597014925,0.8955223880597,0.9029850746269,0.910447761194,0.9179104477612,0.9253731343284,0.9328358208955,0.9402985074627,0.9477611940299,0.955223880597,0.9626865671642,0.9701492537313,0.9776119402985,0.9850746268657,0.9925373134328,1.0),.UNSPECIFIED.);
#4337=VERTEX_POINT('',#6195);
#4338=LINE('',#6196,#6197);
#4339=B_SPLINE_CURVE_WITH_KNOTS('',3,(#6198,#6199,#6200,#6201,#6202,#6203,#6204,#6205,#6206,#6207,#6208,#6209,#6210,#6211,#6212,#6213,#6214,#6215,#6216,#6217,#6218,#6219,#6220,#6221,#6222,#6223,#6224,#6225,#6226,#6227,#6228,#6229,#6230,#6231,#6232,#6233,#6234,#6235,#6236,#6237,#6238,#6239,#6240,#6241,#6242,#6243,#6244,#6245,#6246,#6247,#6248,#6249,#6250,#6251,#6252,#6253,#6254,#6255,#6256,#6257,#6258,#6259,#6260,#6261,#6262,#6263,#6264,#6265,#6266,#6267,#6268,#6269,#6270,#6271,#6272,#6273,#6274,#6275,#6276,#6277,#6278,#6279,#6280,#6281,#6282,#6283,#6284,#6285,#6286,#6287,#6288,#6289,#6290,#6291,#6292,#6293,#6294,#6295,#6296,#6297,#6298,#6299,#6300,#6301,#6302,#6303,#6304,#6305,#6306,#6307,#6308,#6309,#6310,#6311,#6312,#6313,#6314,#6315,#6316,#6317,#6318,#6319,#6320,#6321,#6322,#6323,#6324,#6325,#6326,#6327,#6328,#6329,#6330,#6331,#6332,#6333,#6334),.UNSPECIFIED.,.F.,.F.,(4,1,1,1,1,1,1,1,1,1,1,1,1,1,1,1,1,1,1,1,1,1,1,1,1,1,1,1,1,1,1,1,1,1,1,1,1,1,1,1,1,1,1,1,1,1,1,1,1,1,1,1,1,1,1,1,1,1,1,1,1,1,1,1,1,1,1,1,1,1,1,1,1,1,1,1,1,1,1,1,1,1,1,1,1,1,1,1,1,1,1,1,1,1,1,1,1,1,1,1,1,1,1,1,1,1,1,1,1,1,1,1,1,1,1,1,1,1,1,1,1,1,1,1,1,1,1,1,1,1,1,1,1,1,4),(0.0,0.007462686567164,0.01492537313433,0.02238805970149,0.02985074626866,0.03731343283582,0.04477611940299,0.05223880597015,0.05970149253731,0.06716417910448,0.07462686567164,0.08208955223881,0.08955223880597,0.09701492537313,0.1044776119403,0.1119402985075,0.1194029850746,0.1268656716418,0.134328358209,0.1417910447761,0.1492537313433,0.1567164179104,0.1641791044776,0.1716417910448,0.1791044776119,0.1865671641791,0.1940298507463,0.2014925373134,0.2089552238806,0.2164179104478,0.2238805970149,0.2313432835821,0.2388059701493,0.2462686567164,0.2537313432836,0.2611940298507,0.2686567164179,0.2761194029851,0.2835820895522,0.2910447761194,0.2985074626866,0.3059701492537,0.3134328358209,0.3208955223881,0.3283582089552,0.3358208955224,0.3432835820896,0.3507462686567,0.3582089552239,0.365671641791,0.3731343283582,0.3805970149254,0.3880597014925,0.3955223880597,0.4029850746269,0.410447761194,0.4179104477612,0.4253731343284,0.4328358208955,0.4402985074627,0.4477611940299,0.455223880597,0.4626865671642,0.4701492537313,0.4776119402985,0.4850746268657,0.4925373134328,0.5,0.5074626865672,0.5149253731343,0.5223880597015,0.5298507462687,0.5373134328358,0.544776119403,0.5522388059701,0.5597014925373,0.5671641791045,0.5746268656716,0.5820895522388,0.589552238806,0.5970149253731,0.6044776119403,0.6119402985075,0.6194029850746,0.6268656716418,0.634328358209,0.6417910447761,0.6492537313433,0.6567164179104,0.6641791044776,0.6716417910448,0.6791044776119,0.6865671641791,0.6940298507463,0.7014925373134,0.7089552238806,0.7164179104478,0.7238805970149,0.7313432835821,0.7388059701493,0.7462686567164,0.7537313432836,0.7611940298507,0.7686567164179,0.7761194029851,0.7835820895522,0.7910447761194,0.7985074626866,0.8059701492537,0.8134328358209,0.8208955223881,0.8283582089552,0.8358208955224,0.8432835820896,0.8507462686567,0.8582089552239,0.865671641791,0.8731343283582,0.8805970149254,0.8880597014925,0.8955223880597,0.9029850746269,0.910447761194,0.9179104477612,0.9253731343284,0.9328358208955,0.9402985074627,0.9477611940299,0.955223880597,0.9626865671642,0.9701492537313,0.9776119402985,0.9850746268657,0.9925373134328,1.0),.UNSPECIFIED.);
#4340=B_SPLINE_CURVE_WITH_KNOTS('',3,(#6335,#6336,#6337,#6338,#6339,#6340,#6341,#6342,#6343,#6344,#6345,#6346,#6347,#6348,#6349,#6350,#6351,#6352,#6353,#6354,#6355,#6356,#6357,#6358),.UNSPECIFIED.,.F.,.F.,(4,1,1,1,1,1,1,1,1,1,1,1,1,1,1,1,1,1,1,1,1,4),(0.0,0.04761904761905,0.0952380952381,0.1428571428571,0.1904761904762,0.2380952380952,0.2857142857143,0.3333333333333,0.3809523809524,0.4285714285714,0.4761904761905,0.5238095238095,0.5714285714286,0.6190476190476,0.6666666666667,0.7142857142857,0.7619047619048,0.8095238095238,0.8571428571429,0.9047619047619,0.952380952381,1.0),.UNSPECIFIED.);
#4341=B_SPLINE_CURVE_WITH_KNOTS('',3,(#6359,#6360,#6361,#6362,#6363,#6364,#6365,#6366,#6367,#6368,#6369,#6370,#6371,#6372,#6373,#6374,#6375,#6376,#6377,#6378,#6379,#6380,#6381,#6382),.UNSPECIFIED.,.F.,.F.,(4,1,1,1,1,1,1,1,1,1,1,1,1,1,1,1,1,1,1,1,1,4),(0.0,0.04761904761905,0.0952380952381,0.1428571428571,0.1904761904762,0.2380952380952,0.2857142857143,0.3333333333333,0.3809523809524,0.4285714285714,0.4761904761905,0.5238095238095,0.5714285714286,0.6190476190476,0.6666666666667,0.7142857142857,0.7619047619048,0.8095238095238,0.8571428571429,0.9047619047619,0.952380952381,1.0),.UNSPECIFIED.);
#4342=B_SPLINE_CURVE_WITH_KNOTS('',3,(#6383,#6384,#6385,#6386,#6387,#6388,#6389,#6390,#6391,#6392,#6393,#6394,#6395,#6396,#6397,#6398,#6399,#6400,#6401,#6402,#6403,#6404,#6405,#6406),.UNSPECIFIED.,.F.,.F.,(4,1,1,1,1,1,1,1,1,1,1,1,1,1,1,1,1,1,1,1,1,4),(0.0,0.04761904761905,0.0952380952381,0.1428571428571,0.1904761904762,0.2380952380952,0.2857142857143,0.3333333333333,0.3809523809524,0.4285714285714,0.4761904761905,0.5238095238095,0.5714285714286,0.6190476190476,0.6666666666667,0.7142857142857,0.7619047619048,0.8095238095238,0.8571428571429,0.9047619047619,0.952380952381,1.0),.UNSPECIFIED.);
#4343=VERTEX_POINT('',#6407);
#4344=LINE('',#6408,#6409);
#4345=B_SPLINE_CURVE_WITH_KNOTS('',3,(#6410,#6411,#6412,#6413,#6414,#6415,#6416,#6417,#6418,#6419,#6420,#6421,#6422,#6423,#6424,#6425,#6426,#6427),.UNSPECIFIED.,.F.,.F.,(4,1,1,1,1,1,1,1,1,1,1,1,1,1,1,4),(0.0,0.06666666666667,0.1333333333333,0.2,0.2666666666667,0.3333333333333,0.4,0.4666666666667,0.5333333333333,0.6,0.6666666666667,0.7333333333333,0.8,0.8666666666667,0.9333333333333,1.0),.UNSPECIFIED.);
#4346=B_SPLINE_CURVE_WITH_KNOTS('',3,(#6428,#6429,#6430,#6431,#6432,#6433,#6434,#6435,#6436,#6437,#6438,#6439,#6440,#6441,#6442,#6443,#6444,#6445,#6446,#6447,#6448,#6449,#6450,#6451),.UNSPECIFIED.,.F.,.F.,(4,1,1,1,1,1,1,1,1,1,1,1,1,1,1,1,1,1,1,1,1,4),(0.0,0.04761904761905,0.0952380952381,0.1428571428571,0.1904761904762,0.2380952380952,0.2857142857143,0.3333333333333,0.3809523809524,0.4285714285714,0.4761904761905,0.5238095238095,0.5714285714286,0.6190476190476,0.6666666666667,0.7142857142857,0.7619047619048,0.8095238095238,0.8571428571429,0.9047619047619,0.952380952381,1.0),.UNSPECIFIED.);
#4347=B_SPLINE_CURVE_WITH_KNOTS('',3,(#6452,#6453,#6454,#6455,#6456,#6457,#6458,#6459,#6460,#6461,#6462,#6463,#6464,#6465,#6466,#6467,#6468,#6469,#6470,#6471,#6472,#6473,#6474,#6475),.UNSPECIFIED.,.F.,.F.,(4,1,1,1,1,1,1,1,1,1,1,1,1,1,1,1,1,1,1,1,1,4),(0.0,0.04761904761905,0.0952380952381,0.1428571428571,0.1904761904762,0.2380952380952,0.2857142857143,0.3333333333333,0.3809523809524,0.4285714285714,0.4761904761905,0.5238095238095,0.5714285714286,0.6190476190476,0.6666666666667,0.7142857142857,0.7619047619048,0.8095238095238,0.8571428571429,0.9047619047619,0.952380952381,1.0),.UNSPECIFIED.);
#4348=VERTEX_POINT('',#6476);
#4349=B_SPLINE_CURVE_WITH_KNOTS('',3,(#6477,#6478,#6479,#6480,#6481,#6482,#6483,#6484,#6485),.UNSPECIFIED.,.F.,.F.,(4,1,1,1,1,1,4),(0.0,0.1666666666667,0.3333333333333,0.5,0.6666666666667,0.8333333333333,1.0),.UNSPECIFIED.);
#4350=B_SPLINE_CURVE_WITH_KNOTS('',3,(#6486,#6487,#6488,#6489,#6490,#6491,#6492,#6493,#6494,#6495,#6496,#6497,#6498,#6499,#6500,#6501,#6502,#6503),.UNSPECIFIED.,.F.,.F.,(4,1,1,1,1,1,1,1,1,1,1,1,1,1,1,4),(0.0,0.06666666666667,0.1333333333333,0.2,0.2666666666667,0.3333333333333,0.4,0.4666666666667,0.5333333333333,0.6,0.6666666666667,0.7333333333333,0.8,0.8666666666667,0.9333333333333,1.0),.UNSPECIFIED.);
#4351=B_SPLINE_CURVE_WITH_KNOTS('',3,(#6504,#6505,#6506,#6507,#6508,#6509,#6510,#6511,#6512,#6513,#6514,#6515,#6516,#6517,#6518,#6519,#6520,#6521,#6522,#6523,#6524,#6525,#6526,#6527),.UNSPECIFIED.,.F.,.F.,(4,1,1,1,1,1,1,1,1,1,1,1,1,1,1,1,1,1,1,1,1,4),(0.0,0.04761904761905,0.0952380952381,0.1428571428571,0.1904761904762,0.2380952380952,0.2857142857143,0.3333333333333,0.3809523809524,0.4285714285714,0.4761904761905,0.5238095238095,0.5714285714286,0.6190476190476,0.6666666666667,0.7142857142857,0.7619047619048,0.8095238095238,0.8571428571429,0.9047619047619,0.952380952381,1.0),.UNSPECIFIED.);
#4352=B_SPLINE_CURVE_WITH_KNOTS('',3,(#6528,#6529,#6530,#6531,#6532,#6533,#6534,#6535,#6536),.UNSPECIFIED.,.F.,.F.,(4,1,1,1,1,1,4),(0.0,0.1666666666667,0.3333333333333,0.5,0.6666666666667,0.8333333333333,1.0),.UNSPECIFIED.);
#4353=B_SPLINE_CURVE_WITH_KNOTS('',3,(#6537,#6538,#6539,#6540,#6541,#6542,#6543,#6544,#6545,#6546,#6547,#6548,#6549,#6550,#6551,#6552,#6553,#6554,#6555,#6556,#6557,#6558,#6559,#6560),.UNSPECIFIED.,.F.,.F.,(4,1,1,1,1,1,1,1,1,1,1,1,1,1,1,1,1,1,1,1,1,4),(0.0,0.04761904761905,0.0952380952381,0.1428571428571,0.1904761904762,0.2380952380952,0.2857142857143,0.3333333333333,0.3809523809524,0.4285714285714,0.4761904761905,0.5238095238095,0.5714285714286,0.6190476190476,0.6666666666667,0.7142857142857,0.7619047619048,0.8095238095238,0.8571428571429,0.9047619047619,0.952380952381,1.0),.UNSPECIFIED.);
#4354=B_SPLINE_CURVE_WITH_KNOTS('',3,(#6561,#6562,#6563,#6564,#6565,#6566,#6567,#6568,#6569,#6570,#6571,#6572,#6573,#6574,#6575,#6576,#6577,#6578,#6579,#6580,#6581,#6582,#6583,#6584),.UNSPECIFIED.,.F.,.F.,(4,1,1,1,1,1,1,1,1,1,1,1,1,1,1,1,1,1,1,1,1,4),(0.0,0.04761904761905,0.0952380952381,0.1428571428571,0.1904761904762,0.2380952380952,0.2857142857143,0.3333333333333,0.3809523809524,0.4285714285714,0.4761904761905,0.5238095238095,0.5714285714286,0.6190476190476,0.6666666666667,0.7142857142857,0.7619047619048,0.8095238095238,0.8571428571429,0.9047619047619,0.952380952381,1.0),.UNSPECIFIED.);
#4355=B_SPLINE_CURVE_WITH_KNOTS('',3,(#6585,#6586,#6587,#6588,#6589,#6590,#6591,#6592,#6593,#6594,#6595,#6596,#6597,#6598,#6599,#6600,#6601,#6602,#6603,#6604,#6605,#6606,#6607,#6608),.UNSPECIFIED.,.F.,.F.,(4,1,1,1,1,1,1,1,1,1,1,1,1,1,1,1,1,1,1,1,1,4),(0.0,0.04761904761905,0.0952380952381,0.1428571428571,0.1904761904762,0.2380952380952,0.2857142857143,0.3333333333333,0.3809523809524,0.4285714285714,0.4761904761905,0.5238095238095,0.5714285714286,0.6190476190476,0.6666666666667,0.7142857142857,0.7619047619048,0.8095238095238,0.8571428571429,0.9047619047619,0.952380952381,1.0),.UNSPECIFIED.);
#4356=B_SPLINE_CURVE_WITH_KNOTS('',3,(#6609,#6610,#6611,#6612,#6613,#6614,#6615,#6616,#6617,#6618,#6619,#6620,#6621,#6622,#6623,#6624,#6625,#6626,#6627,#6628,#6629,#6630,#6631,#6632),.UNSPECIFIED.,.F.,.F.,(4,1,1,1,1,1,1,1,1,1,1,1,1,1,1,1,1,1,1,1,1,4),(0.0,0.04761904761905,0.0952380952381,0.1428571428571,0.1904761904762,0.2380952380952,0.2857142857143,0.3333333333333,0.3809523809524,0.4285714285714,0.4761904761905,0.5238095238095,0.5714285714286,0.6190476190476,0.6666666666667,0.7142857142857,0.7619047619048,0.8095238095238,0.8571428571429,0.9047619047619,0.952380952381,1.0),.UNSPECIFIED.);
#4357=B_SPLINE_CURVE_WITH_KNOTS('',3,(#6633,#6634,#6635,#6636,#6637,#6638,#6639,#6640,#6641,#6642,#6643,#6644,#6645,#6646,#6647,#6648,#6649,#6650,#6651,#6652,#6653,#6654,#6655,#6656),.UNSPECIFIED.,.F.,.F.,(4,1,1,1,1,1,1,1,1,1,1,1,1,1,1,1,1,1,1,1,1,4),(0.0,0.04761904761905,0.0952380952381,0.1428571428571,0.1904761904762,0.2380952380952,0.2857142857143,0.3333333333333,0.3809523809524,0.4285714285714,0.4761904761905,0.5238095238095,0.5714285714286,0.6190476190476,0.6666666666667,0.7142857142857,0.7619047619048,0.8095238095238,0.8571428571429,0.9047619047619,0.952380952381,1.0),.UNSPECIFIED.);
#4358=B_SPLINE_CURVE_WITH_KNOTS('',3,(#6657,#6658,#6659,#6660,#6661,#6662,#6663,#6664,#6665,#6666,#6667,#6668,#6669,#6670,#6671,#6672,#6673,#6674,#6675,#6676,#6677,#6678,#6679,#6680),.UNSPECIFIED.,.F.,.F.,(4,1,1,1,1,1,1,1,1,1,1,1,1,1,1,1,1,1,1,1,1,4),(0.0,0.04761904761905,0.0952380952381,0.1428571428571,0.1904761904762,0.2380952380952,0.2857142857143,0.3333333333333,0.3809523809524,0.4285714285714,0.4761904761905,0.5238095238095,0.5714285714286,0.6190476190476,0.6666666666667,0.7142857142857,0.7619047619048,0.8095238095238,0.8571428571429,0.9047619047619,0.952380952381,1.0),.UNSPECIFIED.);
#4359=B_SPLINE_CURVE_WITH_KNOTS('',3,(#6681,#6682,#6683,#6684,#6685,#6686,#6687,#6688,#6689,#6690,#6691,#6692,#6693,#6694,#6695,#6696,#6697,#6698,#6699,#6700,#6701,#6702,#6703,#6704),.UNSPECIFIED.,.F.,.F.,(4,1,1,1,1,1,1,1,1,1,1,1,1,1,1,1,1,1,1,1,1,4),(0.0,0.04761904761905,0.0952380952381,0.1428571428571,0.1904761904762,0.2380952380952,0.2857142857143,0.3333333333333,0.3809523809524,0.4285714285714,0.4761904761905,0.5238095238095,0.5714285714286,0.6190476190476,0.6666666666667,0.7142857142857,0.7619047619048,0.8095238095238,0.8571428571429,0.9047619047619,0.952380952381,1.0),.UNSPECIFIED.);
#4360=B_SPLINE_CURVE_WITH_KNOTS('',3,(#6705,#6706,#6707,#6708,#6709,#6710,#6711,#6712,#6713,#6714,#6715,#6716,#6717,#6718,#6719,#6720,#6721,#6722,#6723,#6724,#6725,#6726,#6727,#6728),.UNSPECIFIED.,.F.,.F.,(4,1,1,1,1,1,1,1,1,1,1,1,1,1,1,1,1,1,1,1,1,4),(0.0,0.04761904761905,0.0952380952381,0.1428571428571,0.1904761904762,0.2380952380952,0.2857142857143,0.3333333333333,0.3809523809524,0.4285714285714,0.4761904761905,0.5238095238095,0.5714285714286,0.6190476190476,0.6666666666667,0.7142857142857,0.7619047619048,0.8095238095238,0.8571428571429,0.9047619047619,0.952380952381,1.0),.UNSPECIFIED.);
#4361=VERTEX_POINT('',#6729);
#4362=B_SPLINE_CURVE_WITH_KNOTS('',3,(#6730,#6731,#6732,#6733,#6734,#6735,#6736,#6737,#6738,#6739,#6740,#6741),.UNSPECIFIED.,.F.,.F.,(4,1,1,1,1,1,1,1,1,4),(0.0,0.1111111111111,0.2222222222222,0.3333333333333,0.4444444444444,0.5555555555556,0.6666666666667,0.7777777777778,0.8888888888889,1.0),.UNSPECIFIED.);
#4363=B_SPLINE_CURVE_WITH_KNOTS('',3,(#6742,#6743,#6744,#6745,#6746,#6747,#6748,#6749,#6750,#6751,#6752,#6753,#6754,#6755,#6756),.UNSPECIFIED.,.F.,.F.,(4,1,1,1,1,1,1,1,1,1,1,1,4),(0.0,0.08333333333333,0.1666666666667,0.25,0.3333333333333,0.4166666666667,0.5,0.5833333333333,0.6666666666667,0.75,0.8333333333333,0.9166666666667,1.0),.UNSPECIFIED.);
#4364=VERTEX_POINT('',#6757);
#4365=B_SPLINE_CURVE_WITH_KNOTS('',3,(#6758,#6759,#6760,#6761,#6762,#6763,#6764,#6765,#6766,#6767,#6768,#6769,#6770,#6771,#6772),.UNSPECIFIED.,.F.,.F.,(4,1,1,1,1,1,1,1,1,1,1,1,4),(0.0,0.08333333333333,0.1666666666667,0.25,0.3333333333333,0.4166666666667,0.5,0.5833333333333,0.6666666666667,0.75,0.8333333333333,0.9166666666667,1.0),.UNSPECIFIED.);
#4366=B_SPLINE_CURVE_WITH_KNOTS('',3,(#6773,#6774,#6775,#6776,#6777,#6778,#6779,#6780,#6781,#6782,#6783,#6784),.UNSPECIFIED.,.F.,.F.,(4,1,1,1,1,1,1,1,1,4),(0.0,0.1111111111111,0.2222222222222,0.3333333333333,0.4444444444444,0.5555555555556,0.6666666666667,0.7777777777778,0.8888888888889,1.0),.UNSPECIFIED.);
#4367=B_SPLINE_CURVE_WITH_KNOTS('',3,(#6785,#6786,#6787,#6788,#6789,#6790,#6791,#6792,#6793,#6794,#6795,#6796,#6797,#6798,#6799,#6800,#6801,#6802,#6803,#6804,#6805,#6806,#6807,#6808),.UNSPECIFIED.,.F.,.F.,(4,1,1,1,1,1,1,1,1,1,1,1,1,1,1,1,1,1,1,1,1,4),(0.0,0.04761904761905,0.0952380952381,0.1428571428571,0.1904761904762,0.2380952380952,0.2857142857143,0.3333333333333,0.3809523809524,0.4285714285714,0.4761904761905,0.5238095238095,0.5714285714286,0.6190476190476,0.6666666666667,0.7142857142857,0.7619047619048,0.8095238095238,0.8571428571429,0.9047619047619,0.952380952381,1.0),.UNSPECIFIED.);
#4368=B_SPLINE_CURVE_WITH_KNOTS('',3,(#6809,#6810,#6811,#6812,#6813,#6814,#6815,#6816,#6817,#6818,#6819,#6820,#6821,#6822,#6823,#6824,#6825,#6826,#6827,#6828,#6829,#6830,#6831,#6832),.UNSPECIFIED.,.F.,.F.,(4,1,1,1,1,1,1,1,1,1,1,1,1,1,1,1,1,1,1,1,1,4),(0.0,0.04761904761905,0.0952380952381,0.1428571428571,0.1904761904762,0.2380952380952,0.2857142857143,0.3333333333333,0.3809523809524,0.4285714285714,0.4761904761905,0.5238095238095,0.5714285714286,0.6190476190476,0.6666666666667,0.7142857142857,0.7619047619048,0.8095238095238,0.8571428571429,0.9047619047619,0.952380952381,1.0),.UNSPECIFIED.);
#4369=B_SPLINE_CURVE_WITH_KNOTS('',3,(#6833,#6834,#6835,#6836,#6837,#6838,#6839,#6840,#6841,#6842,#6843,#6844,#6845,#6846,#6847,#6848,#6849,#6850,#6851,#6852,#6853,#6854,#6855,#6856),.UNSPECIFIED.,.F.,.F.,(4,1,1,1,1,1,1,1,1,1,1,1,1,1,1,1,1,1,1,1,1,4),(0.0,0.04761904761905,0.0952380952381,0.1428571428571,0.1904761904762,0.2380952380952,0.2857142857143,0.3333333333333,0.3809523809524,0.4285714285714,0.4761904761905,0.5238095238095,0.5714285714286,0.6190476190476,0.6666666666667,0.7142857142857,0.7619047619048,0.8095238095238,0.8571428571429,0.9047619047619,0.952380952381,1.0),.UNSPECIFIED.);
#4370=B_SPLINE_CURVE_WITH_KNOTS('',3,(#6857,#6858,#6859,#6860,#6861,#6862,#6863,#6864,#6865,#6866,#6867,#6868,#6869,#6870,#6871,#6872,#6873,#6874,#6875,#6876,#6877,#6878,#6879,#6880),.UNSPECIFIED.,.F.,.F.,(4,1,1,1,1,1,1,1,1,1,1,1,1,1,1,1,1,1,1,1,1,4),(0.0,0.04761904761905,0.0952380952381,0.1428571428571,0.1904761904762,0.2380952380952,0.2857142857143,0.3333333333333,0.3809523809524,0.4285714285714,0.4761904761905,0.5238095238095,0.5714285714286,0.6190476190476,0.6666666666667,0.7142857142857,0.7619047619048,0.8095238095238,0.8571428571429,0.9047619047619,0.952380952381,1.0),.UNSPECIFIED.);
#4371=B_SPLINE_CURVE_WITH_KNOTS('',3,(#6881,#6882,#6883,#6884,#6885,#6886,#6887,#6888,#6889,#6890,#6891,#6892,#6893,#6894,#6895,#6896,#6897,#6898,#6899,#6900,#6901,#6902,#6903,#6904),.UNSPECIFIED.,.F.,.F.,(4,1,1,1,1,1,1,1,1,1,1,1,1,1,1,1,1,1,1,1,1,4),(0.0,0.04761904761905,0.0952380952381,0.1428571428571,0.1904761904762,0.2380952380952,0.2857142857143,0.3333333333333,0.3809523809524,0.4285714285714,0.4761904761905,0.5238095238095,0.5714285714286,0.6190476190476,0.6666666666667,0.7142857142857,0.7619047619048,0.8095238095238,0.8571428571429,0.9047619047619,0.952380952381,1.0),.UNSPECIFIED.);
#4372=VERTEX_POINT('',#6905);
#4373=B_SPLINE_CURVE_WITH_KNOTS('',3,(#6906,#6907,#6908,#6909,#6910,#6911,#6912,#6913,#6914,#6915,#6916,#6917,#6918,#6919,#6920,#6921,#6922,#6923,#6924,#6925,#6926,#6927,#6928,#6929),.UNSPECIFIED.,.F.,.F.,(4,1,1,1,1,1,1,1,1,1,1,1,1,1,1,1,1,1,1,1,1,4),(9.19491095860987E-11,0.04761904761905,0.0952380952381,0.1428571428571,0.1904761904762,0.2380952380952,0.2857142857143,0.3333333333333,0.3809523809524,0.4285714285714,0.4761904761905,0.5238095238095,0.5714285714286,0.6190476190476,0.6666666666667,0.7142857142857,0.7619047619048,0.8095238095238,0.8571428571429,0.9047619047619,0.952380952381,1.0),.UNSPECIFIED.);
#4374=CIRCLE('',#6930,3.175);
#4375=LINE('',#6931,#6932);
#4376=VERTEX_POINT('',#6933);
#4377=LINE('',#6934,#6935);
#4378=B_SPLINE_CURVE_WITH_KNOTS('',3,(#6936,#6937,#6938,#6939,#6940,#6941,#6942,#6943,#6944,#6945,#6946,#6947,#6948,#6949,#6950,#6951,#6952,#6953,#6954,#6955,#6956,#6957,#6958,#6959,#6960,#6961,#6962,#6963,#6964,#6965,#6966,#6967,#6968,#6969,#6970,#6971,#6972,#6973,#6974,#6975,#6976,#6977,#6978,#6979,#6980,#6981,#6982,#6983,#6984,#6985,#6986,#6987,#6988,#6989,#6990,#6991,#6992,#6993,#6994,#6995,#6996,#6997,#6998,#6999,#7000,#7001,#7002,#7003,#7004,#7005,#7006,#7007,#7008,#7009,#7010,#7011,#7012,#7013,#7014,#7015,#7016,#7017,#7018,#7019,#7020,#7021,#7022,#7023,#7024,#7025,#7026,#7027,#7028,#7029,#7030,#7031,#7032,#7033,#7034,#7035,#7036,#7037,#7038,#7039,#7040,#7041,#7042,#7043,#7044,#7045,#7046,#7047,#7048,#7049,#7050,#7051,#7052,#7053,#7054,#7055,#7056,#7057,#7058,#7059,#7060,#7061,#7062,#7063,#7064,#7065,#7066,#7067,#7068,#7069,#7070,#7071,#7072),.UNSPECIFIED.,.F.,.F.,(4,1,1,1,1,1,1,1,1,1,1,1,1,1,1,1,1,1,1,1,1,1,1,1,1,1,1,1,1,1,1,1,1,1,1,1,1,1,1,1,1,1,1,1,1,1,1,1,1,1,1,1,1,1,1,1,1,1,1,1,1,1,1,1,1,1,1,1,1,1,1,1,1,1,1,1,1,1,1,1,1,1,1,1,1,1,1,1,1,1,1,1,1,1,1,1,1,1,1,1,1,1,1,1,1,1,1,1,1,1,1,1,1,1,1,1,1,1,1,1,1,1,1,1,1,1,1,1,1,1,1,1,1,1,4),(0.0,0.007462686567164,0.01492537313433,0.02238805970149,0.02985074626866,0.03731343283582,0.04477611940299,0.05223880597015,0.05970149253731,0.06716417910448,0.07462686567164,0.08208955223881,0.08955223880597,0.09701492537313,0.1044776119403,0.1119402985075,0.1194029850746,0.1268656716418,0.134328358209,0.1417910447761,0.1492537313433,0.1567164179104,0.1641791044776,0.1716417910448,0.1791044776119,0.1865671641791,0.1940298507463,0.2014925373134,0.2089552238806,0.2164179104478,0.2238805970149,0.2313432835821,0.2388059701493,0.2462686567164,0.2537313432836,0.2611940298507,0.2686567164179,0.2761194029851,0.2835820895522,0.2910447761194,0.2985074626866,0.3059701492537,0.3134328358209,0.3208955223881,0.3283582089552,0.3358208955224,0.3432835820896,0.3507462686567,0.3582089552239,0.365671641791,0.3731343283582,0.3805970149254,0.3880597014925,0.3955223880597,0.4029850746269,0.410447761194,0.4179104477612,0.4253731343284,0.4328358208955,0.4402985074627,0.4477611940299,0.455223880597,0.4626865671642,0.4701492537313,0.4776119402985,0.4850746268657,0.4925373134328,0.5,0.5074626865672,0.5149253731343,0.5223880597015,0.5298507462687,0.5373134328358,0.544776119403,0.5522388059701,0.5597014925373,0.5671641791045,0.5746268656716,0.5820895522388,0.589552238806,0.5970149253731,0.6044776119403,0.6119402985075,0.6194029850746,0.6268656716418,0.634328358209,0.6417910447761,0.6492537313433,0.6567164179104,0.6641791044776,0.6716417910448,0.6791044776119,0.6865671641791,0.6940298507463,0.7014925373134,0.7089552238806,0.7164179104478,0.7238805970149,0.7313432835821,0.7388059701493,0.7462686567164,0.7537313432836,0.7611940298507,0.7686567164179,0.7761194029851,0.7835820895522,0.7910447761194,0.7985074626866,0.8059701492537,0.8134328358209,0.8208955223881,0.8283582089552,0.8358208955224,0.8432835820896,0.8507462686567,0.8582089552239,0.865671641791,0.8731343283582,0.8805970149254,0.8880597014925,0.8955223880597,0.9029850746269,0.910447761194,0.9179104477612,0.9253731343284,0.9328358208955,0.9402985074627,0.9477611940299,0.955223880597,0.9626865671642,0.9701492537313,0.9776119402985,0.9850746268657,0.9925373134328,1.0),.UNSPECIFIED.);
#4379=VERTEX_POINT('',#7073);
#4380=LINE('',#7074,#7075);
#4381=B_SPLINE_CURVE_WITH_KNOTS('',3,(#7076,#7077,#7078,#7079,#7080,#7081,#7082,#7083,#7084,#7085,#7086,#7087,#7088,#7089,#7090,#7091,#7092,#7093,#7094,#7095,#7096,#7097,#7098,#7099,#7100,#7101,#7102,#7103,#7104,#7105,#7106,#7107,#7108,#7109,#7110,#7111,#7112,#7113,#7114,#7115,#7116,#7117,#7118,#7119,#7120,#7121,#7122,#7123,#7124,#7125,#7126,#7127,#7128,#7129,#7130,#7131,#7132,#7133,#7134,#7135,#7136,#7137,#7138,#7139,#7140,#7141,#7142,#7143,#7144,#7145,#7146,#7147,#7148,#7149,#7150,#7151,#7152,#7153,#7154,#7155,#7156,#7157,#7158,#7159,#7160,#7161,#7162,#7163,#7164,#7165,#7166,#7167,#7168,#7169,#7170,#7171,#7172,#7173,#7174,#7175,#7176,#7177,#7178,#7179,#7180,#7181,#7182,#7183,#7184,#7185,#7186,#7187,#7188,#7189,#7190,#7191,#7192,#7193,#7194,#7195,#7196,#7197,#7198,#7199,#7200,#7201,#7202,#7203,#7204,#7205,#7206,#7207,#7208,#7209,#7210,#7211,#7212),.UNSPECIFIED.,.F.,.F.,(4,1,1,1,1,1,1,1,1,1,1,1,1,1,1,1,1,1,1,1,1,1,1,1,1,1,1,1,1,1,1,1,1,1,1,1,1,1,1,1,1,1,1,1,1,1,1,1,1,1,1,1,1,1,1,1,1,1,1,1,1,1,1,1,1,1,1,1,1,1,1,1,1,1,1,1,1,1,1,1,1,1,1,1,1,1,1,1,1,1,1,1,1,1,1,1,1,1,1,1,1,1,1,1,1,1,1,1,1,1,1,1,1,1,1,1,1,1,1,1,1,1,1,1,1,1,1,1,1,1,1,1,1,1,4),(0.0,0.007462686567164,0.01492537313433,0.02238805970149,0.02985074626866,0.03731343283582,0.04477611940299,0.05223880597015,0.05970149253731,0.06716417910448,0.07462686567164,0.08208955223881,0.08955223880597,0.09701492537313,0.1044776119403,0.1119402985075,0.1194029850746,0.1268656716418,0.134328358209,0.1417910447761,0.1492537313433,0.1567164179104,0.1641791044776,0.1716417910448,0.1791044776119,0.1865671641791,0.1940298507463,0.2014925373134,0.2089552238806,0.2164179104478,0.2238805970149,0.2313432835821,0.2388059701493,0.2462686567164,0.2537313432836,0.2611940298507,0.2686567164179,0.2761194029851,0.2835820895522,0.2910447761194,0.2985074626866,0.3059701492537,0.3134328358209,0.3208955223881,0.3283582089552,0.3358208955224,0.3432835820896,0.3507462686567,0.3582089552239,0.365671641791,0.3731343283582,0.3805970149254,0.3880597014925,0.3955223880597,0.4029850746269,0.410447761194,0.4179104477612,0.4253731343284,0.4328358208955,0.4402985074627,0.4477611940299,0.455223880597,0.4626865671642,0.4701492537313,0.4776119402985,0.4850746268657,0.4925373134328,0.5,0.5074626865672,0.5149253731343,0.5223880597015,0.5298507462687,0.5373134328358,0.544776119403,0.5522388059701,0.5597014925373,0.5671641791045,0.5746268656716,0.5820895522388,0.589552238806,0.5970149253731,0.6044776119403,0.6119402985075,0.6194029850746,0.6268656716418,0.634328358209,0.6417910447761,0.6492537313433,0.6567164179104,0.6641791044776,0.6716417910448,0.6791044776119,0.6865671641791,0.6940298507463,0.7014925373134,0.7089552238806,0.7164179104478,0.7238805970149,0.7313432835821,0.7388059701493,0.7462686567164,0.7537313432836,0.7611940298507,0.7686567164179,0.7761194029851,0.7835820895522,0.7910447761194,0.7985074626866,0.8059701492537,0.8134328358209,0.8208955223881,0.8283582089552,0.8358208955224,0.8432835820896,0.8507462686567,0.8582089552239,0.865671641791,0.8731343283582,0.8805970149254,0.8880597014925,0.8955223880597,0.9029850746269,0.910447761194,0.9179104477612,0.9253731343284,0.9328358208955,0.9402985074627,0.9477611940299,0.955223880597,0.9626865671642,0.9701492537313,0.9776119402985,0.9850746268657,0.9925373134328,1.0),.UNSPECIFIED.);
#4382=LINE('',#7213,#7214);
#4383=VERTEX_POINT('',#7215);
#4384=B_SPLINE_CURVE_WITH_KNOTS('',3,(#7216,#7217,#7218,#7219,#7220,#7221,#7222,#7223,#7224,#7225,#7226,#7227,#7228,#7229,#7230,#7231,#7232,#7233,#7234,#7235,#7236,#7237,#7238,#7239,#7240,#7241,#7242,#7243,#7244,#7245,#7246,#7247,#7248,#7249,#7250,#7251,#7252,#7253,#7254,#7255,#7256,#7257,#7258,#7259,#7260,#7261,#7262,#7263,#7264,#7265,#7266,#7267,#7268,#7269,#7270,#7271,#7272,#7273,#7274,#7275,#7276,#7277,#7278,#7279,#7280,#7281,#7282,#7283,#7284,#7285,#7286,#7287,#7288,#7289,#7290,#7291,#7292,#7293,#7294,#7295,#7296,#7297,#7298,#7299,#7300,#7301,#7302,#7303,#7304,#7305,#7306,#7307,#7308,#7309,#7310,#7311,#7312,#7313,#7314,#7315,#7316,#7317,#7318,#7319,#7320,#7321,#7322,#7323,#7324,#7325,#7326,#7327,#7328,#7329,#7330,#7331,#7332,#7333,#7334,#7335,#7336,#7337,#7338,#7339,#7340,#7341,#7342,#7343,#7344,#7345,#7346,#7347,#7348,#7349,#7350,#7351,#7352),.UNSPECIFIED.,.F.,.F.,(4,1,1,1,1,1,1,1,1,1,1,1,1,1,1,1,1,1,1,1,1,1,1,1,1,1,1,1,1,1,1,1,1,1,1,1,1,1,1,1,1,1,1,1,1,1,1,1,1,1,1,1,1,1,1,1,1,1,1,1,1,1,1,1,1,1,1,1,1,1,1,1,1,1,1,1,1,1,1,1,1,1,1,1,1,1,1,1,1,1,1,1,1,1,1,1,1,1,1,1,1,1,1,1,1,1,1,1,1,1,1,1,1,1,1,1,1,1,1,1,1,1,1,1,1,1,1,1,1,1,1,1,1,1,4),(0.0,0.007462686567164,0.01492537313433,0.02238805970149,0.02985074626866,0.03731343283582,0.04477611940299,0.05223880597015,0.05970149253731,0.06716417910448,0.07462686567164,0.08208955223881,0.08955223880597,0.09701492537313,0.1044776119403,0.1119402985075,0.1194029850746,0.1268656716418,0.134328358209,0.1417910447761,0.1492537313433,0.1567164179104,0.1641791044776,0.1716417910448,0.1791044776119,0.1865671641791,0.1940298507463,0.2014925373134,0.2089552238806,0.2164179104478,0.2238805970149,0.2313432835821,0.2388059701493,0.2462686567164,0.2537313432836,0.2611940298507,0.2686567164179,0.2761194029851,0.2835820895522,0.2910447761194,0.2985074626866,0.3059701492537,0.3134328358209,0.3208955223881,0.3283582089552,0.3358208955224,0.3432835820896,0.3507462686567,0.3582089552239,0.365671641791,0.3731343283582,0.3805970149254,0.3880597014925,0.3955223880597,0.4029850746269,0.410447761194,0.4179104477612,0.4253731343284,0.4328358208955,0.4402985074627,0.4477611940299,0.455223880597,0.4626865671642,0.4701492537313,0.4776119402985,0.4850746268657,0.4925373134328,0.5,0.5074626865672,0.5149253731343,0.5223880597015,0.5298507462687,0.5373134328358,0.544776119403,0.5522388059701,0.5597014925373,0.5671641791045,0.5746268656716,0.5820895522388,0.589552238806,0.5970149253731,0.6044776119403,0.6119402985075,0.6194029850746,0.6268656716418,0.634328358209,0.6417910447761,0.6492537313433,0.6567164179104,0.6641791044776,0.6716417910448,0.6791044776119,0.6865671641791,0.6940298507463,0.7014925373134,0.7089552238806,0.7164179104478,0.7238805970149,0.7313432835821,0.7388059701493,0.7462686567164,0.7537313432836,0.7611940298507,0.7686567164179,0.7761194029851,0.7835820895522,0.7910447761194,0.7985074626866,0.8059701492537,0.8134328358209,0.8208955223881,0.8283582089552,0.8358208955224,0.8432835820896,0.8507462686567,0.8582089552239,0.865671641791,0.8731343283582,0.8805970149254,0.8880597014925,0.8955223880597,0.9029850746269,0.910447761194,0.9179104477612,0.9253731343284,0.9328358208955,0.9402985074627,0.9477611940299,0.955223880597,0.9626865671642,0.9701492537313,0.9776119402985,0.9850746268657,0.9925373134328,1.0),.UNSPECIFIED.);
#4385=LINE('',#7353,#7354);
#4386=VERTEX_POINT('',#7355);
#4387=B_SPLINE_CURVE_WITH_KNOTS('',3,(#7356,#7357,#7358,#7359,#7360,#7361,#7362,#7363,#7364,#7365,#7366,#7367,#7368,#7369,#7370,#7371,#7372,#7373,#7374,#7375,#7376,#7377,#7378,#7379,#7380,#7381,#7382,#7383,#7384,#7385,#7386,#7387,#7388,#7389,#7390,#7391,#7392,#7393,#7394,#7395,#7396,#7397,#7398,#7399,#7400,#7401,#7402,#7403,#7404,#7405,#7406,#7407,#7408,#7409,#7410,#7411,#7412,#7413,#7414,#7415,#7416,#7417,#7418,#7419,#7420,#7421,#7422,#7423,#7424),.UNSPECIFIED.,.F.,.F.,(4,1,1,1,1,1,1,1,1,1,1,1,1,1,1,1,1,1,1,1,1,1,1,1,1,1,1,1,1,1,1,1,1,1,1,1,1,1,1,1,1,1,1,1,1,1,1,1,1,1,1,1,1,1,1,1,1,1,1,1,1,1,1,1,1,1,4),(0.0,0.01515151515152,0.03030303030303,0.04545454545455,0.06060606060606,0.07575757575758,0.09090909090909,0.1060606060606,0.1212121212121,0.1363636363636,0.1515151515152,0.1666666666667,0.1818181818182,0.1969696969697,0.2121212121212,0.2272727272727,0.2424242424242,0.2575757575758,0.2727272727273,0.2878787878788,0.3030303030303,0.3181818181818,0.3333333333333,0.3484848484848,0.3636363636364,0.3787878787879,0.3939393939394,0.4090909090909,0.4242424242424,0.4393939393939,0.4545454545455,0.469696969697,0.4848484848485,0.5,0.5151515151515,0.530303030303,0.5454545454545,0.5606060606061,0.5757575757576,0.5909090909091,0.6060606060606,0.6212121212121,0.6363636363636,0.6515151515152,0.6666666666667,0.6818181818182,0.6969696969697,0.7121212121212,0.7272727272727,0.7424242424242,0.7575757575758,0.7727272727273,0.7878787878788,0.8030303030303,0.8181818181818,0.8333333333333,0.8484848484848,0.8636363636364,0.8787878787879,0.8939393939394,0.9090909090909,0.9242424242424,0.9393939393939,0.9545454545455,0.969696969697,0.9848484848485,1.0),.UNSPECIFIED.);
#4388=B_SPLINE_CURVE_WITH_KNOTS('',3,(#7425,#7426,#7427,#7428,#7429,#7430,#7431,#7432,#7433,#7434,#7435,#7436,#7437,#7438,#7439,#7440,#7441,#7442),.UNSPECIFIED.,.F.,.F.,(4,1,1,1,1,1,1,1,1,1,1,1,1,1,1,4),(1.25310442511344E-10,0.06666666666667,0.1333333333333,0.2,0.2666666666667,0.3333333333333,0.4,0.4666666666667,0.5333333333333,0.6,0.6666666666667,0.7333333333333,0.8,0.8666666666667,0.9333333333333,1.0),.UNSPECIFIED.);
#4389=VERTEX_POINT('',#7443);
#4390=VERTEX_POINT('',#7444);
#4391=CIRCLE('',#7445,3.2);
#4392=CIRCLE('',#7446,3.2);
#4393=VERTEX_POINT('',#7447);
#4394=B_SPLINE_CURVE_WITH_KNOTS('',3,(#7448,#7449,#7450,#7451,#7452,#7453,#7454,#7455,#7456,#7457,#7458),.UNSPECIFIED.,.F.,.F.,(4,1,1,1,1,1,1,1,4),(0.0,0.125,0.25,0.375,0.5,0.625,0.75,0.875,1.0),.UNSPECIFIED.);
#4395=B_SPLINE_CURVE_WITH_KNOTS('',3,(#7459,#7460,#7461,#7462,#7463,#7464,#7465,#7466,#7467,#7468,#7469,#7470,#7471,#7472,#7473,#7474,#7475,#7476,#7477,#7478),.UNSPECIFIED.,.F.,.F.,(4,1,1,1,1,1,1,1,1,1,1,1,1,1,1,1,1,4),(0.0,0.05882352941176,0.1176470588235,0.1764705882353,0.2352941176471,0.2941176470588,0.3529411764706,0.4117647058824,0.4705882352941,0.5294117647059,0.5882352941176,0.6470588235294,0.7058823529412,0.7647058823529,0.8235294117647,0.8823529411765,0.9411764705882,1.0),.UNSPECIFIED.);
#4396=VERTEX_POINT('',#7479);
#4397=VERTEX_POINT('',#7480);
#4398=B_SPLINE_CURVE_WITH_KNOTS('',3,(#7481,#7482,#7483,#7484,#7485,#7486,#7487),.UNSPECIFIED.,.F.,.F.,(4,1,1,1,4),(0.0,0.25,0.5,0.75,1.0),.UNSPECIFIED.);
#4399=LINE('',#7488,#7489);
#4400=VERTEX_POINT('',#7490);
#4401=LINE('',#7491,#7492);
#4402=VERTEX_POINT('',#7493);
#4403=B_SPLINE_CURVE_WITH_KNOTS('',3,(#7494,#7495,#7496,#7497,#7498,#7499,#7500,#7501,#7502,#7503,#7504),.UNSPECIFIED.,.F.,.F.,(4,1,1,1,1,1,1,1,4),(0.0,0.125,0.25,0.375,0.5,0.625,0.75,0.875,1.0),.UNSPECIFIED.);
#4404=VERTEX_POINT('',#7505);
#4405=CIRCLE('',#7506,3.2);
#4406=VERTEX_POINT('',#7507);
#4407=B_SPLINE_CURVE_WITH_KNOTS('',3,(#7508,#7509,#7510,#7511,#7512,#7513,#7514,#7515,#7516,#7517,#7518),.UNSPECIFIED.,.F.,.F.,(4,1,1,1,1,1,1,1,4),(0.0,0.125,0.25,0.375,0.5,0.625,0.75,0.875,1.0),.UNSPECIFIED.);
#4408=VERTEX_POINT('',#7519);
#4409=B_SPLINE_CURVE_WITH_KNOTS('',3,(#7520,#7521,#7522,#7523,#7524,#7525,#7526,#7527,#7528,#7529,#7530),.UNSPECIFIED.,.F.,.F.,(4,1,1,1,1,1,1,1,4),(0.0,0.125,0.25,0.375,0.5,0.625,0.75,0.875,1.0),.UNSPECIFIED.);
#4410=CIRCLE('',#7531,3.2);
#4411=VERTEX_POINT('',#7532);
#4412=VERTEX_POINT('',#7533);
#4413=LINE('',#7534,#7535);
#4414=VERTEX_POINT('',#7536);
#4415=LINE('',#7537,#7538);
#4416=VERTEX_POINT('',#7539);
#4417=LINE('',#7540,#7541);
#4418=VERTEX_POINT('',#7542);
#4419=LINE('',#7543,#7544);
#4420=VERTEX_POINT('',#7545);
#4421=LINE('',#7546,#7547);
#4422=VERTEX_POINT('',#7548);
#4423=LINE('',#7549,#7550);
#4424=VERTEX_POINT('',#7551);
#4425=LINE('',#7552,#7553);
#4426=LINE('',#7554,#7555);
#4427=VERTEX_POINT('',#7556);
#4428=VERTEX_POINT('',#7557);
#4429=CIRCLE('',#7558,3.2);
#4430=VERTEX_POINT('',#7559);
#4431=LINE('',#7560,#7561);
#4432=VERTEX_POINT('',#7562);
#4433=LINE('',#7563,#7564);
#4434=LINE('',#7565,#7566);
#4435=VERTEX_POINT('',#7567);
#4436=LINE('',#7568,#7569);
#4437=LINE('',#7570,#7571);
#4438=VERTEX_POINT('',#7572);
#4439=LINE('',#7573,#7574);
#4440=LINE('',#7575,#7576);
#4441=VERTEX_POINT('',#7577);
#4442=B_SPLINE_CURVE_WITH_KNOTS('',3,(#7578,#7579,#7580,#7581,#7582,#7583,#7584,#7585,#7586,#7587),.UNSPECIFIED.,.F.,.F.,(4,1,1,1,1,1,1,4),(0.0,0.1428571428571,0.2857142857143,0.4285714285714,0.5714285714286,0.7142857142857,0.8571428571429,1.0),.UNSPECIFIED.);
#4443=VERTEX_POINT('',#7588);
#4444=LINE('',#7589,#7590);
#4445=B_SPLINE_CURVE_WITH_KNOTS('',3,(#7591,#7592,#7593,#7594,#7595,#7596,#7597,#7598,#7599,#7600),.UNSPECIFIED.,.F.,.F.,(4,1,1,1,1,1,1,4),(0.0,0.1428571428571,0.2857142857143,0.4285714285714,0.5714285714286,0.7142857142857,0.8571428571429,1.0),.UNSPECIFIED.);
#4446=VERTEX_POINT('',#7601);
#4447=LINE('',#7602,#7603);
#4448=VERTEX_POINT('',#7604);
#4449=B_SPLINE_CURVE_WITH_KNOTS('',3,(#7605,#7606,#7607,#7608,#7609,#7610,#7611,#7612,#7613,#7614),.UNSPECIFIED.,.F.,.F.,(4,1,1,1,1,1,1,4),(0.0,0.1428571428571,0.2857142857143,0.4285714285714,0.5714285714286,0.7142857142857,0.8571428571429,1.0),.UNSPECIFIED.);
#4450=LINE('',#7615,#7616);
#4451=VERTEX_POINT('',#7617);
#4452=VERTEX_POINT('',#7618);
#4453=LINE('',#7619,#7620);
#4454=LINE('',#7621,#7622);
#4455=VERTEX_POINT('',#7623);
#4456=LINE('',#7624,#7625);
#4457=VERTEX_POINT('',#7626);
#4458=LINE('',#7627,#7628);
#4459=LINE('',#7629,#7630);
#4460=VERTEX_POINT('',#7631);
#4461=LINE('',#7632,#7633);
#4462=VERTEX_POINT('',#7634);
#4463=LINE('',#7635,#7636);
#4464=VERTEX_POINT('',#7637);
#4465=LINE('',#7638,#7639);
#4466=VERTEX_POINT('',#7640);
#4467=LINE('',#7641,#7642);
#4468=VERTEX_POINT('',#7643);
#4469=LINE('',#7644,#7645);
#4470=LINE('',#7646,#7647);
#4471=VERTEX_POINT('',#7648);
#4472=CIRCLE('',#7649,0.1);
#4473=VERTEX_POINT('',#7650);
#4474=LINE('',#7651,#7652);
#4475=CIRCLE('',#7653,0.1);
#4476=VERTEX_POINT('',#7654);
#4477=CIRCLE('',#7655,0.1);
#4478=CIRCLE('',#7656,0.1);
#4479=VERTEX_POINT('',#7657);
#4480=LINE('',#7658,#7659);
#4481=VERTEX_POINT('',#7660);
#4482=CIRCLE('',#7661,0.1);
#4483=LINE('',#7662,#7663);
#4484=VERTEX_POINT('',#7664);
#4485=VERTEX_POINT('',#7665);
#4486=LINE('',#7666,#7667);
#4487=LINE('',#7668,#7669);
#4488=LINE('',#7670,#7671);
#4489=VERTEX_POINT('',#7672);
#4490=VERTEX_POINT('',#7673);
#4491=CIRCLE('',#7674,2.6);
#4492=CIRCLE('',#7675,2.6);
#4493=VERTEX_POINT('',#7676);
#4494=LINE('',#7677,#7678);
#4495=VERTEX_POINT('',#7679);
#4496=CIRCLE('',#7680,2.6);
#4497=LINE('',#7681,#7682);
#4498=CIRCLE('',#7683,2.6);
#4499=VERTEX_POINT('',#7684);
#4500=LINE('',#7685,#7686);
#4501=LINE('',#7687,#7688);
#4502=VERTEX_POINT('',#7689);
#4503=LINE('',#7690,#7691);
#4504=B_SPLINE_CURVE_WITH_KNOTS('',3,(#7692,#7693,#7694,#7695,#7696,#7697,#7698,#7699,#7700,#7701),.UNSPECIFIED.,.F.,.F.,(4,1,1,1,1,1,1,4),(0.0,0.1428571428571,0.2857142857143,0.4285714285714,0.5714285714286,0.7142857142857,0.8571428571429,1.0),.UNSPECIFIED.);
#4505=LINE('',#7702,#7703);
#4506=VERTEX_POINT('',#7704);
#4507=LINE('',#7705,#7706);
#4508=LINE('',#7707,#7708);
#4509=VERTEX_POINT('',#7709);
#4510=VERTEX_POINT('',#7710);
#4511=CIRCLE('',#7711,2.6);
#4512=CIRCLE('',#7712,2.6);
#4513=VERTEX_POINT('',#7713);
#4514=LINE('',#7714,#7715);
#4515=VERTEX_POINT('',#7716);
#4516=LINE('',#7717,#7718);
#4517=VERTEX_POINT('',#7719);
#4518=LINE('',#7720,#7721);
#4519=VERTEX_POINT('',#7722);
#4520=LINE('',#7723,#7724);
#4521=VERTEX_POINT('',#7725);
#4522=LINE('',#7726,#7727);
#4523=LINE('',#7728,#7729);
#4524=VERTEX_POINT('',#7730);
#4525=LINE('',#7731,#7732);
#4526=VERTEX_POINT('',#7733);
#4527=CIRCLE('',#7734,2.6);
#4528=LINE('',#7735,#7736);
#4529=CIRCLE('',#7737,2.6);
#4530=VERTEX_POINT('',#7738);
#4531=CIRCLE('',#7739,0.1);
#4532=VERTEX_POINT('',#7740);
#4533=LINE('',#7741,#7742);
#4534=CIRCLE('',#7743,0.1);
#4535=CIRCLE('',#7744,0.1);
#4536=VERTEX_POINT('',#7745);
#4537=CIRCLE('',#7746,0.1);
#4538=LINE('',#7747,#7748);
#4539=VERTEX_POINT('',#7749);
#4540=LINE('',#7750,#7751);
#4541=LINE('',#7752,#7753);
#4542=LINE('',#7754,#7755);
#4543=VERTEX_POINT('',#7756);
#4544=LINE('',#7757,#7758);
#4545=VERTEX_POINT('',#7759);
#4546=LINE('',#7760,#7761);
#4547=VERTEX_POINT('',#7762);
#4548=LINE('',#7763,#7764);
#4549=VERTEX_POINT('',#7765);
#4550=LINE('',#7766,#7767);
#4551=LINE('',#7768,#7769);
#4552=CIRCLE('',#7770,0.1);
#4553=B_SPLINE_CURVE_WITH_KNOTS('',3,(#7771,#7772,#7773,#7774,#7775,#7776,#7777),.UNSPECIFIED.,.F.,.F.,(4,1,1,1,4),(0.0,0.25,0.5,0.75,1.0),.UNSPECIFIED.);
#4554=CIRCLE('',#7778,0.1);
#4555=VERTEX_POINT('',#7779);
#4556=CIRCLE('',#7780,0.1);
#4557=CIRCLE('',#7781,0.1);
#4558=LINE('',#7782,#7783);
#4559=VERTEX_POINT('',#7784);
#4560=LINE('',#7785,#7786);
#4561=VERTEX_POINT('',#7787);
#4562=LINE('',#7788,#7789);
#4563=VERTEX_POINT('',#7790);
#4564=LINE('',#7791,#7792);
#4565=LINE('',#7793,#7794);
#4566=CIRCLE('',#7795,0.1);
#4567=CIRCLE('',#7796,0.1);
#4568=CIRCLE('',#7797,0.1);
#4569=CIRCLE('',#7798,0.1);
#4570=CIRCLE('',#7799,0.1);
#4571=CIRCLE('',#7800,0.1);
#4572=CIRCLE('',#7801,0.1);
#4573=CIRCLE('',#7802,0.1);
#4574=CIRCLE('',#7803,0.1);
#4575=CIRCLE('',#7804,0.1);
#4576=CIRCLE('',#7805,0.1);
#4577=B_SPLINE_CURVE_WITH_KNOTS('',3,(#7806,#7807,#7808,#7809,#7810,#7811,#7812,#7813,#7814,#7815,#7816),.UNSPECIFIED.,.F.,.F.,(4,1,1,1,1,1,1,1,4),(0.0,0.125,0.25,0.375,0.5,0.625,0.75,0.875,1.0),.UNSPECIFIED.);
#4578=VERTEX_POINT('',#7817);
#4579=LINE('',#7818,#7819);
#4580=LINE('',#7820,#7821);
#4581=VERTEX_POINT('',#7822);
#4582=VERTEX_POINT('',#7823);
#4583=LINE('',#7824,#7825);
#4584=VERTEX_POINT('',#7826);
#4585=LINE('',#7827,#7828);
#4586=VERTEX_POINT('',#7829);
#4587=LINE('',#7830,#7831);
#4588=LINE('',#7832,#7833);
#4589=VERTEX_POINT('',#7834);
#4590=LINE('',#7835,#7836);
#4591=LINE('',#7837,#7838);
#4592=VERTEX_POINT('',#7839);
#4593=VERTEX_POINT('',#7840);
#4594=LINE('',#7841,#7842);
#4595=VERTEX_POINT('',#7843);
#4596=LINE('',#7844,#7845);
#4597=VERTEX_POINT('',#7846);
#4598=LINE('',#7847,#7848);
#4599=LINE('',#7849,#7850);
#4600=VERTEX_POINT('',#7851);
#4601=LINE('',#7852,#7853);
#4602=LINE('',#7854,#7855);
#4603=VERTEX_POINT('',#7856);
#4604=VERTEX_POINT('',#7857);
#4605=LINE('',#7858,#7859);
#4606=VERTEX_POINT('',#7860);
#4607=LINE('',#7861,#7862);
#4608=VERTEX_POINT('',#7863);
#4609=LINE('',#7864,#7865);
#4610=LINE('',#7866,#7867);
#4611=VERTEX_POINT('',#7868);
#4612=LINE('',#7869,#7870);
#4613=LINE('',#7871,#7872);
#4614=VERTEX_POINT('',#7873);
#4615=VERTEX_POINT('',#7874);
#4616=LINE('',#7875,#7876);
#4617=VERTEX_POINT('',#7877);
#4618=LINE('',#7878,#7879);
#4619=VERTEX_POINT('',#7880);
#4620=LINE('',#7881,#7882);
#4621=LINE('',#7883,#7884);
#4622=VERTEX_POINT('',#7885);
#4623=LINE('',#7886,#7887);
#4624=LINE('',#7888,#7889);
#4625=VERTEX_POINT('',#7890);
#4626=LINE('',#7891,#7892);
#4627=LINE('',#7893,#7894);
#4628=VERTEX_POINT('',#7895);
#4629=LINE('',#7896,#7897);
#4630=LINE('',#7898,#7899);
#4631=VERTEX_POINT('',#7900);
#4632=LINE('',#7901,#7902);
#4633=LINE('',#7903,#7904);
#4634=LINE('',#7905,#7906);
#4635=VERTEX_POINT('',#7907);
#4636=VERTEX_POINT('',#7908);
#4637=CIRCLE('',#7909,0.635);
#4638=CIRCLE('',#7910,0.635);
#4639=LINE('',#7911,#7912);
#4640=LINE('',#7913,#7914);
#4641=LINE('',#7915,#7916);
#4642=VERTEX_POINT('',#7917);
#4643=LINE('',#7918,#7919);
#4644=VERTEX_POINT('',#7920);
#4645=CIRCLE('',#7921,0.635);
#4646=LINE('',#7922,#7923);
#4647=CIRCLE('',#7924,0.635);
#4648=VERTEX_POINT('',#7925);
#4649=LINE('',#7926,#7927);
#4650=VERTEX_POINT('',#7928);
#4651=LINE('',#7929,#7930);
#4652=LINE('',#7931,#7932);
#4653=VERTEX_POINT('',#7933);
#4654=LINE('',#7934,#7935);
#4655=LINE('',#7936,#7937);
#4656=VERTEX_POINT('',#7938);
#4657=LINE('',#7939,#7940);
#4658=LINE('',#7941,#7942);
#4659=LINE('',#7943,#7944);
#4660=VERTEX_POINT('',#7945);
#4661=VERTEX_POINT('',#7946);
#4662=LINE('',#7947,#7948);
#4663=VERTEX_POINT('',#7949);
#4664=LINE('',#7950,#7951);
#4665=VERTEX_POINT('',#7952);
#4666=LINE('',#7953,#7954);
#4667=LINE('',#7955,#7956);
#4668=VERTEX_POINT('',#7957);
#4669=VERTEX_POINT('',#7958);
#4670=LINE('',#7959,#7960);
#4671=VERTEX_POINT('',#7961);
#4672=LINE('',#7962,#7963);
#4673=VERTEX_POINT('',#7964);
#4674=LINE('',#7965,#7966);
#4675=LINE('',#7967,#7968);
#4676=VERTEX_POINT('',#7969);
#4677=VERTEX_POINT('',#7970);
#4678=LINE('',#7971,#7972);
#4679=VERTEX_POINT('',#7973);
#4680=LINE('',#7974,#7975);
#4681=VERTEX_POINT('',#7976);
#4682=LINE('',#7977,#7978);
#4683=LINE('',#7979,#7980);
#4684=LINE('',#7981,#7982);
#4685=LINE('',#7983,#7984);
#4686=LINE('',#7985,#7986);
#4687=LINE('',#7987,#7988);
#4688=LINE('',#7989,#7990);
#4689=LINE('',#7991,#7992);
#4690=LINE('',#7993,#7994);
#4691=LINE('',#7995,#7996);
#4692=LINE('',#7997,#7998);
#4693=LINE('',#7999,#8000);
#4694=LINE('',#8001,#8002);
#4695=LINE('',#8003,#8004);
#4696=VERTEX_POINT('',#8005);
#4697=B_SPLINE_CURVE_WITH_KNOTS('',3,(#8006,#8007,#8008,#8009,#8010,#8011,#8012,#8013,#8014,#8015,#8016,#8017,#8018,#8019,#8020,#8021,#8022,#8023,#8024,#8025,#8026,#8027,#8028,#8029,#8030,#8031,#8032,#8033,#8034,#8035,#8036,#8037,#8038,#8039,#8040,#8041,#8042,#8043,#8044,#8045,#8046,#8047,#8048,#8049,#8050,#8051,#8052,#8053,#8054,#8055,#8056,#8057,#8058,#8059,#8060,#8061,#8062,#8063,#8064,#8065,#8066,#8067,#8068,#8069,#8070,#8071,#8072,#8073,#8074,#8075,#8076,#8077,#8078,#8079),.UNSPECIFIED.,.F.,.F.,(4,1,1,1,1,1,1,1,1,1,1,1,1,1,1,1,1,1,1,1,1,1,1,1,1,1,1,1,1,1,1,1,1,1,1,1,1,1,1,1,1,1,1,1,1,1,1,1,1,1,1,1,1,1,1,1,1,1,1,1,1,1,1,1,1,1,1,1,1,1,1,4),(0.0,0.01408450704225,0.02816901408451,0.04225352112676,0.05633802816901,0.07042253521127,0.08450704225352,0.09859154929577,0.112676056338,0.1267605633803,0.1408450704225,0.1549295774648,0.169014084507,0.1830985915493,0.1971830985915,0.2112676056338,0.2253521126761,0.2394366197183,0.2535211267606,0.2676056338028,0.2816901408451,0.2957746478873,0.3098591549296,0.3239436619718,0.3380281690141,0.3521126760563,0.3661971830986,0.3802816901408,0.3943661971831,0.4084507042254,0.4225352112676,0.4366197183099,0.4507042253521,0.4647887323944,0.4788732394366,0.4929577464789,0.5070422535211,0.5211267605634,0.5352112676056,0.5492957746479,0.5633802816901,0.5774647887324,0.5915492957746,0.6056338028169,0.6197183098592,0.6338028169014,0.6478873239437,0.6619718309859,0.6760563380282,0.6901408450704,0.7042253521127,0.7183098591549,0.7323943661972,0.7464788732394,0.7605633802817,0.7746478873239,0.7887323943662,0.8028169014085,0.8169014084507,0.830985915493,0.8450704225352,0.8591549295775,0.8732394366197,0.887323943662,0.9014084507042,0.9154929577465,0.9295774647887,0.943661971831,0.9577464788732,0.9718309859155,0.9859154929577,1.0),.UNSPECIFIED.);
#4698=LINE('',#8080,#8081);
#4699=B_SPLINE_CURVE_WITH_KNOTS('',3,(#8082,#8083,#8084,#8085,#8086,#8087,#8088,#8089,#8090,#8091,#8092,#8093,#8094,#8095,#8096,#8097,#8098,#8099,#8100,#8101,#8102,#8103,#8104,#8105,#8106,#8107,#8108,#8109,#8110,#8111,#8112,#8113,#8114,#8115,#8116,#8117,#8118,#8119,#8120,#8121,#8122,#8123,#8124,#8125,#8126,#8127,#8128,#8129,#8130,#8131,#8132,#8133,#8134,#8135,#8136,#8137,#8138,#8139,#8140,#8141,#8142,#8143,#8144,#8145,#8146,#8147,#8148,#8149,#8150,#8151,#8152,#8153,#8154,#8155,#8156,#8157,#8158,#8159,#8160,#8161,#8162,#8163,#8164,#8165,#8166,#8167,#8168,#8169,#8170,#8171,#8172,#8173,#8174,#8175,#8176,#8177,#8178,#8179,#8180,#8181,#8182,#8183,#8184,#8185,#8186,#8187,#8188,#8189,#8190,#8191,#8192,#8193,#8194,#8195,#8196,#8197,#8198,#8199,#8200,#8201,#8202,#8203,#8204,#8205,#8206,#8207,#8208,#8209,#8210,#8211,#8212,#8213,#8214,#8215,#8216,#8217,#8218),.UNSPECIFIED.,.F.,.F.,(4,1,1,1,1,1,1,1,1,1,1,1,1,1,1,1,1,1,1,1,1,1,1,1,1,1,1,1,1,1,1,1,1,1,1,1,1,1,1,1,1,1,1,1,1,1,1,1,1,1,1,1,1,1,1,1,1,1,1,1,1,1,1,1,1,1,1,1,1,1,1,1,1,1,1,1,1,1,1,1,1,1,1,1,1,1,1,1,1,1,1,1,1,1,1,1,1,1,1,1,1,1,1,1,1,1,1,1,1,1,1,1,1,1,1,1,1,1,1,1,1,1,1,1,1,1,1,1,1,1,1,1,1,1,4),(0.0,0.007462686567164,0.01492537313433,0.02238805970149,0.02985074626866,0.03731343283582,0.04477611940299,0.05223880597015,0.05970149253731,0.06716417910448,0.07462686567164,0.08208955223881,0.08955223880597,0.09701492537313,0.1044776119403,0.1119402985075,0.1194029850746,0.1268656716418,0.134328358209,0.1417910447761,0.1492537313433,0.1567164179104,0.1641791044776,0.1716417910448,0.1791044776119,0.1865671641791,0.1940298507463,0.2014925373134,0.2089552238806,0.2164179104478,0.2238805970149,0.2313432835821,0.2388059701493,0.2462686567164,0.2537313432836,0.2611940298507,0.2686567164179,0.2761194029851,0.2835820895522,0.2910447761194,0.2985074626866,0.3059701492537,0.3134328358209,0.3208955223881,0.3283582089552,0.3358208955224,0.3432835820896,0.3507462686567,0.3582089552239,0.365671641791,0.3731343283582,0.3805970149254,0.3880597014925,0.3955223880597,0.4029850746269,0.410447761194,0.4179104477612,0.4253731343284,0.4328358208955,0.4402985074627,0.4477611940299,0.455223880597,0.4626865671642,0.4701492537313,0.4776119402985,0.4850746268657,0.4925373134328,0.5,0.5074626865672,0.5149253731343,0.5223880597015,0.5298507462687,0.5373134328358,0.544776119403,0.5522388059701,0.5597014925373,0.5671641791045,0.5746268656716,0.5820895522388,0.589552238806,0.5970149253731,0.6044776119403,0.6119402985075,0.6194029850746,0.6268656716418,0.634328358209,0.6417910447761,0.6492537313433,0.6567164179104,0.6641791044776,0.6716417910448,0.6791044776119,0.6865671641791,0.6940298507463,0.7014925373134,0.7089552238806,0.7164179104478,0.7238805970149,0.7313432835821,0.7388059701493,0.7462686567164,0.7537313432836,0.7611940298507,0.7686567164179,0.7761194029851,0.7835820895522,0.7910447761194,0.7985074626866,0.8059701492537,0.8134328358209,0.8208955223881,0.8283582089552,0.8358208955224,0.8432835820896,0.8507462686567,0.8582089552239,0.865671641791,0.8731343283582,0.8805970149254,0.8880597014925,0.8955223880597,0.9029850746269,0.910447761194,0.9179104477612,0.9253731343284,0.9328358208955,0.9402985074627,0.9477611940299,0.955223880597,0.9626865671642,0.9701492537313,0.9776119402985,0.9850746268657,0.9925373134328,1.0),.UNSPECIFIED.);
#4700=LINE('',#8219,#8220);
#4701=CIRCLE('',#8221,2.7);
#4702=VERTEX_POINT('',#8222);
#4703=LINE('',#8223,#8224);
#4704=VERTEX_POINT('',#8225);
#4705=LINE('',#8226,#8227);
#4706=CIRCLE('',#8228,2.7);
#4707=CIRCLE('',#8229,2.7);
#4708=VERTEX_POINT('',#8230);
#4709=VERTEX_POINT('',#8231);
#4710=CIRCLE('',#8232,2.325);
#4711=CIRCLE('',#8233,2.325);
#4712=VERTEX_POINT('',#8234);
#4713=LINE('',#8235,#8236);
#4714=VERTEX_POINT('',#8237);
#4715=CIRCLE('',#8238,2.325);
#4716=LINE('',#8239,#8240);
#4717=CIRCLE('',#8241,2.325);
#4718=VERTEX_POINT('',#8242);
#4719=VERTEX_POINT('',#8243);
#4720=CIRCLE('',#8244,0.49);
#4721=CIRCLE('',#8245,0.49);
#4722=VERTEX_POINT('',#8246);
#4723=LINE('',#8247,#8248);
#4724=VERTEX_POINT('',#8249);
#4725=CIRCLE('',#8250,0.49);
#4726=LINE('',#8251,#8252);
#4727=CIRCLE('',#8253,0.49);
#4728=CARTESIAN_POINT('',(3.88574115375596E-16,3.175,-11.3));
#4729=CARTESIAN_POINT('',(-2.47787921024743E-14,3.175,-11.2954031549748));
#4730=CARTESIAN_POINT('',(3.88574115375596E-16,3.175,-11.1212655777335));
#4731=VECTOR('',#8254,1.0);
#4732=CARTESIAN_POINT('',(-2.158561893417,2.328354687819,-11.3));
#4733=AXIS2_PLACEMENT_3D('',#8255,#8256,#8257);
#4734=CARTESIAN_POINT('',(0.0,-3.175,-11.031));
#4735=CARTESIAN_POINT('',(-2.15856189325815,2.3283546876515,-11.2999999999261));
#4736=CARTESIAN_POINT('',(-2.274511034269,2.220861014899,-11.29440444415));
#4737=CARTESIAN_POINT('',(-2.489919223042,1.988890547406,-11.28323239639));
#4738=CARTESIAN_POINT('',(-2.756909221295,1.598222798953,-11.26653256442));
#4739=CARTESIAN_POINT('',(-2.962532312964,1.173802259336,-11.24988782851));
#4740=CARTESIAN_POINT('',(-3.103591823141,0.7234103671506,-11.23323102486));
#4741=CARTESIAN_POINT('',(-3.177099781446,0.251306872428,-11.21636931076));
#4742=CARTESIAN_POINT('',(-3.178753197102,-0.2272595633857,-11.19948073636));
#4743=CARTESIAN_POINT('',(-3.109788091008,-0.69514380702,-11.18278909458));
#4744=CARTESIAN_POINT('',(-2.973945018548,-1.144946447986,-11.16620614386));
#4745=CARTESIAN_POINT('',(-2.769277472769,-1.577614639961,-11.14931430003));
#4746=CARTESIAN_POINT('',(-2.499461149689,-1.97767074563,-11.13228712791));
#4747=CARTESIAN_POINT('',(-2.172684105483,-2.331376289837,-11.11529267305));
#4748=CARTESIAN_POINT('',(-1.805237591904,-2.625972127498,-11.09867176448));
#4749=CARTESIAN_POINT('',(-1.393654296326,-2.866228791706,-11.08185218237));
#4750=CARTESIAN_POINT('',(-0.9443757190429,-3.044155356493,-11.0648003572));
#4751=CARTESIAN_POINT('',(-0.4734843362114,-3.15166879872,-11.04775554735));
#4752=CARTESIAN_POINT('',(-0.1572663892368,-3.175,-11.03656566444));
#4753=CARTESIAN_POINT('',(0.0,-3.175,-11.031));
#4754=CARTESIAN_POINT('',(0.0,-3.175,-10.942));
#4755=CARTESIAN_POINT('',(0.0,-3.175,-11.031));
#4756=VECTOR('',#8258,0.08899999999985);
#4757=CARTESIAN_POINT('',(0.1412360512366,3.171857086615,-11.3));
#4758=CARTESIAN_POINT('',(-0.01912966246173,3.178997830827,-11.29431902677));
#4759=CARTESIAN_POINT('',(-0.3409722547419,3.168912239502,-11.28295612416));
#4760=CARTESIAN_POINT('',(-0.8160409387095,3.080967536424,-11.26590689946));
#4761=CARTESIAN_POINT('',(-1.27232746097,2.922234587191,-11.24885881102));
#4762=CARTESIAN_POINT('',(-1.699382356308,2.696362573932,-11.23181068737));
#4763=CARTESIAN_POINT('',(-2.087380037427,2.408550349828,-11.21476315578));
#4764=CARTESIAN_POINT('',(-2.42743292195,2.065392205103,-11.19771505735));
#4765=CARTESIAN_POINT('',(-2.711715481055,1.674775851519,-11.18066681015));
#4766=CARTESIAN_POINT('',(-2.933690955393,1.245684020393,-11.16361873426));
#4767=CARTESIAN_POINT('',(-3.088259426018,0.7879858822486,-11.14657116506));
#4768=CARTESIAN_POINT('',(-3.171878190292,0.3121848849013,-11.12952360619));
#4769=CARTESIAN_POINT('',(-3.182624914766,-0.1707995592397,-11.11247565717));
#4770=CARTESIAN_POINT('',(-3.120248573451,-0.6498607725782,-11.09542767006));
#4771=CARTESIAN_POINT('',(-2.986188589536,-1.11397787633,-11.07838018388));
#4772=CARTESIAN_POINT('',(-2.783521406917,-1.552506699253,-11.06133251965));
#4773=CARTESIAN_POINT('',(-2.516908775998,-1.955361794839,-11.04428511578));
#4774=CARTESIAN_POINT('',(-2.19246480269,-2.313302333742,-11.02723731345));
#4775=CARTESIAN_POINT('',(-1.817658750072,-2.618087899007,-11.01018993393));
#4776=CARTESIAN_POINT('',(-1.401088372517,-2.862729861774,-10.99314230701));
#4777=CARTESIAN_POINT('',(-0.9523264967931,-3.041601956875,-10.97609460921));
#4778=CARTESIAN_POINT('',(-0.4816972117824,-3.150592604161,-10.9590473448));
#4779=CARTESIAN_POINT('',(-0.1605660386161,-3.175,-10.94768243918));
#4780=CARTESIAN_POINT('',(0.0,-3.175,-10.942));
#4781=CARTESIAN_POINT('',(6.41164107371109E-15,3.175,-1.49947288537184));
#4782=CARTESIAN_POINT('',(5.77455781748168E-14,3.175,-1.41160104984065));
#4783=CARTESIAN_POINT('',(3.88784271620428E-16,3.175,-1.56343017447971));
#4784=VECTOR('',#8259,1.0);
#4785=CARTESIAN_POINT('',(-2.883798036565,-1.328282305952,-1.275));
#4786=CARTESIAN_POINT('',(-2.883798036565,-1.328282305952,-1.275));
#4787=CARTESIAN_POINT('',(-2.950777730726,-1.182864491045,-1.280666013506));
#4788=CARTESIAN_POINT('',(-3.062697628893,-0.8818748474943,-1.291998179968));
#4789=CARTESIAN_POINT('',(-3.160622158882,-0.4102347784734,-1.308996809031));
#4790=CARTESIAN_POINT('',(-3.186348328667,0.07079016090496,-1.325995934408));
#4791=CARTESIAN_POINT('',(-3.139284946913,0.5501957418361,-1.34299497713));
#4792=CARTESIAN_POINT('',(-3.020508688507,1.01703203328,-1.359993993956));
#4793=CARTESIAN_POINT('',(-2.832728218288,1.46064427187,-1.376993352853));
#4794=CARTESIAN_POINT('',(-2.580228188565,1.87089697773,-1.393993083663));
#4795=CARTESIAN_POINT('',(-2.268780300266,2.238407133751,-1.41099281371));
#4796=CARTESIAN_POINT('',(-1.905508244128,2.554773431417,-1.427992204388));
#4797=CARTESIAN_POINT('',(-1.498703413941,2.812777774314,-1.444991677389));
#4798=CARTESIAN_POINT('',(-1.057653219497,3.006527010438,-1.461991423225));
#4799=CARTESIAN_POINT('',(-0.5924356984317,3.131588628766,-1.478991312876));
#4800=CARTESIAN_POINT('',(-0.1137113339979,3.185106046762,-1.495990221482));
#4801=CARTESIAN_POINT('',(0.3676568032161,3.165860250902,-1.512990764726));
#4802=CARTESIAN_POINT('',(0.8406311214646,3.074277452896,-1.529991532094));
#4803=CARTESIAN_POINT('',(1.294403438168,2.912449614865,-1.546992503897));
#4804=CARTESIAN_POINT('',(1.718592539319,2.684078695118,-1.563993185663));
#4805=CARTESIAN_POINT('',(2.10350625397,2.394388870005,-1.580993471418));
#4806=CARTESIAN_POINT('',(2.440361606809,2.049993789273,-1.597993783558));
#4807=CARTESIAN_POINT('',(2.721466946486,1.658752410972,-1.614994478721));
#4808=CARTESIAN_POINT('',(2.940389891151,1.229611893341,-1.631995132199));
#4809=CARTESIAN_POINT('',(3.092127635526,0.7723888968684,-1.648995358742));
#4810=CARTESIAN_POINT('',(3.173219830225,0.2975121232174,-1.665995834083));
#4811=CARTESIAN_POINT('',(3.181811672181,-0.1841541981321,-1.682996024931));
#4812=CARTESIAN_POINT('',(3.117706325339,-0.6616231193523,-1.699996579761));
#4813=CARTESIAN_POINT('',(2.982371830147,-1.123964163285,-1.716996712964));
#4814=CARTESIAN_POINT('',(2.778894182192,-1.560636983284,-1.733997274784));
#4815=CARTESIAN_POINT('',(2.511924331964,-1.96165077463,-1.750997784958));
#4816=CARTESIAN_POINT('',(2.187570104053,-2.317837786835,-1.767997928192));
#4817=CARTESIAN_POINT('',(1.813238624936,-2.621068981437,-1.784998011757));
#4818=CARTESIAN_POINT('',(1.397469795701,-2.864423154143,-1.801998522324));
#4819=CARTESIAN_POINT('',(0.9497609617011,-3.042334052183,-1.818999419349));
#4820=CARTESIAN_POINT('',(0.4803595533608,-3.150728826735,-1.835999998687));
#4821=CARTESIAN_POINT('',(0.1601189863855,-3.175,-1.84733338202));
#4822=CARTESIAN_POINT('',(0.0,-3.175,-1.852999999999));
#4823=CARTESIAN_POINT('',(-2.970982593788,1.119771149571,-1.275));
#4824=AXIS2_PLACEMENT_3D('',#8260,#8261,#8262);
#4825=CARTESIAN_POINT('',(0.0,-3.175,-1.763999999999));
#4826=CARTESIAN_POINT('',(0.1644929579077,-3.175,-1.758178586975));
#4827=CARTESIAN_POINT('',(0.4934807515973,-3.149382184497,-1.746535631904));
#4828=CARTESIAN_POINT('',(0.9750837017066,-3.035020081292,-1.729070566055));
#4829=CARTESIAN_POINT('',(1.433172869629,-2.847480613677,-1.71160560549));
#4830=CARTESIAN_POINT('',(1.856696715908,-2.591294449312,-1.694141107357));
#4831=CARTESIAN_POINT('',(2.235466091584,-2.272625757125,-1.676676176279));
#4832=CARTESIAN_POINT('',(2.560347729501,-1.899147090203,-1.65921059312));
#4833=CARTESIAN_POINT('',(2.823493283345,-1.479873110274,-1.641744945194));
#4834=CARTESIAN_POINT('',(3.018553914101,-1.024922916055,-1.6242795756));
#4835=CARTESIAN_POINT('',(3.140831149961,-0.5452675850022,-1.606814470052));
#4836=CARTESIAN_POINT('',(3.187379910895,-0.0524478100773,-1.589348753474));
#4837=CARTESIAN_POINT('',(3.157070746818,0.4416379200677,-1.571882996155));
#4838=CARTESIAN_POINT('',(3.050637111103,0.9250672042508,-1.554417497195));
#4839=CARTESIAN_POINT('',(2.870650427645,1.386182410462,-1.536952338234));
#4840=CARTESIAN_POINT('',(2.621445038166,1.813881181721,-1.519486925854));
#4841=CARTESIAN_POINT('',(2.309026722274,2.197847627541,-1.502021306151));
#4842=CARTESIAN_POINT('',(1.940937368806,2.528813474059,-1.484555943172));
#4843=CARTESIAN_POINT('',(1.526053718739,2.798802544675,-1.467090782421));
#4844=CARTESIAN_POINT('',(1.07437533878,3.001307933525,-1.449625639535));
#4845=CARTESIAN_POINT('',(0.5967960020832,3.131449881449,-1.432160615074));
#4846=CARTESIAN_POINT('',(0.1047987791802,3.186085472806,-1.41469459729));
#4847=CARTESIAN_POINT('',(-0.389590372356,3.163906809629,-1.397233342525));
#4848=CARTESIAN_POINT('',(-0.8745655400961,3.065490118553,-1.379772982842));
#4849=CARTESIAN_POINT('',(-1.338495111701,2.893188103908,-1.362311503401));
#4850=CARTESIAN_POINT('',(-1.770191068025,2.651138759726,-1.344848934475));
#4851=CARTESIAN_POINT('',(-2.159225103329,2.345178492907,-1.327386018645));
#4852=CARTESIAN_POINT('',(-2.496212408063,1.982684319068,-1.309922980975));
#4853=CARTESIAN_POINT('',(-2.773016065971,1.572413312101,-1.292460662061));
#4854=CARTESIAN_POINT('',(-2.912981809855,1.273659128874,-1.280820086272));
#4855=CARTESIAN_POINT('',(-2.970982593788,1.119771149571,-1.275));
#4856=CARTESIAN_POINT('',(0.0,-3.175,-1.763999999999));
#4857=CARTESIAN_POINT('',(0.0,-3.175,-1.763999999999));
#4858=CARTESIAN_POINT('',(0.1644929579077,-3.175,-1.758178586975));
#4859=CARTESIAN_POINT('',(0.4934807515973,-3.149382184497,-1.746535631904));
#4860=CARTESIAN_POINT('',(0.9750837017066,-3.035020081292,-1.729070566055));
#4861=CARTESIAN_POINT('',(1.433172869629,-2.847480613677,-1.71160560549));
#4862=CARTESIAN_POINT('',(1.856696715908,-2.591294449312,-1.694141107357));
#4863=CARTESIAN_POINT('',(2.235466091584,-2.272625757125,-1.676676176279));
#4864=CARTESIAN_POINT('',(2.560347729501,-1.899147090203,-1.65921059312));
#4865=CARTESIAN_POINT('',(2.823493283345,-1.479873110274,-1.641744945194));
#4866=CARTESIAN_POINT('',(3.018553914101,-1.024922916055,-1.6242795756));
#4867=CARTESIAN_POINT('',(3.140831149961,-0.5452675850022,-1.606814470052));
#4868=CARTESIAN_POINT('',(3.187379910895,-0.0524478100773,-1.589348753474));
#4869=CARTESIAN_POINT('',(3.157070746818,0.4416379200677,-1.571882996155));
#4870=CARTESIAN_POINT('',(3.050637111103,0.9250672042508,-1.554417497195));
#4871=CARTESIAN_POINT('',(2.870650427645,1.386182410462,-1.536952338234));
#4872=CARTESIAN_POINT('',(2.621445038166,1.813881181721,-1.519486925854));
#4873=CARTESIAN_POINT('',(2.309026722274,2.197847627541,-1.502021306151));
#4874=CARTESIAN_POINT('',(1.940937368806,2.528813474059,-1.484555943172));
#4875=CARTESIAN_POINT('',(1.526053718739,2.798802544675,-1.467090782421));
#4876=CARTESIAN_POINT('',(1.07437533878,3.001307933525,-1.449625639535));
#4877=CARTESIAN_POINT('',(0.5967960020832,3.131449881449,-1.432160615074));
#4878=CARTESIAN_POINT('',(0.1047987791802,3.186085472806,-1.41469459729));
#4879=CARTESIAN_POINT('',(-0.389590372356,3.163906809629,-1.397233342525));
#4880=CARTESIAN_POINT('',(-0.8745655400961,3.065490118553,-1.379772982842));
#4881=CARTESIAN_POINT('',(-1.338495111701,2.893188103908,-1.362311503401));
#4882=CARTESIAN_POINT('',(-1.770191068025,2.651138759726,-1.344848934475));
#4883=CARTESIAN_POINT('',(-2.159225103329,2.345178492907,-1.327386018645));
#4884=CARTESIAN_POINT('',(-2.496212408063,1.982684319068,-1.309922980975));
#4885=CARTESIAN_POINT('',(-2.773016065971,1.572413312101,-1.292460662061));
#4886=CARTESIAN_POINT('',(-2.912981809855,1.273659128874,-1.280820086272));
#4887=CARTESIAN_POINT('',(-2.970982593788,1.119771149571,-1.275));
#4888=CARTESIAN_POINT('',(0.0,-3.175,-1.852999999999));
#4889=CARTESIAN_POINT('',(0.0,-3.175,-1.852999999999));
#4890=VECTOR('',#8263,0.089);
#4891=CARTESIAN_POINT('',(-2.883798036565,-1.328282305952,-1.275));
#4892=CARTESIAN_POINT('',(-2.950777730726,-1.182864491045,-1.280666013506));
#4893=CARTESIAN_POINT('',(-3.062697628893,-0.8818748474943,-1.291998179968));
#4894=CARTESIAN_POINT('',(-3.160622158882,-0.4102347784734,-1.308996809031));
#4895=CARTESIAN_POINT('',(-3.186348328667,0.07079016090496,-1.325995934408));
#4896=CARTESIAN_POINT('',(-3.139284946913,0.5501957418361,-1.34299497713));
#4897=CARTESIAN_POINT('',(-3.020508688507,1.01703203328,-1.359993993956));
#4898=CARTESIAN_POINT('',(-2.832728218288,1.46064427187,-1.376993352853));
#4899=CARTESIAN_POINT('',(-2.580228188565,1.87089697773,-1.393993083663));
#4900=CARTESIAN_POINT('',(-2.268780300266,2.238407133751,-1.41099281371));
#4901=CARTESIAN_POINT('',(-1.905508244128,2.554773431417,-1.427992204388));
#4902=CARTESIAN_POINT('',(-1.498703413941,2.812777774314,-1.444991677389));
#4903=CARTESIAN_POINT('',(-1.057653219497,3.006527010438,-1.461991423225));
#4904=CARTESIAN_POINT('',(-0.5924356984317,3.131588628766,-1.478991312876));
#4905=CARTESIAN_POINT('',(-0.1137113339979,3.185106046762,-1.495990221482));
#4906=CARTESIAN_POINT('',(0.3676568032161,3.165860250902,-1.512990764726));
#4907=CARTESIAN_POINT('',(0.8406311214646,3.074277452896,-1.529991532094));
#4908=CARTESIAN_POINT('',(1.294403438168,2.912449614865,-1.546992503897));
#4909=CARTESIAN_POINT('',(1.718592539319,2.684078695118,-1.563993185663));
#4910=CARTESIAN_POINT('',(2.10350625397,2.394388870005,-1.580993471418));
#4911=CARTESIAN_POINT('',(2.440361606809,2.049993789273,-1.597993783558));
#4912=CARTESIAN_POINT('',(2.721466946486,1.658752410972,-1.614994478721));
#4913=CARTESIAN_POINT('',(2.940389891151,1.229611893341,-1.631995132199));
#4914=CARTESIAN_POINT('',(3.092127635526,0.7723888968684,-1.648995358742));
#4915=CARTESIAN_POINT('',(3.173219830225,0.2975121232174,-1.665995834083));
#4916=CARTESIAN_POINT('',(3.181811672181,-0.1841541981321,-1.682996024931));
#4917=CARTESIAN_POINT('',(3.117706325339,-0.6616231193523,-1.699996579761));
#4918=CARTESIAN_POINT('',(2.982371830147,-1.123964163285,-1.716996712964));
#4919=CARTESIAN_POINT('',(2.778894182192,-1.560636983284,-1.733997274784));
#4920=CARTESIAN_POINT('',(2.511924331964,-1.96165077463,-1.750997784958));
#4921=CARTESIAN_POINT('',(2.187570104053,-2.317837786835,-1.767997928192));
#4922=CARTESIAN_POINT('',(1.813238624936,-2.621068981437,-1.784998011757));
#4923=CARTESIAN_POINT('',(1.397469795701,-2.864423154143,-1.801998522324));
#4924=CARTESIAN_POINT('',(0.9497609617011,-3.042334052183,-1.818999419349));
#4925=CARTESIAN_POINT('',(0.4803595533608,-3.150728826735,-1.835999998687));
#4926=CARTESIAN_POINT('',(0.1601189863855,-3.175,-1.84733338202));
#4927=CARTESIAN_POINT('',(0.0,-3.175,-1.852999999999));
#4928=CARTESIAN_POINT('',(0.0,3.175,-2.206));
#4929=CARTESIAN_POINT('',(0.0,3.175,-2.116999999999));
#4930=CARTESIAN_POINT('',(0.0,3.175,-2.206));
#4931=VECTOR('',#8264,0.08900000000027);
#4932=CARTESIAN_POINT('',(0.0,-3.175,-2.469999999999));
#4933=CARTESIAN_POINT('',(0.0,3.175,-2.116999999999));
#4934=CARTESIAN_POINT('',(0.1567248269691,3.175,-2.122546498528));
#4935=CARTESIAN_POINT('',(0.4719491796443,3.151806251363,-2.133701352532));
#4936=CARTESIAN_POINT('',(0.9411235566846,3.045093422606,-2.150681037466));
#4937=CARTESIAN_POINT('',(1.390355794133,2.867864859176,-2.167722627066));
#4938=CARTESIAN_POINT('',(1.803701741032,2.627213829607,-2.184601980698));
#4939=CARTESIAN_POINT('',(2.172065549653,2.331680441146,-2.201269489031));
#4940=CARTESIAN_POINT('',(2.493804581159,1.984224826905,-2.21798192694));
#4941=CARTESIAN_POINT('',(2.763339352534,1.587887473294,-2.234896314263));
#4942=CARTESIAN_POINT('',(2.96960346576,1.156272416164,-2.251778656908));
#4943=CARTESIAN_POINT('',(3.107926798804,0.7044905625344,-2.268452811002));
#4944=CARTESIAN_POINT('',(3.178209072652,0.2333711217566,-2.28526464397));
#4945=CARTESIAN_POINT('',(3.177820666163,-0.2392916391935,-2.301944564214));
#4946=CARTESIAN_POINT('',(3.106359325953,-0.7115241749004,-2.318801306786));
#4947=CARTESIAN_POINT('',(2.966998825703,-1.162912797256,-2.335472711265));
#4948=CARTESIAN_POINT('',(2.759927067807,-1.593673973718,-2.352340563701));
#4949=CARTESIAN_POINT('',(2.490804649174,-1.987862749603,-2.369184299507));
#4950=CARTESIAN_POINT('',(2.168921888522,-2.334640345256,-2.385882800799));
#4951=CARTESIAN_POINT('',(1.799645436,-2.63000000737,-2.40257154547));
#4952=CARTESIAN_POINT('',(1.386387081583,-2.86974624316,-2.419432082391));
#4953=CARTESIAN_POINT('',(0.9379309035933,-3.045966077011,-2.436435647943));
#4954=CARTESIAN_POINT('',(0.4713122704646,-3.151797271304,-2.453320765598));
#4955=CARTESIAN_POINT('',(0.1565997199921,-3.175,-2.464457929012));
#4956=CARTESIAN_POINT('',(0.0,-3.175,-2.469999999999));
#4957=CARTESIAN_POINT('',(0.0,-3.175,-2.559));
#4958=CARTESIAN_POINT('',(0.0,-3.175,-2.559));
#4959=VECTOR('',#8265,0.08900000000068);
#4960=CARTESIAN_POINT('',(1.392110570972,-2.853533451388,-2.508));
#4961=CARTESIAN_POINT('',(0.0,-3.175,-2.559));
#4962=CARTESIAN_POINT('',(0.1200902715846,-3.175,-2.55475));
#4963=CARTESIAN_POINT('',(0.3602704345528,-3.161358592862,-2.54625));
#4964=CARTESIAN_POINT('',(0.7159072082648,-3.100235457662,-2.5335));
#4965=CARTESIAN_POINT('',(1.062336056445,-2.999237410052,-2.52075));
#4966=CARTESIAN_POINT('',(1.28417935612,-2.906188234551,-2.51225));
#4967=CARTESIAN_POINT('',(1.392110570972,-2.853533451388,-2.508));
#4968=CARTESIAN_POINT('',(1.392110570972,-2.853533451388,-2.508));
#4969=CARTESIAN_POINT('',(1.532439193215,-2.785073430939,-2.502474289525));
#4970=CARTESIAN_POINT('',(1.803800071713,-2.626895057636,-2.491388257079));
#4971=CARTESIAN_POINT('',(2.171877961044,-2.332121629036,-2.474745951131));
#4972=CARTESIAN_POINT('',(2.497504055251,-1.979939006241,-2.457818656294));
#4973=CARTESIAN_POINT('',(2.766097477821,-1.582714227555,-2.44089740014));
#4974=CARTESIAN_POINT('',(2.969545266414,-1.155672109542,-2.424202279456));
#4975=CARTESIAN_POINT('',(3.107337756995,-0.7070946196847,-2.40764094977));
#4976=CARTESIAN_POINT('',(3.178733777675,-0.2318906951576,-2.39068185548));
#4977=CARTESIAN_POINT('',(3.177352996635,0.2502019060941,-2.373670801794));
#4978=CARTESIAN_POINT('',(3.103195819622,0.7248852149895,-2.356714885693));
#4979=CARTESIAN_POINT('',(2.963132184356,1.172146805703,-2.340174356451));
#4980=CARTESIAN_POINT('',(2.756182783505,1.600145627052,-2.3233955122));
#4981=CARTESIAN_POINT('',(2.484295776222,1.996516986722,-2.30643406975));
#4982=CARTESIAN_POINT('',(2.156048027596,2.346824863592,-2.289492457112));
#4983=CARTESIAN_POINT('',(1.785574750046,2.639223483338,-2.272835688868));
#4984=CARTESIAN_POINT('',(1.378870068941,2.872831366812,-2.256281804496));
#4985=CARTESIAN_POINT('',(0.9371834193432,3.046002720829,-2.239538676736));
#4986=CARTESIAN_POINT('',(0.4712963627489,3.151804530143,-2.222678402356));
#4987=CARTESIAN_POINT('',(0.1568590175232,3.175,-2.211551247538));
#4988=CARTESIAN_POINT('',(0.0,3.175,-2.206));
#4989=CARTESIAN_POINT('',(1.392110570972,-2.853533451388,-3.125));
#4990=CARTESIAN_POINT('',(0.0,-3.175,-3.176));
#4991=CARTESIAN_POINT('',(1.392110570972,-2.853533451388,-3.125));
#4992=CARTESIAN_POINT('',(1.28417935612,-2.906188234551,-3.12925));
#4993=CARTESIAN_POINT('',(1.062336056445,-2.999237410052,-3.13775));
#4994=CARTESIAN_POINT('',(0.7159072082648,-3.100235457662,-3.1505));
#4995=CARTESIAN_POINT('',(0.3602704345528,-3.161358592862,-3.16325));
#4996=CARTESIAN_POINT('',(0.1200902715846,-3.175,-3.17175));
#4997=CARTESIAN_POINT('',(0.0,-3.175,-3.176));
#4998=CARTESIAN_POINT('',(0.0,-3.175,-3.265000000001));
#4999=CARTESIAN_POINT('',(0.0,-3.175,-3.265000000001));
#5000=VECTOR('',#8266,0.08900000000044);
#5001=CARTESIAN_POINT('',(0.0,3.175,-2.912));
#5002=CARTESIAN_POINT('',(0.0,-3.175,-3.265000000001));
#5003=CARTESIAN_POINT('',(0.1567901202082,-3.175,-3.259451190742));
#5004=CARTESIAN_POINT('',(0.4721749080611,-3.151794194588,-3.24829072451));
#5005=CARTESIAN_POINT('',(0.9418275657354,-3.044896567234,-3.231293186447));
#5006=CARTESIAN_POINT('',(1.391220297565,-2.867456200567,-3.214243696394));
#5007=CARTESIAN_POINT('',(1.804591782706,-2.626596647366,-3.197359814421));
#5008=CARTESIAN_POINT('',(2.172704384039,-2.331082656197,-3.180699665183));
#5009=CARTESIAN_POINT('',(2.494528586606,-1.983347492325,-3.163977962372));
#5010=CARTESIAN_POINT('',(2.764085070932,-1.586609375532,-3.147051517716));
#5011=CARTESIAN_POINT('',(2.970176672197,-1.154810631173,-3.130166009963));
#5012=CARTESIAN_POINT('',(3.108261142887,-0.7029549893337,-3.113491760021));
#5013=CARTESIAN_POINT('',(3.178289424193,-0.2321741577627,-3.09669306574));
#5014=CARTESIAN_POINT('',(3.177731252729,0.240682258081,-3.080006290677));
#5015=CARTESIAN_POINT('',(3.106007244459,0.7130701958772,-3.063142790579));
#5016=CARTESIAN_POINT('',(2.966431243118,1.164355997037,-3.046472637465));
#5017=CARTESIAN_POINT('',(2.759195668172,1.59489857829,-3.029609129421));
#5018=CARTESIAN_POINT('',(2.490230610947,1.988561826851,-3.012783821732));
#5019=CARTESIAN_POINT('',(2.168180249531,2.335342824356,-2.996081160862));
#5020=CARTESIAN_POINT('',(1.798768336087,2.630593945406,-2.979391116466));
#5021=CARTESIAN_POINT('',(1.385572358899,2.870130599707,-2.96253618135));
#5022=CARTESIAN_POINT('',(0.9373171053441,3.046127297895,-2.945541983485));
#5023=CARTESIAN_POINT('',(0.4713104770038,3.151775783464,-2.928679290788));
#5024=CARTESIAN_POINT('',(0.1566303022999,3.175,-2.917543153297));
#5025=CARTESIAN_POINT('',(0.0,3.175,-2.912));
#5026=CARTESIAN_POINT('',(0.0,3.175,-2.823));
#5027=CARTESIAN_POINT('',(0.0,3.175,-2.912));
#5028=VECTOR('',#8267,0.08900000000083);
#5029=CARTESIAN_POINT('',(0.0,3.175,-2.823));
#5030=CARTESIAN_POINT('',(0.1568590175232,3.175,-2.828551247538));
#5031=CARTESIAN_POINT('',(0.4712963627489,3.151804530143,-2.839678402356));
#5032=CARTESIAN_POINT('',(0.9371834193432,3.046002720829,-2.856538676736));
#5033=CARTESIAN_POINT('',(1.378870068941,2.872831366812,-2.873281804496));
#5034=CARTESIAN_POINT('',(1.785574750046,2.639223483338,-2.889835688868));
#5035=CARTESIAN_POINT('',(2.156048027596,2.346824863592,-2.906492457112));
#5036=CARTESIAN_POINT('',(2.484295776222,1.996516986722,-2.92343406975));
#5037=CARTESIAN_POINT('',(2.756182783505,1.600145627052,-2.9403955122));
#5038=CARTESIAN_POINT('',(2.963132184356,1.172146805703,-2.957174356451));
#5039=CARTESIAN_POINT('',(3.103195819622,0.7248852149895,-2.973714885693));
#5040=CARTESIAN_POINT('',(3.177352996635,0.2502019060941,-2.990670801794));
#5041=CARTESIAN_POINT('',(3.178733777675,-0.2318906951576,-3.00768185548));
#5042=CARTESIAN_POINT('',(3.107337756995,-0.7070946196847,-3.02464094977));
#5043=CARTESIAN_POINT('',(2.969545266414,-1.155672109542,-3.041202279456));
#5044=CARTESIAN_POINT('',(2.766097477821,-1.582714227555,-3.05789740014));
#5045=CARTESIAN_POINT('',(2.497504055251,-1.979939006241,-3.074818656294));
#5046=CARTESIAN_POINT('',(2.171877961044,-2.332121629036,-3.091745951131));
#5047=CARTESIAN_POINT('',(1.803800071713,-2.626895057636,-3.108388257079));
#5048=CARTESIAN_POINT('',(1.532439193215,-2.785073430939,-3.119474289525));
#5049=CARTESIAN_POINT('',(1.392110570972,-2.853533451388,-3.125));
#5050=CARTESIAN_POINT('',(0.0,3.175,-3.618));
#5051=CARTESIAN_POINT('',(0.0,3.175,-3.529));
#5052=CARTESIAN_POINT('',(0.0,3.175,-3.618));
#5053=VECTOR('',#8268,0.08899999999996);
#5054=CARTESIAN_POINT('',(0.0,-3.175,-3.882000000001));
#5055=CARTESIAN_POINT('',(0.0,3.175,-3.529));
#5056=CARTESIAN_POINT('',(0.1566303022999,3.175,-3.534543153297));
#5057=CARTESIAN_POINT('',(0.4713104770038,3.151775783464,-3.545679290788));
#5058=CARTESIAN_POINT('',(0.9373171053441,3.046127297895,-3.562541983485));
#5059=CARTESIAN_POINT('',(1.385572358899,2.870130599707,-3.57953618135));
#5060=CARTESIAN_POINT('',(1.798768336087,2.630593945406,-3.596391116466));
#5061=CARTESIAN_POINT('',(2.168180249531,2.335342824356,-3.613081160862));
#5062=CARTESIAN_POINT('',(2.490230610947,1.988561826851,-3.629783821732));
#5063=CARTESIAN_POINT('',(2.759195668172,1.59489857829,-3.646609129421));
#5064=CARTESIAN_POINT('',(2.966431243118,1.164355997037,-3.663472637465));
#5065=CARTESIAN_POINT('',(3.106007244459,0.7130701958772,-3.680142790579));
#5066=CARTESIAN_POINT('',(3.177731252729,0.240682258081,-3.697006290677));
#5067=CARTESIAN_POINT('',(3.178289424193,-0.2321741577627,-3.71369306574));
#5068=CARTESIAN_POINT('',(3.108261142887,-0.7029549893337,-3.730491760021));
#5069=CARTESIAN_POINT('',(2.970176672197,-1.154810631173,-3.747166009963));
#5070=CARTESIAN_POINT('',(2.764085070932,-1.586609375532,-3.764051517716));
#5071=CARTESIAN_POINT('',(2.494528586606,-1.983347492325,-3.780977962372));
#5072=CARTESIAN_POINT('',(2.172704384039,-2.331082656197,-3.797699665183));
#5073=CARTESIAN_POINT('',(1.804591782706,-2.626596647366,-3.814359814421));
#5074=CARTESIAN_POINT('',(1.391220297565,-2.867456200567,-3.831243696394));
#5075=CARTESIAN_POINT('',(0.9418275657355,-3.044896567234,-3.848293186447));
#5076=CARTESIAN_POINT('',(0.4721749080611,-3.151794194588,-3.86529072451));
#5077=CARTESIAN_POINT('',(0.1567901202082,-3.175,-3.876451190742));
#5078=CARTESIAN_POINT('',(0.0,-3.175,-3.882000000001));
#5079=CARTESIAN_POINT('',(0.0,-3.175,-3.971));
#5080=CARTESIAN_POINT('',(0.0,-3.175,-3.971));
#5081=VECTOR('',#8269,0.08899999999968);
#5082=CARTESIAN_POINT('',(0.0,-3.175,-3.971));
#5083=CARTESIAN_POINT('',(0.1571818135181,-3.175,-3.965437328698));
#5084=CARTESIAN_POINT('',(0.4717698927875,-3.151741059181,-3.954305033239));
#5085=CARTESIAN_POINT('',(0.9367635963262,-3.045966892065,-3.93747482217));
#5086=CARTESIAN_POINT('',(1.375624465119,-2.874406289072,-3.92084557118));
#5087=CARTESIAN_POINT('',(1.785678671243,-2.639331448247,-3.904163172177));
#5088=CARTESIAN_POINT('',(2.156169316022,-2.346650883469,-3.887500464397));
#5089=CARTESIAN_POINT('',(2.483949490131,-1.996881696238,-3.870583710612));
#5090=CARTESIAN_POINT('',(2.754729402033,-1.602241297678,-3.853693938743));
#5091=CARTESIAN_POINT('',(2.960699264986,-1.178175369017,-3.837054974459));
#5092=CARTESIAN_POINT('',(3.102347307068,-0.728988554702,-3.820432565841));
#5093=CARTESIAN_POINT('',(3.177065211954,-0.2539262346325,-3.803461035182));
#5094=CARTESIAN_POINT('',(3.179000320047,0.229018736291,-3.786419844029));
#5095=CARTESIAN_POINT('',(3.10782162113,0.7048739326165,-3.769438979726));
#5096=CARTESIAN_POINT('',(2.970361962178,1.154102742414,-3.752859793076));
#5097=CARTESIAN_POINT('',(2.763975174953,1.587029261255,-3.735933241783));
#5098=CARTESIAN_POINT('',(2.49230055331,1.98669844923,-3.718880788981));
#5099=CARTESIAN_POINT('',(2.163718890522,2.339886609034,-3.701857141292));
#5100=CARTESIAN_POINT('',(1.793129835043,2.634133575497,-3.685156839984));
#5101=CARTESIAN_POINT('',(1.386038344399,2.869540001135,-3.668559912669));
#5102=CARTESIAN_POINT('',(0.9408698224892,3.045057099103,-3.651672617616));
#5103=CARTESIAN_POINT('',(0.4727647835612,3.151672216131,-3.634730438544));
#5104=CARTESIAN_POINT('',(0.1572342287551,3.175,-3.62356452628));
#5105=CARTESIAN_POINT('',(0.0,3.175,-3.618));
#5106=CARTESIAN_POINT('',(0.0,3.175,-4.324));
#5107=CARTESIAN_POINT('',(0.0,3.175,-4.235));
#5108=CARTESIAN_POINT('',(0.0,3.175,-4.324));
#5109=VECTOR('',#8270,0.0889999999996);
#5110=CARTESIAN_POINT('',(0.0,-3.175,-4.588));
#5111=CARTESIAN_POINT('',(0.0,3.175,-4.235));
#5112=CARTESIAN_POINT('',(0.1572342287551,3.175,-4.24056452628));
#5113=CARTESIAN_POINT('',(0.4727647835612,3.151672216131,-4.251730438544));
#5114=CARTESIAN_POINT('',(0.9408698224892,3.045057099103,-4.268672617616));
#5115=CARTESIAN_POINT('',(1.386038344399,2.869540001135,-4.285559912669));
#5116=CARTESIAN_POINT('',(1.793129835043,2.634133575497,-4.302156839984));
#5117=CARTESIAN_POINT('',(2.163718890522,2.339886609034,-4.318857141292));
#5118=CARTESIAN_POINT('',(2.49230055331,1.98669844923,-4.335880788981));
#5119=CARTESIAN_POINT('',(2.763975174953,1.587029261255,-4.352933241783));
#5120=CARTESIAN_POINT('',(2.970361962178,1.154102742414,-4.369859793076));
#5121=CARTESIAN_POINT('',(3.10782162113,0.7048739326165,-4.386438979726));
#5122=CARTESIAN_POINT('',(3.179000320047,0.229018736291,-4.403419844029));
#5123=CARTESIAN_POINT('',(3.177065211954,-0.2539262346325,-4.420461035182));
#5124=CARTESIAN_POINT('',(3.102347307068,-0.7289885547019,-4.437432565841));
#5125=CARTESIAN_POINT('',(2.960699264986,-1.178175369017,-4.454054974459));
#5126=CARTESIAN_POINT('',(2.754729402033,-1.602241297678,-4.470693938743));
#5127=CARTESIAN_POINT('',(2.483949490131,-1.996881696238,-4.487583710612));
#5128=CARTESIAN_POINT('',(2.156169316022,-2.346650883469,-4.504500464397));
#5129=CARTESIAN_POINT('',(1.785678671243,-2.639331448247,-4.521163172177));
#5130=CARTESIAN_POINT('',(1.375624465119,-2.874406289072,-4.53784557118));
#5131=CARTESIAN_POINT('',(0.9367635963262,-3.045966892065,-4.55447482217));
#5132=CARTESIAN_POINT('',(0.4717698927875,-3.151741059181,-4.571305033239));
#5133=CARTESIAN_POINT('',(0.1571818135181,-3.175,-4.582437328698));
#5134=CARTESIAN_POINT('',(0.0,-3.175,-4.588));
#5135=CARTESIAN_POINT('',(0.0,-3.175,-4.677));
#5136=CARTESIAN_POINT('',(0.0,-3.175,-4.677));
#5137=VECTOR('',#8271,0.08899999999973);
#5138=CARTESIAN_POINT('',(0.0,-3.175,-4.677));
#5139=CARTESIAN_POINT('',(0.1577128314411,-3.175,-4.67141853595));
#5140=CARTESIAN_POINT('',(0.474816399176,-3.15154564904,-4.660197423733));
#5141=CARTESIAN_POINT('',(0.9470577990141,-3.04337750274,-4.643101120255));
#5142=CARTESIAN_POINT('',(1.397204348462,-2.864613054242,-4.626010430036));
#5143=CARTESIAN_POINT('',(1.810409268355,-2.622481527535,-4.609108320834));
#5144=CARTESIAN_POINT('',(2.176294839763,-2.327786161988,-4.592527946132));
#5145=CARTESIAN_POINT('',(2.500231485629,-1.976475433961,-4.575662989637));
#5146=CARTESIAN_POINT('',(2.769383894714,-1.577387778402,-4.558676691065));
#5147=CARTESIAN_POINT('',(2.974201987933,-1.14449944454,-4.541775915018));
#5148=CARTESIAN_POINT('',(3.110486761716,-0.6924022367442,-4.525111281372));
#5149=CARTESIAN_POINT('',(3.178828260314,-0.2246498031978,-4.508427238076));
#5150=CARTESIAN_POINT('',(3.177046737813,0.2514778971604,-4.491624716292));
#5151=CARTESIAN_POINT('',(3.103407768032,0.7241733861743,-4.474740870186));
#5152=CARTESIAN_POINT('',(2.962386566809,1.174594134968,-4.458084671927));
#5153=CARTESIAN_POINT('',(2.754102545145,1.603305698577,-4.441262395495));
#5154=CARTESIAN_POINT('',(2.4866761824,1.992929450748,-4.424585444865));
#5155=CARTESIAN_POINT('',(2.162389475162,2.340843331083,-4.407799322088));
#5156=CARTESIAN_POINT('',(1.792457885568,2.634816693376,-4.391123611186));
#5157=CARTESIAN_POINT('',(1.379752020671,2.872862111186,-4.374309588198));
#5158=CARTESIAN_POINT('',(0.9333871734459,3.047112417616,-4.357399270705));
#5159=CARTESIAN_POINT('',(0.4718871883022,3.151545657282,-4.340700603153));
#5160=CARTESIAN_POINT('',(0.1571046860969,3.175,-4.32955994176));
#5161=CARTESIAN_POINT('',(0.0,3.175,-4.324));
#5162=CARTESIAN_POINT('',(0.0,-3.175,-5.383));
#5163=CARTESIAN_POINT('',(0.0,-3.175,-5.294));
#5164=CARTESIAN_POINT('',(0.0,-3.175,-5.383));
#5165=VECTOR('',#8272,0.0890000000003);
#5166=CARTESIAN_POINT('',(0.0,3.175,-5.03));
#5167=CARTESIAN_POINT('',(0.0,-3.175,-5.383));
#5168=CARTESIAN_POINT('',(0.1572685495559,-3.175,-5.377434259106));
#5169=CARTESIAN_POINT('',(0.4718552469571,-3.151675274338,-5.366301699472));
#5170=CARTESIAN_POINT('',(0.9353258759408,-3.046348324925,-5.349527197608));
#5171=CARTESIAN_POINT('',(1.37440413769,-2.875060378065,-5.332894319978));
#5172=CARTESIAN_POINT('',(1.785790347454,-2.639303552075,-5.31615932904));
#5173=CARTESIAN_POINT('',(2.156145040733,-2.346648149536,-5.299501180225));
#5174=CARTESIAN_POINT('',(2.483442120135,-1.99737364855,-5.282608382347));
#5175=CARTESIAN_POINT('',(2.753114974097,-1.604837328508,-5.265801678886));
#5176=CARTESIAN_POINT('',(2.959454072924,-1.181389141866,-5.249176463001));
#5177=CARTESIAN_POINT('',(3.101709499299,-0.7316853132597,-5.232530257463));
#5178=CARTESIAN_POINT('',(3.176718960602,-0.2575587734271,-5.215589815548));
#5179=CARTESIAN_POINT('',(3.179233393975,0.2239868385503,-5.198597313616));
#5180=CARTESIAN_POINT('',(3.109490494867,0.6969222180049,-5.181725438342));
#5181=CARTESIAN_POINT('',(2.973634403094,1.145672990212,-5.165178561087));
#5182=CARTESIAN_POINT('',(2.768240630496,1.579610552387,-5.148234885267));
#5183=CARTESIAN_POINT('',(2.497523542043,1.980172913672,-5.131175549335));
#5184=CARTESIAN_POINT('',(2.169399314411,2.334614533203,-5.1141302695));
#5185=CARTESIAN_POINT('',(1.799739819507,2.629683974068,-5.097437820017));
#5186=CARTESIAN_POINT('',(1.39087198811,2.867382928568,-5.080746357797));
#5187=CARTESIAN_POINT('',(0.9432376107438,3.044445905561,-5.063758805197));
#5188=CARTESIAN_POINT('',(0.4734708938164,3.151630529142,-5.046755317143));
#5189=CARTESIAN_POINT('',(0.157363244951,3.175,-5.035569092169));
#5190=CARTESIAN_POINT('',(0.0,3.175,-5.03));
#5191=CARTESIAN_POINT('',(0.0,3.175,-4.941));
#5192=CARTESIAN_POINT('',(0.0,3.175,-5.03));
#5193=VECTOR('',#8273,0.08900000000007);
#5194=CARTESIAN_POINT('',(0.0,3.175,-4.941));
#5195=CARTESIAN_POINT('',(0.1571046860969,3.175,-4.94655994176));
#5196=CARTESIAN_POINT('',(0.4718871883022,3.151545657282,-4.957700603153));
#5197=CARTESIAN_POINT('',(0.9333871734459,3.047112417616,-4.974399270705));
#5198=CARTESIAN_POINT('',(1.379752020671,2.872862111186,-4.991309588198));
#5199=CARTESIAN_POINT('',(1.792457885568,2.634816693376,-5.008123611186));
#5200=CARTESIAN_POINT('',(2.162389475162,2.340843331083,-5.024799322088));
#5201=CARTESIAN_POINT('',(2.4866761824,1.992929450748,-5.041585444865));
#5202=CARTESIAN_POINT('',(2.754102545145,1.603305698577,-5.058262395495));
#5203=CARTESIAN_POINT('',(2.962386566809,1.174594134968,-5.075084671927));
#5204=CARTESIAN_POINT('',(3.103407768032,0.7241733861743,-5.091740870186));
#5205=CARTESIAN_POINT('',(3.177046737813,0.2514778971604,-5.108624716292));
#5206=CARTESIAN_POINT('',(3.178828260314,-0.2246498031978,-5.125427238076));
#5207=CARTESIAN_POINT('',(3.110486761716,-0.6924022367442,-5.142111281372));
#5208=CARTESIAN_POINT('',(2.974201987933,-1.14449944454,-5.158775915018));
#5209=CARTESIAN_POINT('',(2.769383894714,-1.577387778402,-5.175676691065));
#5210=CARTESIAN_POINT('',(2.500231485629,-1.976475433961,-5.192662989637));
#5211=CARTESIAN_POINT('',(2.176294839763,-2.327786161988,-5.209527946132));
#5212=CARTESIAN_POINT('',(1.810409268355,-2.622481527535,-5.226108320834));
#5213=CARTESIAN_POINT('',(1.397204348462,-2.864613054242,-5.243010430036));
#5214=CARTESIAN_POINT('',(0.9470577990141,-3.04337750274,-5.260101120255));
#5215=CARTESIAN_POINT('',(0.474816399176,-3.15154564904,-5.277197423733));
#5216=CARTESIAN_POINT('',(0.1577128314411,-3.175,-5.28841853595));
#5217=CARTESIAN_POINT('',(0.0,-3.175,-5.294));
#5218=CARTESIAN_POINT('',(0.0,3.175,-7.148));
#5219=CARTESIAN_POINT('',(0.0,3.175,-7.059));
#5220=CARTESIAN_POINT('',(0.0,3.175,-7.148));
#5221=VECTOR('',#8274,0.08899999999993);
#5222=CARTESIAN_POINT('',(0.0,-3.175,-7.412));
#5223=CARTESIAN_POINT('',(0.0,3.175,-7.059));
#5224=CARTESIAN_POINT('',(0.1574871023843,3.175,-7.064573475489));
#5225=CARTESIAN_POINT('',(0.474138848811,3.151608042636,-7.075778655294));
#5226=CARTESIAN_POINT('',(0.9456847845858,3.043775471936,-7.092848450165));
#5227=CARTESIAN_POINT('',(1.395361434451,2.865450181078,-7.10991825416));
#5228=CARTESIAN_POINT('',(1.807732185951,2.624297230988,-7.12677777312));
#5229=CARTESIAN_POINT('',(2.175149416816,2.329123150178,-7.143410353775));
#5230=CARTESIAN_POINT('',(2.502266515156,1.974197848471,-7.160444582215));
#5231=CARTESIAN_POINT('',(2.771840788796,1.573190547479,-7.177494495148));
#5232=CARTESIAN_POINT('',(2.976196927507,1.139202257154,-7.194423713663));
#5233=CARTESIAN_POINT('',(3.111254637759,0.6886303096892,-7.21102448238));
#5234=CARTESIAN_POINT('',(3.17928824113,0.2201264496271,-7.227733018535));
#5235=CARTESIAN_POINT('',(3.176518917837,-0.259453717313,-7.244657135922));
#5236=CARTESIAN_POINT('',(3.101458217019,-0.7325004149763,-7.261560417187));
#5237=CARTESIAN_POINT('',(2.959253619584,-1.182199799817,-7.278205422016));
#5238=CARTESIAN_POINT('',(2.751406129934,-1.607695162003,-7.294919222234));
#5239=CARTESIAN_POINT('',(2.483619129402,-1.996881028845,-7.311590725183));
#5240=CARTESIAN_POINT('',(2.157223899081,-2.345663773951,-7.328449858788));
#5241=CARTESIAN_POINT('',(1.787058123899,-2.638435208507,-7.34510529231));
#5242=CARTESIAN_POINT('',(1.37500315425,-2.874950650598,-7.361873385333));
#5243=CARTESIAN_POINT('',(0.9326932196805,-3.047162400688,-7.378624520229));
#5244=CARTESIAN_POINT('',(0.4719869614212,-3.151532465859,-7.395296088205));
#5245=CARTESIAN_POINT('',(0.157317538684,-3.175,-7.406432525378));
#5246=CARTESIAN_POINT('',(0.0,-3.175,-7.412));
#5247=CARTESIAN_POINT('',(0.0,-3.175,-7.501));
#5248=CARTESIAN_POINT('',(0.0,-3.175,-7.501));
#5249=VECTOR('',#8275,0.08900000000021);
#5250=CARTESIAN_POINT('',(3.105814324467,-0.6591982872658,-7.348));
#5251=CARTESIAN_POINT('',(0.0,-3.175,-7.501));
#5252=CARTESIAN_POINT('',(0.1583908323613,-3.175,-7.495394541468));
#5253=CARTESIAN_POINT('',(0.4768719188903,-3.15133228983,-7.484124563753));
#5254=CARTESIAN_POINT('',(0.9509956365591,-3.042284952053,-7.466957263227));
#5255=CARTESIAN_POINT('',(1.403017653526,-2.861829674253,-7.449783084769));
#5256=CARTESIAN_POINT('',(1.816409380918,-2.618490579681,-7.432854211276));
#5257=CARTESIAN_POINT('',(2.18614350349,-2.319106460914,-7.416065157983));
#5258=CARTESIAN_POINT('',(2.513884737989,-1.959697368036,-7.398900658633));
#5259=CARTESIAN_POINT('',(2.782792527133,-1.553963505046,-7.381725207427));
#5260=CARTESIAN_POINT('',(2.984891094824,-1.116778674146,-7.364728564955));
#5261=CARTESIAN_POINT('',(3.073240514633,-0.8126698710668,-7.353552356193));
#5262=CARTESIAN_POINT('',(3.105814324467,-0.6591982872658,-7.348));
#5263=CARTESIAN_POINT('',(3.105814324467,-0.6591982872658,-7.348));
#5264=CARTESIAN_POINT('',(3.138330284497,-0.5059992629574,-7.342457504574));
#5265=CARTESIAN_POINT('',(3.180950351059,-0.193748017327,-7.331335321439));
#5266=CARTESIAN_POINT('',(3.174278286478,0.2845224043374,-7.314455417929));
#5267=CARTESIAN_POINT('',(3.096018202735,0.7546944951929,-7.297634041499));
#5268=CARTESIAN_POINT('',(2.951486802613,1.200964362287,-7.281078337795));
#5269=CARTESIAN_POINT('',(2.743060970027,1.621666989349,-7.264507040771));
#5270=CARTESIAN_POINT('',(2.473720100595,2.009073709105,-7.247855411185));
#5271=CARTESIAN_POINT('',(2.147060053629,2.354791099023,-7.231068576422));
#5272=CARTESIAN_POINT('',(1.777779801759,2.644557414217,-7.214502855412));
#5273=CARTESIAN_POINT('',(1.367479485135,2.878300384917,-7.197836199886));
#5274=CARTESIAN_POINT('',(0.9291767616936,3.048089567648,-7.181247446334));
#5275=CARTESIAN_POINT('',(0.4694089907925,3.151856998763,-7.164612152781));
#5276=CARTESIAN_POINT('',(0.1564675327758,3.175,-7.153537392875));
#5277=CARTESIAN_POINT('',(0.0,3.175,-7.148));
#5278=CARTESIAN_POINT('',(0.0,3.175,-5.736));
#5279=CARTESIAN_POINT('',(0.0,3.175,-5.647));
#5280=CARTESIAN_POINT('',(0.0,3.175,-5.736));
#5281=VECTOR('',#8276,0.08900000000014);
#5282=CARTESIAN_POINT('',(0.0,-3.175,-6.0));
#5283=CARTESIAN_POINT('',(0.0,3.175,-5.647));
#5284=CARTESIAN_POINT('',(0.157363244951,3.175,-5.652569092169));
#5285=CARTESIAN_POINT('',(0.4734708938164,3.151630529142,-5.663755317143));
#5286=CARTESIAN_POINT('',(0.9432376107438,3.044445905561,-5.680758805197));
#5287=CARTESIAN_POINT('',(1.39087198811,2.867382928568,-5.697746357797));
#5288=CARTESIAN_POINT('',(1.799739819507,2.629683974068,-5.714437820017));
#5289=CARTESIAN_POINT('',(2.169399314411,2.334614533203,-5.7311302695));
#5290=CARTESIAN_POINT('',(2.497523542043,1.980172913672,-5.748175549335));
#5291=CARTESIAN_POINT('',(2.768240630496,1.579610552387,-5.765234885267));
#5292=CARTESIAN_POINT('',(2.973634403094,1.145672990212,-5.782178561087));
#5293=CARTESIAN_POINT('',(3.109490494867,0.6969222180049,-5.798725438342));
#5294=CARTESIAN_POINT('',(3.179233393975,0.2239868385503,-5.815597313616));
#5295=CARTESIAN_POINT('',(3.176718960602,-0.2575587734271,-5.832589815548));
#5296=CARTESIAN_POINT('',(3.101709499299,-0.7316853132597,-5.849530257463));
#5297=CARTESIAN_POINT('',(2.959454072924,-1.181389141866,-5.866176463001));
#5298=CARTESIAN_POINT('',(2.753114974097,-1.604837328508,-5.882801678886));
#5299=CARTESIAN_POINT('',(2.483442120135,-1.99737364855,-5.899608382347));
#5300=CARTESIAN_POINT('',(2.156145040733,-2.346648149536,-5.916501180225));
#5301=CARTESIAN_POINT('',(1.785790347454,-2.639303552075,-5.93315932904));
#5302=CARTESIAN_POINT('',(1.37440413769,-2.875060378065,-5.949894319978));
#5303=CARTESIAN_POINT('',(0.9353258759408,-3.046348324925,-5.966527197608));
#5304=CARTESIAN_POINT('',(0.4718552469571,-3.151675274338,-5.983301699472));
#5305=CARTESIAN_POINT('',(0.1572685495559,-3.175,-5.994434259106));
#5306=CARTESIAN_POINT('',(0.0,-3.175,-6.0));
#5307=CARTESIAN_POINT('',(0.0,-3.175,-6.089));
#5308=CARTESIAN_POINT('',(0.0,-3.175,-6.089));
#5309=VECTOR('',#8277,0.0889999999999);
#5310=CARTESIAN_POINT('',(0.0,-3.175,-6.089));
#5311=CARTESIAN_POINT('',(0.1575992097259,-3.175,-6.083422557027));
#5312=CARTESIAN_POINT('',(0.4744763026606,-3.151578532919,-6.0722094536));
#5313=CARTESIAN_POINT('',(0.9463832279863,-3.043569763458,-6.05512583158));
#5314=CARTESIAN_POINT('',(1.396286426338,-2.865041775904,-6.038046185976));
#5315=CARTESIAN_POINT('',(1.809194011641,-2.623283911656,-6.021159524088));
#5316=CARTESIAN_POINT('',(2.17545307927,-2.328711738755,-6.004571958871));
#5317=CARTESIAN_POINT('',(2.501519600322,-1.975052411996,-5.987595376828));
#5318=CARTESIAN_POINT('',(2.77092278898,-1.574748013803,-5.970569128056));
#5319=CARTESIAN_POINT('',(2.975488349433,-1.141142473649,-5.953649167796));
#5320=CARTESIAN_POINT('',(3.11103957026,-0.6896527570087,-5.937012339204));
#5321=CARTESIAN_POINT('',(3.179073864916,-0.222150904588,-5.92033876379));
#5322=CARTESIAN_POINT('',(3.176744503055,0.256340680522,-5.903452886801));
#5323=CARTESIAN_POINT('',(3.10220514661,0.7293008904881,-5.886555326259));
#5324=CARTESIAN_POINT('',(2.960455718293,1.179341259935,-5.869903973197));
#5325=CARTESIAN_POINT('',(2.752226887958,1.606352022411,-5.853136237671));
#5326=CARTESIAN_POINT('',(2.484968381499,1.99511887339,-5.836487564345));
#5327=CARTESIAN_POINT('',(2.159254123937,2.343795619049,-5.819647403586));
#5328=CARTESIAN_POINT('',(1.789115270462,2.637053610426,-5.802981972541));
#5329=CARTESIAN_POINT('',(1.376760908756,2.874202374069,-5.786194001581));
#5330=CARTESIAN_POINT('',(0.9325351840541,3.047262979231,-5.769369038276));
#5331=CARTESIAN_POINT('',(0.4721374095844,3.151487629434,-5.752709521039));
#5332=CARTESIAN_POINT('',(0.1573227503789,3.175,-5.741567659064));
#5333=CARTESIAN_POINT('',(0.0,3.175,-5.736));
#5334=CARTESIAN_POINT('',(0.0,-3.175,-6.795));
#5335=CARTESIAN_POINT('',(0.0,-3.175,-6.706));
#5336=CARTESIAN_POINT('',(0.0,-3.175,-6.795));
#5337=VECTOR('',#8278,0.08899999999979);
#5338=CARTESIAN_POINT('',(0.0,3.175,-6.442));
#5339=CARTESIAN_POINT('',(0.0,-3.175,-6.795));
#5340=CARTESIAN_POINT('',(0.157317538684,-3.175,-6.789432525378));
#5341=CARTESIAN_POINT('',(0.4719869614212,-3.151532465859,-6.778296088205));
#5342=CARTESIAN_POINT('',(0.9326932196805,-3.047162400688,-6.761624520229));
#5343=CARTESIAN_POINT('',(1.37500315425,-2.874950650598,-6.744873385333));
#5344=CARTESIAN_POINT('',(1.787058123899,-2.638435208507,-6.72810529231));
#5345=CARTESIAN_POINT('',(2.157223899081,-2.345663773951,-6.711449858788));
#5346=CARTESIAN_POINT('',(2.483619129402,-1.996881028845,-6.694590725183));
#5347=CARTESIAN_POINT('',(2.751406129934,-1.607695162003,-6.677919222234));
#5348=CARTESIAN_POINT('',(2.959253619584,-1.182199799817,-6.661205422016));
#5349=CARTESIAN_POINT('',(3.101458217019,-0.7325004149763,-6.644560417187));
#5350=CARTESIAN_POINT('',(3.176518917837,-0.259453717313,-6.627657135922));
#5351=CARTESIAN_POINT('',(3.17928824113,0.2201264496271,-6.610733018535));
#5352=CARTESIAN_POINT('',(3.111254637759,0.6886303096892,-6.59402448238));
#5353=CARTESIAN_POINT('',(2.976196927507,1.139202257154,-6.577423713663));
#5354=CARTESIAN_POINT('',(2.771840788796,1.573190547479,-6.560494495148));
#5355=CARTESIAN_POINT('',(2.502266515156,1.974197848471,-6.543444582215));
#5356=CARTESIAN_POINT('',(2.175149416816,2.329123150178,-6.526410353775));
#5357=CARTESIAN_POINT('',(1.807732185951,2.624297230988,-6.50977777312));
#5358=CARTESIAN_POINT('',(1.395361434451,2.865450181078,-6.49291825416));
#5359=CARTESIAN_POINT('',(0.9456847845863,3.043775471935,-6.475848450165));
#5360=CARTESIAN_POINT('',(0.4741388488115,3.151608042636,-6.458778655294));
#5361=CARTESIAN_POINT('',(0.1574871023845,3.175,-6.447573475489));
#5362=CARTESIAN_POINT('',(0.0,3.175,-6.442));
#5363=CARTESIAN_POINT('',(0.0,3.175,-6.353));
#5364=CARTESIAN_POINT('',(0.0,3.175,-6.442));
#5365=VECTOR('',#8279,0.08899999999978);
#5366=CARTESIAN_POINT('',(0.0,3.175,-6.353));
#5367=CARTESIAN_POINT('',(0.1573227503789,3.175,-6.358567659064));
#5368=CARTESIAN_POINT('',(0.4721374095844,3.151487629434,-6.369709521039));
#5369=CARTESIAN_POINT('',(0.9325351840541,3.047262979231,-6.386369038276));
#5370=CARTESIAN_POINT('',(1.376760908756,2.874202374069,-6.403194001581));
#5371=CARTESIAN_POINT('',(1.789115270462,2.637053610426,-6.419981972541));
#5372=CARTESIAN_POINT('',(2.159254123937,2.343795619049,-6.436647403586));
#5373=CARTESIAN_POINT('',(2.484968381499,1.99511887339,-6.453487564345));
#5374=CARTESIAN_POINT('',(2.752226887958,1.606352022411,-6.470136237671));
#5375=CARTESIAN_POINT('',(2.960455718293,1.179341259935,-6.486903973197));
#5376=CARTESIAN_POINT('',(3.10220514661,0.7293008904881,-6.503555326259));
#5377=CARTESIAN_POINT('',(3.176744503055,0.256340680522,-6.520452886801));
#5378=CARTESIAN_POINT('',(3.179073864916,-0.222150904588,-6.53733876379));
#5379=CARTESIAN_POINT('',(3.11103957026,-0.6896527570087,-6.554012339204));
#5380=CARTESIAN_POINT('',(2.975488349433,-1.141142473649,-6.570649167796));
#5381=CARTESIAN_POINT('',(2.77092278898,-1.574748013803,-6.587569128056));
#5382=CARTESIAN_POINT('',(2.501519600322,-1.975052411996,-6.604595376828));
#5383=CARTESIAN_POINT('',(2.17545307927,-2.328711738755,-6.621571958871));
#5384=CARTESIAN_POINT('',(1.809194011641,-2.623283911656,-6.638159524088));
#5385=CARTESIAN_POINT('',(1.396286426338,-2.865041775904,-6.655046185976));
#5386=CARTESIAN_POINT('',(0.9463832279863,-3.043569763458,-6.67212583158));
#5387=CARTESIAN_POINT('',(0.4744763026606,-3.151578532919,-6.6892094536));
#5388=CARTESIAN_POINT('',(0.1575992097259,-3.175,-6.700422557027));
#5389=CARTESIAN_POINT('',(0.0,-3.175,-6.706));
#5390=CARTESIAN_POINT('',(3.105814324467,-0.6591982872658,-7.965));
#5391=CARTESIAN_POINT('',(0.0,-3.175,-8.118));
#5392=CARTESIAN_POINT('',(3.105814324467,-0.6591982872658,-7.965));
#5393=CARTESIAN_POINT('',(3.073240514633,-0.8126698710678,-7.970552356193));
#5394=CARTESIAN_POINT('',(2.984891094823,-1.116778674149,-7.981728564955));
#5395=CARTESIAN_POINT('',(2.782792527131,-1.55396350505,-7.998725207427));
#5396=CARTESIAN_POINT('',(2.513884737982,-1.959697368044,-8.015900658634));
#5397=CARTESIAN_POINT('',(2.18614350349,-2.319106460917,-8.033065157983));
#5398=CARTESIAN_POINT('',(1.816409380879,-2.618490579706,-8.049854211278));
#5399=CARTESIAN_POINT('',(1.403017653624,-2.861829674192,-8.066783084765));
#5400=CARTESIAN_POINT('',(0.9509956368986,-3.042284951935,-8.083957263214));
#5401=CARTESIAN_POINT('',(0.476871919328,-3.15133228977,-8.101124563738));
#5402=CARTESIAN_POINT('',(0.158390832548,-3.175,-8.112394541461));
#5403=CARTESIAN_POINT('',(0.0,-3.175,-8.118));
#5404=CARTESIAN_POINT('',(0.0,-3.175,-8.207));
#5405=CARTESIAN_POINT('',(0.0,-3.175,-8.207));
#5406=VECTOR('',#8280,0.0890000000001);
#5407=CARTESIAN_POINT('',(0.0,3.175,-7.854));
#5408=CARTESIAN_POINT('',(0.0,-3.175,-8.207));
#5409=CARTESIAN_POINT('',(0.1572815811006,-3.175,-8.201433797919));
#5410=CARTESIAN_POINT('',(0.4721201891996,-3.151489558287,-8.190291041735));
#5411=CARTESIAN_POINT('',(0.9326666328588,-3.047254817209,-8.173626469326));
#5412=CARTESIAN_POINT('',(1.377705870155,-2.873787822602,-8.156769604999));
#5413=CARTESIAN_POINT('',(1.790204126642,-2.636324321616,-8.139971876006));
#5414=CARTESIAN_POINT('',(2.160291632165,-2.342827173497,-8.123302543455));
#5415=CARTESIAN_POINT('',(2.485583730706,-1.994323611588,-8.106476977505));
#5416=CARTESIAN_POINT('',(2.752770651943,-1.605467414837,-8.089827154955));
#5417=CARTESIAN_POINT('',(2.961088520184,-1.177805114101,-8.073037435667));
#5418=CARTESIAN_POINT('',(3.102596009542,-0.7276279683064,-8.05638415072));
#5419=CARTESIAN_POINT('',(3.176849214832,-0.2547532859231,-8.039491017791));
#5420=CARTESIAN_POINT('',(3.178982618499,0.2230565426205,-8.022629152241));
#5421=CARTESIAN_POINT('',(3.11088297094,0.6904222595468,-8.005959965457));
#5422=CARTESIAN_POINT('',(2.975086987998,1.142204722942,-7.98931078456));
#5423=CARTESIAN_POINT('',(2.770442851302,1.575565194645,-7.97239751586));
#5424=CARTESIAN_POINT('',(2.501132234296,1.975483881545,-7.955384201923));
#5425=CARTESIAN_POINT('',(2.175691292856,2.328437337125,-7.938440786236));
#5426=CARTESIAN_POINT('',(1.809732561176,2.622917397542,-7.921863416224));
#5427=CARTESIAN_POINT('',(1.396689943868,2.864855426871,-7.904969476577));
#5428=CARTESIAN_POINT('',(0.9467085231169,3.043474727128,-7.88788612086));
#5429=CARTESIAN_POINT('',(0.474644919293,3.151562431225,-7.870796502879));
#5430=CARTESIAN_POINT('',(0.1576573915048,3.175,-7.859579502029));
#5431=CARTESIAN_POINT('',(0.0,3.175,-7.854));
#5432=CARTESIAN_POINT('',(0.0,3.175,-7.765));
#5433=CARTESIAN_POINT('',(0.0,3.175,-7.854));
#5434=VECTOR('',#8281,0.08900000000032);
#5435=CARTESIAN_POINT('',(0.0,3.175,-7.765));
#5436=CARTESIAN_POINT('',(0.1564675327758,3.175,-7.770537392875));
#5437=CARTESIAN_POINT('',(0.4694089907925,3.151856998763,-7.781612152781));
#5438=CARTESIAN_POINT('',(0.9291767616936,3.048089567648,-7.798247446334));
#5439=CARTESIAN_POINT('',(1.367479485135,2.878300384917,-7.814836199886));
#5440=CARTESIAN_POINT('',(1.777779801759,2.644557414217,-7.831502855412));
#5441=CARTESIAN_POINT('',(2.147060053629,2.354791099023,-7.848068576422));
#5442=CARTESIAN_POINT('',(2.473720100595,2.009073709105,-7.864855411185));
#5443=CARTESIAN_POINT('',(2.743060970027,1.621666989349,-7.881507040771));
#5444=CARTESIAN_POINT('',(2.951486802613,1.200964362287,-7.898078337795));
#5445=CARTESIAN_POINT('',(3.096018202735,0.7546944951929,-7.914634041499));
#5446=CARTESIAN_POINT('',(3.174278286478,0.2845224043374,-7.931455417929));
#5447=CARTESIAN_POINT('',(3.180950351059,-0.193748017327,-7.948335321439));
#5448=CARTESIAN_POINT('',(3.138330284497,-0.5059992629574,-7.959457504574));
#5449=CARTESIAN_POINT('',(3.105814324467,-0.6591982872658,-7.965));
#5450=CARTESIAN_POINT('',(0.0,3.175,-10.589));
#5451=CARTESIAN_POINT('',(0.0,3.175,-10.589));
#5452=CARTESIAN_POINT('',(0.1571793564865,3.175,-10.59456258435));
#5453=CARTESIAN_POINT('',(0.4718468693329,3.151743037852,-10.6056976749));
#5454=CARTESIAN_POINT('',(0.9372929501381,3.045840779615,-10.62254428231));
#5455=CARTESIAN_POINT('',(1.376588621587,2.873938096764,-10.63919224323));
#5456=CARTESIAN_POINT('',(1.78608133476,2.639037332579,-10.65585436298));
#5457=CARTESIAN_POINT('',(2.156668735919,2.346215300696,-10.67252294527));
#5458=CARTESIAN_POINT('',(2.484597663447,1.996114349718,-10.68945169493));
#5459=CARTESIAN_POINT('',(2.7556313927,1.600776637597,-10.70636666718));
#5460=CARTESIAN_POINT('',(2.961584235586,1.17596443873,-10.72302901011));
#5461=CARTESIAN_POINT('',(3.102831011998,0.7269074071864,-10.73964273596));
#5462=CARTESIAN_POINT('',(3.177272028506,0.2515311197816,-10.75662375722));
#5463=CARTESIAN_POINT('',(3.178826345044,-0.2316703531851,-10.77367382589));
#5464=CARTESIAN_POINT('',(3.107146332941,-0.7079613229335,-10.79067242682));
#5465=CARTESIAN_POINT('',(2.969129006152,-1.157223183102,-10.80725850836));
#5466=CARTESIAN_POINT('',(2.762617092399,-1.589332895962,-10.82416099904));
#5467=CARTESIAN_POINT('',(2.490818231578,-1.988532966696,-10.84120239565));
#5468=CARTESIAN_POINT('',(2.162222855386,-2.341256312993,-10.85821436334));
#5469=CARTESIAN_POINT('',(1.791475967585,-2.635256543235,-10.87491363682));
#5470=CARTESIAN_POINT('',(1.384526706266,-2.870227042586,-10.8914986151));
#5471=CARTESIAN_POINT('',(0.9402092255626,-3.045217514423,-10.90835129341));
#5472=CARTESIAN_POINT('',(0.4725727316702,-3.151685414428,-10.92527636213));
#5473=CARTESIAN_POINT('',(0.1572060843392,-3.175,-10.93643646975));
#5474=CARTESIAN_POINT('',(0.0,-3.175,-10.942));
#5475=CARTESIAN_POINT('',(0.0,3.175,-10.678));
#5476=CARTESIAN_POINT('',(0.0,-3.175,-11.031));
#5477=CARTESIAN_POINT('',(0.1565933836921,-3.175,-11.02545815326));
#5478=CARTESIAN_POINT('',(0.4713620328862,-3.151809250457,-11.01431909974));
#5479=CARTESIAN_POINT('',(0.9384980331482,-3.045814503914,-10.99741495478));
#5480=CARTESIAN_POINT('',(1.387115338343,-2.869401582734,-10.980403699));
#5481=CARTESIAN_POINT('',(1.800405869004,-2.629482042552,-10.96353910937));
#5482=CARTESIAN_POINT('',(2.169544069482,-2.334052164413,-10.9468525971));
#5483=CARTESIAN_POINT('',(2.491325001359,-1.987230447884,-10.93015543731));
#5484=CARTESIAN_POINT('',(2.760563831887,-1.592602800145,-10.91329661666));
#5485=CARTESIAN_POINT('',(2.967488072323,-1.161667234954,-10.89642555226));
#5486=CARTESIAN_POINT('',(3.106660072777,-0.7101944744009,-10.87975323847));
#5487=CARTESIAN_POINT('',(3.177896443675,-0.2381202264789,-10.8629031678));
#5488=CARTESIAN_POINT('',(3.178138459131,0.2344305568891,-10.84622721075));
#5489=CARTESIAN_POINT('',(3.10763676675,0.7058120149712,-10.8294050961));
#5490=CARTESIAN_POINT('',(2.969110977244,1.157529216683,-10.81273108755));
#5491=CARTESIAN_POINT('',(2.762692722859,1.588992340903,-10.79585117872));
#5492=CARTESIAN_POINT('',(2.493196665422,1.98496115413,-10.77894826021));
#5493=CARTESIAN_POINT('',(2.171502196879,2.332208533216,-10.76224226087));
#5494=CARTESIAN_POINT('',(1.802934970415,2.627744442475,-10.74556909249));
#5495=CARTESIAN_POINT('',(1.389597468118,2.86822445792,-10.72869306725));
#5496=CARTESIAN_POINT('',(0.9405000843356,3.045266942848,-10.71165821937));
#5497=CARTESIAN_POINT('',(0.4717671623134,3.151813957929,-10.6946949749));
#5498=CARTESIAN_POINT('',(0.1566745780351,3.175,-10.68354472022));
#5499=CARTESIAN_POINT('',(0.0,3.175,-10.678));
#5500=CARTESIAN_POINT('',(0.0,3.175,-10.678));
#5501=VECTOR('',#8282,0.08900000000005);
#5502=CARTESIAN_POINT('',(0.0,3.175,-9.883));
#5503=CARTESIAN_POINT('',(0.0,-3.175,-10.236));
#5504=CARTESIAN_POINT('',(0.0,3.175,-9.883));
#5505=CARTESIAN_POINT('',(0.1572313980167,3.175,-9.8885644261));
#5506=CARTESIAN_POINT('',(0.473485820498,3.151682875646,-9.899755514951));
#5507=CARTESIAN_POINT('',(0.9447571010806,3.044055760599,-9.916814284986));
#5508=CARTESIAN_POINT('',(1.394621094764,2.865839234685,-9.933888911363));
#5509=CARTESIAN_POINT('',(1.807917573818,2.624262315608,-9.950783552443));
#5510=CARTESIAN_POINT('',(2.174902925825,2.329042593447,-9.967406041167));
#5511=CARTESIAN_POINT('',(2.497484392389,1.979772749316,-9.984185622598));
#5512=CARTESIAN_POINT('',(2.766910691823,1.581714526803,-10.00114770365));
#5513=CARTESIAN_POINT('',(2.972307519303,1.14935953255,-10.01804024496));
#5514=CARTESIAN_POINT('',(3.109468221197,0.6973026221503,-10.03471213155));
#5515=CARTESIAN_POINT('',(3.178575842779,0.2280402551288,-10.05145297517));
#5516=CARTESIAN_POINT('',(3.17738316305,-0.2461522465679,-10.06818703855));
#5517=CARTESIAN_POINT('',(3.104672391586,-0.7188207750305,-10.08506531036));
#5518=CARTESIAN_POINT('',(2.964339215057,-1.169672721424,-10.10172871008));
#5519=CARTESIAN_POINT('',(2.756487982099,-1.599391013419,-10.11857589511));
#5520=CARTESIAN_POINT('',(2.488319870966,-1.990894791032,-10.13532241446));
#5521=CARTESIAN_POINT('',(2.165280105872,-2.33809951117,-10.1520600333));
#5522=CARTESIAN_POINT('',(1.795519236235,-2.632776810251,-10.1687468125));
#5523=CARTESIAN_POINT('',(1.382529910027,-2.871569143809,-10.18558240227));
#5524=CARTESIAN_POINT('',(0.9350657362612,-3.046704952067,-10.20253991984));
#5525=CARTESIAN_POINT('',(0.4715618392373,-3.151654857709,-10.21931129339));
#5526=CARTESIAN_POINT('',(0.1568572864193,-3.175,-10.23044881373));
#5527=CARTESIAN_POINT('',(0.0,-3.175,-10.236));
#5528=CARTESIAN_POINT('',(0.0,-3.175,-10.325));
#5529=CARTESIAN_POINT('',(0.0,-3.175,-10.325));
#5530=VECTOR('',#8283,0.08900000000029);
#5531=CARTESIAN_POINT('',(0.0,3.175,-9.972));
#5532=CARTESIAN_POINT('',(0.0,-3.175,-10.325));
#5533=CARTESIAN_POINT('',(0.1572060843392,-3.175,-10.31943646975));
#5534=CARTESIAN_POINT('',(0.4725727316701,-3.151685414428,-10.30827636213));
#5535=CARTESIAN_POINT('',(0.9402092255626,-3.045217514423,-10.29135129341));
#5536=CARTESIAN_POINT('',(1.384526706266,-2.870227042586,-10.2744986151));
#5537=CARTESIAN_POINT('',(1.791475967585,-2.635256543235,-10.25791363682));
#5538=CARTESIAN_POINT('',(2.162222855386,-2.341256312993,-10.24121436334));
#5539=CARTESIAN_POINT('',(2.490818231578,-1.988532966696,-10.22420239565));
#5540=CARTESIAN_POINT('',(2.762617092399,-1.589332895962,-10.20716099904));
#5541=CARTESIAN_POINT('',(2.969129006152,-1.157223183102,-10.19025850836));
#5542=CARTESIAN_POINT('',(3.107146332941,-0.7079613229335,-10.17367242682));
#5543=CARTESIAN_POINT('',(3.178826345044,-0.2316703531851,-10.15667382589));
#5544=CARTESIAN_POINT('',(3.177272028506,0.2515311197816,-10.13962375722));
#5545=CARTESIAN_POINT('',(3.102831011998,0.7269074071864,-10.12264273596));
#5546=CARTESIAN_POINT('',(2.961584235586,1.17596443873,-10.10602901011));
#5547=CARTESIAN_POINT('',(2.7556313927,1.600776637597,-10.08936666718));
#5548=CARTESIAN_POINT('',(2.484597663447,1.996114349718,-10.07245169493));
#5549=CARTESIAN_POINT('',(2.156668735919,2.346215300696,-10.05552294527));
#5550=CARTESIAN_POINT('',(1.78608133476,2.639037332579,-10.03885436298));
#5551=CARTESIAN_POINT('',(1.376588621587,2.873938096764,-10.02219224323));
#5552=CARTESIAN_POINT('',(0.9372929501381,3.045840779615,-10.00554428231));
#5553=CARTESIAN_POINT('',(0.4718468693329,3.151743037852,-9.988697674898));
#5554=CARTESIAN_POINT('',(0.1571793564865,3.175,-9.977562584348));
#5555=CARTESIAN_POINT('',(0.0,3.175,-9.972));
#5556=CARTESIAN_POINT('',(0.0,3.175,-9.972));
#5557=VECTOR('',#8284,0.08900000000024);
#5558=CARTESIAN_POINT('',(0.0,3.175,-9.177));
#5559=CARTESIAN_POINT('',(0.0,-3.175,-9.53));
#5560=CARTESIAN_POINT('',(0.0,3.175,-9.177));
#5561=CARTESIAN_POINT('',(0.1572525983252,3.175,-9.18256517638));
#5562=CARTESIAN_POINT('',(0.4718488627822,3.151699217249,-9.19369792869));
#5563=CARTESIAN_POINT('',(0.9359081916695,3.046184202333,-9.210494133018));
#5564=CARTESIAN_POINT('',(1.374702943833,2.874888374364,-9.22711778157));
#5565=CARTESIAN_POINT('',(1.785736277065,2.63933137599,-9.243838545258));
#5566=CARTESIAN_POINT('',(2.156154664038,2.346646523399,-9.260499158216));
#5567=CARTESIAN_POINT('',(2.483634087037,1.997190144119,-9.277400869725));
#5568=CARTESIAN_POINT('',(2.753703056336,1.603875321545,-9.29423807928));
#5569=CARTESIAN_POINT('',(2.959819973237,1.180429587998,-9.310859720316));
#5570=CARTESIAN_POINT('',(3.101926121554,0.730800092035,-9.327501881774));
#5571=CARTESIAN_POINT('',(3.176835817302,0.256324392926,-9.344453941166));
#5572=CARTESIAN_POINT('',(3.17915848034,-0.2257032753515,-9.361463201664));
#5573=CARTESIAN_POINT('',(3.108907355717,-0.6996779836575,-9.37837388944));
#5574=CARTESIAN_POINT('',(2.97257864194,-1.148390191217,-9.394924188542));
#5575=CARTESIAN_POINT('',(2.766817620429,-1.58210407379,-9.411866325668));
#5576=CARTESIAN_POINT('',(2.495757416925,-1.982380388565,-9.428924144741));
#5577=CARTESIAN_POINT('',(2.167484050023,-2.336400610435,-9.445962013055));
#5578=CARTESIAN_POINT('',(1.797448483991,-2.631223696896,-9.462659539545));
#5579=CARTESIAN_POINT('',(1.389351775252,-2.868054517818,-9.479312156801));
#5580=CARTESIAN_POINT('',(0.9424534972211,-3.044653227899,-9.496269804926));
#5581=CARTESIAN_POINT('',(0.473243445137,-3.151642011281,-9.513252673779));
#5582=CARTESIAN_POINT('',(0.1573205141121,-3.175,-9.524432420077));
#5583=CARTESIAN_POINT('',(0.0,-3.175,-9.53));
#5584=CARTESIAN_POINT('',(0.0,-3.175,-9.619));
#5585=CARTESIAN_POINT('',(0.0,-3.175,-9.619));
#5586=VECTOR('',#8285,0.08899999999996);
#5587=CARTESIAN_POINT('',(0.0,3.175,-9.266));
#5588=CARTESIAN_POINT('',(0.0,-3.175,-9.619));
#5589=CARTESIAN_POINT('',(0.1568572864193,-3.175,-9.613448813726));
#5590=CARTESIAN_POINT('',(0.4715618392373,-3.151654857709,-9.602311293388));
#5591=CARTESIAN_POINT('',(0.9350657362612,-3.046704952067,-9.58553991984));
#5592=CARTESIAN_POINT('',(1.382529910027,-2.871569143809,-9.568582402273));
#5593=CARTESIAN_POINT('',(1.795519236235,-2.632776810251,-9.551746812496));
#5594=CARTESIAN_POINT('',(2.165280105872,-2.33809951117,-9.535060033304));
#5595=CARTESIAN_POINT('',(2.488319870966,-1.990894791032,-9.518322414456));
#5596=CARTESIAN_POINT('',(2.756487982099,-1.599391013419,-9.501575895106));
#5597=CARTESIAN_POINT('',(2.964339215057,-1.169672721424,-9.484728710083));
#5598=CARTESIAN_POINT('',(3.104672391586,-0.7188207750305,-9.468065310359));
#5599=CARTESIAN_POINT('',(3.17738316305,-0.2461522465679,-9.451187038551));
#5600=CARTESIAN_POINT('',(3.178575842779,0.2280402551288,-9.434452975168));
#5601=CARTESIAN_POINT('',(3.109468221197,0.6973026221503,-9.417712131551));
#5602=CARTESIAN_POINT('',(2.972307519303,1.14935953255,-9.401040244959));
#5603=CARTESIAN_POINT('',(2.766910691823,1.581714526803,-9.384147703647));
#5604=CARTESIAN_POINT('',(2.497484392389,1.979772749316,-9.367185622598));
#5605=CARTESIAN_POINT('',(2.174902925825,2.329042593447,-9.350406041167));
#5606=CARTESIAN_POINT('',(1.807917573818,2.624262315608,-9.333783552443));
#5607=CARTESIAN_POINT('',(1.394621094764,2.865839234685,-9.316888911363));
#5608=CARTESIAN_POINT('',(0.9447571010806,3.044055760599,-9.299814284986));
#5609=CARTESIAN_POINT('',(0.473485820498,3.151682875646,-9.282755514951));
#5610=CARTESIAN_POINT('',(0.1572313980167,3.175,-9.2715644261));
#5611=CARTESIAN_POINT('',(0.0,3.175,-9.266));
#5612=CARTESIAN_POINT('',(0.0,3.175,-9.266));
#5613=VECTOR('',#8286,0.08899999999979);
#5614=CARTESIAN_POINT('',(0.0,3.175,-8.471));
#5615=CARTESIAN_POINT('',(0.0,-3.175,-8.824));
#5616=CARTESIAN_POINT('',(0.0,3.175,-8.471));
#5617=CARTESIAN_POINT('',(0.1576573915048,3.175,-8.476579502029));
#5618=CARTESIAN_POINT('',(0.4746449192931,3.151562431225,-8.487796502879));
#5619=CARTESIAN_POINT('',(0.9467085231169,3.043474727128,-8.50488612086));
#5620=CARTESIAN_POINT('',(1.396689943868,2.864855426871,-8.521969476577));
#5621=CARTESIAN_POINT('',(1.809732561176,2.622917397542,-8.538863416224));
#5622=CARTESIAN_POINT('',(2.175691292856,2.328437337125,-8.555440786236));
#5623=CARTESIAN_POINT('',(2.501132234296,1.975483881545,-8.572384201923));
#5624=CARTESIAN_POINT('',(2.770442851302,1.575565194645,-8.58939751586));
#5625=CARTESIAN_POINT('',(2.975086987998,1.142204722942,-8.60631078456));
#5626=CARTESIAN_POINT('',(3.11088297094,0.6904222595468,-8.622959965457));
#5627=CARTESIAN_POINT('',(3.178982618499,0.2230565426205,-8.639629152241));
#5628=CARTESIAN_POINT('',(3.176849214832,-0.2547532859231,-8.656491017791));
#5629=CARTESIAN_POINT('',(3.102596009542,-0.7276279683064,-8.67338415072));
#5630=CARTESIAN_POINT('',(2.961088520184,-1.177805114101,-8.690037435667));
#5631=CARTESIAN_POINT('',(2.752770651943,-1.605467414837,-8.706827154955));
#5632=CARTESIAN_POINT('',(2.485583730706,-1.994323611588,-8.723476977505));
#5633=CARTESIAN_POINT('',(2.160291632165,-2.342827173497,-8.740302543455));
#5634=CARTESIAN_POINT('',(1.790204126642,-2.636324321616,-8.756971876006));
#5635=CARTESIAN_POINT('',(1.377705870155,-2.873787822602,-8.773769604999));
#5636=CARTESIAN_POINT('',(0.9326666328588,-3.047254817209,-8.790626469326));
#5637=CARTESIAN_POINT('',(0.4721201891996,-3.151489558287,-8.807291041735));
#5638=CARTESIAN_POINT('',(0.1572815811006,-3.175,-8.818433797919));
#5639=CARTESIAN_POINT('',(0.0,-3.175,-8.824));
#5640=CARTESIAN_POINT('',(0.0,-3.175,-8.913));
#5641=CARTESIAN_POINT('',(0.0,-3.175,-8.913));
#5642=VECTOR('',#8287,0.08899999999977);
#5643=CARTESIAN_POINT('',(0.0,3.175,-8.56));
#5644=CARTESIAN_POINT('',(0.0,-3.175,-8.913));
#5645=CARTESIAN_POINT('',(0.1573205141121,-3.175,-8.907432420077));
#5646=CARTESIAN_POINT('',(0.473243445137,-3.151642011281,-8.896252673779));
#5647=CARTESIAN_POINT('',(0.9424534972211,-3.044653227899,-8.879269804926));
#5648=CARTESIAN_POINT('',(1.389351775252,-2.868054517818,-8.862312156801));
#5649=CARTESIAN_POINT('',(1.797448483991,-2.631223696896,-8.845659539545));
#5650=CARTESIAN_POINT('',(2.167484050023,-2.336400610435,-8.828962013055));
#5651=CARTESIAN_POINT('',(2.495757416925,-1.982380388565,-8.811924144742));
#5652=CARTESIAN_POINT('',(2.766817620429,-1.58210407379,-8.794866325668));
#5653=CARTESIAN_POINT('',(2.97257864194,-1.148390191217,-8.777924188542));
#5654=CARTESIAN_POINT('',(3.108907355717,-0.6996779836575,-8.76137388944));
#5655=CARTESIAN_POINT('',(3.17915848034,-0.2257032753515,-8.744463201664));
#5656=CARTESIAN_POINT('',(3.176835817302,0.256324392926,-8.727453941166));
#5657=CARTESIAN_POINT('',(3.101926121554,0.7308000920349,-8.710501881774));
#5658=CARTESIAN_POINT('',(2.959819973237,1.180429587998,-8.693859720316));
#5659=CARTESIAN_POINT('',(2.753703056336,1.603875321545,-8.67723807928));
#5660=CARTESIAN_POINT('',(2.483634087037,1.997190144119,-8.660400869725));
#5661=CARTESIAN_POINT('',(2.156154664038,2.346646523399,-8.643499158216));
#5662=CARTESIAN_POINT('',(1.785736277065,2.63933137599,-8.626838545258));
#5663=CARTESIAN_POINT('',(1.374702943833,2.874888374364,-8.61011778157));
#5664=CARTESIAN_POINT('',(0.9359081916695,3.046184202333,-8.593494133018));
#5665=CARTESIAN_POINT('',(0.4718488627822,3.151699217249,-8.57669792869));
#5666=CARTESIAN_POINT('',(0.1572525983252,3.175,-8.56556517638));
#5667=CARTESIAN_POINT('',(0.0,3.175,-8.56));
#5668=CARTESIAN_POINT('',(0.0,3.175,-8.56));
#5669=VECTOR('',#8288,0.08899999999987);
#5670=CARTESIAN_POINT('',(-0.5610665799638,-2.658307884299,-0.816872561398));
#5671=CARTESIAN_POINT('',(1.191240004002,-2.441791098301,-2.8605));
#5672=CARTESIAN_POINT('',(-0.5610665799638,-2.658307884299,-0.816872561398));
#5673=CARTESIAN_POINT('',(-0.7024361918439,-2.628470195024,-0.8228480802244));
#5674=CARTESIAN_POINT('',(-0.9804032100585,-2.546193073881,-0.834799117877));
#5675=CARTESIAN_POINT('',(-1.372453542641,-2.358105429781,-0.852725674356));
#5676=CARTESIAN_POINT('',(-1.729644060246,-2.110123507003,-0.8706522308349));
#5677=CARTESIAN_POINT('',(-2.042902834646,-1.808545785146,-0.8885787873139));
#5678=CARTESIAN_POINT('',(-2.304273165958,-1.461032171243,-0.9065053437929));
#5679=CARTESIAN_POINT('',(-2.507116450672,-1.076409279919,-0.9244319002718));
#5680=CARTESIAN_POINT('',(-2.64628059079,-0.6644462867722,-0.9423584567508));
#5681=CARTESIAN_POINT('',(-2.718230909286,-0.2356067858989,-0.9602850132298));
#5682=CARTESIAN_POINT('',(-2.721139913761,0.1992169755174,-0.9782115697087));
#5683=CARTESIAN_POINT('',(-2.654933717554,0.6289807541086,-0.9961381261877));
#5684=CARTESIAN_POINT('',(-2.521293915347,1.042768826763,-1.014064682667));
#5685=CARTESIAN_POINT('',(-2.323614872031,1.43007124302,-1.031991239146));
#5686=CARTESIAN_POINT('',(-2.066917507949,1.781050771025,-1.049917795625));
#5687=CARTESIAN_POINT('',(-1.757721770773,2.086792756884,-1.067844352104));
#5688=CARTESIAN_POINT('',(-1.403881033029,2.339531551131,-1.085770908583));
#5689=CARTESIAN_POINT('',(-1.014382621493,2.532847751218,-1.103697465061));
#5690=CARTESIAN_POINT('',(-0.5991195448852,2.661831250206,-1.12162402154));
#5691=CARTESIAN_POINT('',(-0.1686392178191,2.723205950318,-1.139550578019));
#5692=CARTESIAN_POINT('',(0.2661244367342,2.715412973713,-1.157477134498));
#5693=CARTESIAN_POINT('',(0.6941287020446,2.638650256975,-1.175403690977));
#5694=CARTESIAN_POINT('',(1.104502545514,2.494867523655,-1.193330247456));
#5695=CARTESIAN_POINT('',(1.486822735901,2.287716762548,-1.211256803935));
#5696=CARTESIAN_POINT('',(1.831378586679,2.022459469529,-1.229183360414));
#5697=CARTESIAN_POINT('',(2.129418601218,1.70583300895,-1.247109916893));
#5698=CARTESIAN_POINT('',(2.373372755159,1.345879488923,-1.265036473372));
#5699=CARTESIAN_POINT('',(2.55704477016,0.951741496958,-1.282963029851));
#5700=CARTESIAN_POINT('',(2.67576949537,0.5334298841277,-1.30088958633));
#5701=CARTESIAN_POINT('',(2.726531399257,0.1015694959018,-1.318816142809));
#5702=CARTESIAN_POINT('',(2.708041162166,-0.3328706920841,-1.336742699288));
#5703=CARTESIAN_POINT('',(2.620768424206,-0.7588561789424,-1.354669255767));
#5704=CARTESIAN_POINT('',(2.466929856696,-1.165567207747,-1.372595812246));
#5705=CARTESIAN_POINT('',(2.250432860141,-1.542673580389,-1.390522368725));
#5706=CARTESIAN_POINT('',(1.976776318775,-1.880597037955,-1.408448925204));
#5707=CARTESIAN_POINT('',(1.652910932447,-2.170754542326,-1.426375481683));
#5708=CARTESIAN_POINT('',(1.28706267332,-2.405776279828,-1.444302038162));
#5709=CARTESIAN_POINT('',(0.8885238514773,-2.579692849738,-1.462228594641));
#5710=CARTESIAN_POINT('',(0.4674170962372,-2.688086883228,-1.48015515112));
#5711=CARTESIAN_POINT('',(0.03443824788527,-2.728205241678,-1.498081707599));
#5712=CARTESIAN_POINT('',(-0.3994153097762,-2.69902894463,-1.516008264078));
#5713=CARTESIAN_POINT('',(-0.8231239758918,-2.601299051233,-1.533934820557));
#5714=CARTESIAN_POINT('',(-1.225925823316,-2.437497837817,-1.551861377036));
#5715=CARTESIAN_POINT('',(-1.597589944628,-2.211785749673,-1.569787933515));
#5716=CARTESIAN_POINT('',(-1.928676310591,-1.929895728427,-1.587714489993));
#5717=CARTESIAN_POINT('',(-2.210775540811,-1.59898759901,-1.605641046472));
#5718=CARTESIAN_POINT('',(-2.436722496582,-1.227466214723,-1.623567602951));
#5719=CARTESIAN_POINT('',(-2.600778270794,-0.8247679793744,-1.64149415943));
#5720=CARTESIAN_POINT('',(-2.698775952474,-0.4011211687052,-1.659420715909));
#5721=CARTESIAN_POINT('',(-2.728226463642,0.03271386122759,-1.677347272388));
#5722=CARTESIAN_POINT('',(-2.688381780289,0.465717980161,-1.695273828867));
#5723=CARTESIAN_POINT('',(-2.580253931701,0.8868931624363,-1.713200385346));
#5724=CARTESIAN_POINT('',(-2.406589295572,1.285541829765,-1.731126941825));
#5725=CARTESIAN_POINT('',(-2.171798841775,1.651538562825,-1.749053498304));
#5726=CARTESIAN_POINT('',(-1.881846096575,1.975587280391,-1.766980054783));
#5727=CARTESIAN_POINT('',(-1.544095672897,2.249457353802,-1.784906611262));
#5728=CARTESIAN_POINT('',(-1.167126213909,2.466192659636,-1.802833167741));
#5729=CARTESIAN_POINT('',(-0.7605125010059,2.620288260755,-1.82075972422));
#5730=CARTESIAN_POINT('',(-0.3345822605362,2.707830228166,-1.838686280699));
#5731=CARTESIAN_POINT('',(0.09984615379718,2.726595052296,-1.856612837178));
#5732=CARTESIAN_POINT('',(0.5317385401498,2.676106118702,-1.874539393657));
#5733=CARTESIAN_POINT('',(0.9501251101541,2.557645813769,-1.892465950136));
#5734=CARTESIAN_POINT('',(1.344379114477,2.374222952924,-1.910392506615));
#5735=CARTESIAN_POINT('',(1.704486755405,2.130496358664,-1.928319063094));
#5736=CARTESIAN_POINT('',(2.021301530859,1.832656529462,-1.946245619573));
#5737=CARTESIAN_POINT('',(2.286776549649,1.488268405098,-1.964172176052));
#5738=CARTESIAN_POINT('',(2.494168917328,1.106079222057,-1.982098732531));
#5739=CARTESIAN_POINT('',(2.638211001372,0.6957963393664,-2.00002528901));
#5740=CARTESIAN_POINT('',(2.715244225643,0.2678406779209,-2.017951845489));
#5741=CARTESIAN_POINT('',(2.723311995873,-0.1669179641879,-2.035878401968));
#5742=CARTESIAN_POINT('',(2.662209395897,-0.5974369975429,-2.053804958447));
#5743=CARTESIAN_POINT('',(2.533488392388,-1.012781516058,-2.071731514925));
#5744=CARTESIAN_POINT('',(2.340418415908,-1.402402036548,-2.089658071404));
#5745=CARTESIAN_POINT('',(2.087903319474,-1.756402448804,-2.107584627883));
#5746=CARTESIAN_POINT('',(1.782356823853,-2.06579137042,-2.125511184362));
#5747=CARTESIAN_POINT('',(1.431539613186,-2.322710522109,-2.143437740841));
#5748=CARTESIAN_POINT('',(1.044362218611,-2.520634322938,-2.16136429732));
#5749=CARTESIAN_POINT('',(0.6306586965113,-2.654535635879,-2.179290853799));
#5750=CARTESIAN_POINT('',(0.2009368498212,-2.721013453847,-2.197217410278));
#5751=CARTESIAN_POINT('',(-0.2338886634013,-2.718379283096,-2.215143966757));
#5752=CARTESIAN_POINT('',(-0.6627735552557,-2.646700029865,-2.233070523236));
#5753=CARTESIAN_POINT('',(-1.074824425797,-2.507796301007,-2.250997079715));
#5754=CARTESIAN_POINT('',(-1.459575448377,-2.305196161746,-2.268923636194));
#5755=CARTESIAN_POINT('',(-1.807254194897,-2.044045525095,-2.286850192673));
#5756=CARTESIAN_POINT('',(-2.109029849186,-1.73097744898,-2.304776749152));
#5757=CARTESIAN_POINT('',(-2.357237504045,-1.373943660839,-2.322703305631));
#5758=CARTESIAN_POINT('',(-2.545572844947,-0.9820125888731,-2.34062986211));
#5759=CARTESIAN_POINT('',(-2.669252275567,-0.5651390298098,-2.358556418589));
#5760=CARTESIAN_POINT('',(-2.725134418049,-0.1339113034792,-2.376482975068));
#5761=CARTESIAN_POINT('',(-2.711799901975,0.3007176836877,-2.394409531547));
#5762=CARTESIAN_POINT('',(-2.629587415463,0.7277086354257,-2.412336088026));
#5763=CARTESIAN_POINT('',(-2.480585102705,1.136216256649,-2.430262644505));
#5764=CARTESIAN_POINT('',(-2.26857752645,1.515864716958,-2.448189200984));
#5765=CARTESIAN_POINT('',(-1.998949542551,1.85701119005,-2.466115757463));
#5766=CARTESIAN_POINT('',(-1.67854952809,2.15099077529,-2.484042313942));
#5767=CARTESIAN_POINT('',(-1.315515437018,2.39033658061,-2.501968870421));
#5768=CARTESIAN_POINT('',(-0.9190681013641,2.568969376752,-2.5198954269));
#5769=CARTESIAN_POINT('',(-0.4992770280435,2.682352005778,-2.537821983379));
#5770=CARTESIAN_POINT('',(-0.06680463986893,2.727604621958,-2.555748539858));
#5771=CARTESIAN_POINT('',(0.3673645431196,2.703577837994,-2.573675096336));
#5772=CARTESIAN_POINT('',(0.7922029033868,2.61088191872,-2.591601652815));
#5773=CARTESIAN_POINT('',(1.196919820283,2.451871280767,-2.609528209294));
#5774=CARTESIAN_POINT('',(1.571235744858,2.230584691895,-2.627454765773));
#5775=CARTESIAN_POINT('',(1.905643293779,1.952642688899,-2.645381322252));
#5776=CARTESIAN_POINT('',(2.191648730744,1.625104819592,-2.663307878731));
#5777=CARTESIAN_POINT('',(2.421987701917,1.256290334838,-2.68123443521));
#5778=CARTESIAN_POINT('',(2.590809745812,0.8555668849384,-2.699160991689));
#5779=CARTESIAN_POINT('',(2.693826891323,0.4331125873751,-2.717087548168));
#5780=CARTESIAN_POINT('',(2.728422569159,-0.0003424909382518,-2.735014104647));
#5781=CARTESIAN_POINT('',(2.693718072,-0.4337888699678,-2.752940661126));
#5782=CARTESIAN_POINT('',(2.590594869439,-0.8562172920437,-2.770867217605));
#5783=CARTESIAN_POINT('',(2.421672232882,-1.256898343249,-2.788793774084));
#5784=CARTESIAN_POINT('',(2.19124065676,-1.62565499849,-2.806720330563));
#5785=CARTESIAN_POINT('',(1.905153072988,-1.953121018564,-2.824646887042));
#5786=CARTESIAN_POINT('',(1.570675480243,-2.230979192985,-2.842573443521));
#5787=CARTESIAN_POINT('',(1.321095188158,-2.378440597023,-2.854524481174));
#5788=CARTESIAN_POINT('',(1.191240004002,-2.441791098301,-2.8605));
#5789=CARTESIAN_POINT('',(1.191240004002,-2.441791098301,-2.8605));
#5790=VECTOR('',#8289,0.529);
#5791=CARTESIAN_POINT('',(0.0,-3.175,-2.469999999999));
#5792=CARTESIAN_POINT('',(-0.1574703890394,-3.175,-2.475572884002));
#5793=CARTESIAN_POINT('',(-0.4740893324871,-3.151612364286,-2.486776911222));
#5794=CARTESIAN_POINT('',(-0.9455837669268,-3.043805505121,-2.503844726199));
#5795=CARTESIAN_POINT('',(-1.39523301719,-2.865506543119,-2.520913325801));
#5796=CARTESIAN_POINT('',(-1.807528316816,-2.624440009221,-2.537768994993));
#5797=CARTESIAN_POINT('',(-2.175125786853,-2.329161627158,-2.554408826861));
#5798=CARTESIAN_POINT('',(-2.502344131862,-1.974107582433,-2.571448771671));
#5799=CARTESIAN_POINT('',(-2.771939885335,-1.573023925025,-2.588501316255));
#5800=CARTESIAN_POINT('',(-2.976271723415,-1.138992420824,-2.605431576577));
#5801=CARTESIAN_POINT('',(-3.111272130747,-0.6885515435416,-2.622027321741));
#5802=CARTESIAN_POINT('',(-3.179315543998,-0.2198732668228,-2.638741999899));
#5803=CARTESIAN_POINT('',(-3.176491688763,0.2598065169642,-2.655669605928));
#5804=CARTESIAN_POINT('',(-3.101374385966,0.7328610776953,-2.672573460975));
#5805=CARTESIAN_POINT('',(-2.959117768431,1.18251770469,-2.689217620352));
#5806=CARTESIAN_POINT('',(-2.751332468524,1.607816594617,-2.705924222385));
#5807=CARTESIAN_POINT('',(-2.483451128767,1.997101724575,-2.72260051162));
#5808=CARTESIAN_POINT('',(-2.156991089331,2.345875747456,-2.739460954543));
#5809=CARTESIAN_POINT('',(-1.786827063822,2.638590666347,-2.756115099497));
#5810=CARTESIAN_POINT('',(-1.374811833055,2.875029713397,-2.772880687215));
#5811=CARTESIAN_POINT('',(-0.9327495528834,3.047140266926,-2.789622381527));
#5812=CARTESIAN_POINT('',(-0.4719523451178,3.151542123273,-2.806297363507));
#5813=CARTESIAN_POINT('',(-0.15730880078,3.175,-2.817432834612));
#5814=CARTESIAN_POINT('',(0.0,3.175,-2.823));
#5815=CARTESIAN_POINT('',(0.0,-3.175,-1.763999999999));
#5816=CARTESIAN_POINT('',(-0.1573156564895,-3.175,-1.769567408011));
#5817=CARTESIAN_POINT('',(-0.4721386555111,-3.15148670396,-1.780709581416));
#5818=CARTESIAN_POINT('',(-0.9325541572937,-3.047264317777,-1.79736965775));
#5819=CARTESIAN_POINT('',(-1.376977039529,-2.874108116474,-1.814202318086));
#5820=CARTESIAN_POINT('',(-1.789363276001,-2.636887337215,-1.830992487409));
#5821=CARTESIAN_POINT('',(-2.159492855784,-2.343573610825,-1.847658899893));
#5822=CARTESIAN_POINT('',(-2.485114107846,-1.99492994998,-1.864495978707));
#5823=CARTESIAN_POINT('',(-2.752344545149,-1.606160387253,-1.881144164532));
#5824=CARTESIAN_POINT('',(-2.960599955814,-1.178992937061,-1.897917269976));
#5825=CARTESIAN_POINT('',(-3.102294643619,-0.7289181555531,-1.914569173302));
#5826=CARTESIAN_POINT('',(-3.176769354313,-0.2559736540045,-1.93146585723));
#5827=CARTESIAN_POINT('',(-3.179051666104,0.2223669656366,-1.948346420306));
#5828=CARTESIAN_POINT('',(-3.111006611552,0.68981383872,-1.965018137309));
#5829=CARTESIAN_POINT('',(-2.975398346994,1.141383063015,-1.981658228164));
#5830=CARTESIAN_POINT('',(-2.77081146461,1.574937702537,-1.998576869276));
#5831=CARTESIAN_POINT('',(-2.501428517257,1.975154749177,-2.015600201499));
#5832=CARTESIAN_POINT('',(-2.175502406991,2.328652739028,-2.032569268682));
#5833=CARTESIAN_POINT('',(-1.809330306195,2.623190746514,-2.049153708358));
#5834=CARTESIAN_POINT('',(-1.396379377556,2.864999745096,-2.066042593576));
#5835=CARTESIAN_POINT('',(-0.9464541483792,3.043549061676,-2.083123224443));
#5836=CARTESIAN_POINT('',(-0.4745115037237,3.151575309731,-2.100208211349));
#5837=CARTESIAN_POINT('',(-0.157611036835,3.175,-2.111422138465));
#5838=CARTESIAN_POINT('',(0.0,3.175,-2.116999999999));
#5839=CARTESIAN_POINT('',(-0.5610665799638,-2.658307884299,-0.816872561398));
#5840=CARTESIAN_POINT('',(-0.6928640359175,-2.64368922972,-0.8297867715205));
#5841=CARTESIAN_POINT('',(-0.9556620528945,-2.594960306201,-0.8555637677296));
#5842=CARTESIAN_POINT('',(-1.340534035945,-2.462824252747,-0.894267220179));
#5843=CARTESIAN_POINT('',(-1.701955473605,-2.276206529734,-0.9324319400336));
#5844=CARTESIAN_POINT('',(-2.038585291371,-2.035562975331,-0.9707449358943));
#5845=CARTESIAN_POINT('',(-2.344521055546,-1.740497517873,-1.009574882007));
#5846=CARTESIAN_POINT('',(-2.606319271611,-1.400228722125,-1.048277214488));
#5847=CARTESIAN_POINT('',(-2.815641476028,-1.025257330656,-1.086496302523));
#5848=CARTESIAN_POINT('',(-2.968100791248,-0.628559624722,-1.123850230298));
#5849=CARTESIAN_POINT('',(-3.065738949258,-0.2019730646544,-1.161846085114));
#5850=CARTESIAN_POINT('',(-3.101184674892,0.2409590109307,-1.199945928579));
#5851=CARTESIAN_POINT('',(-3.07244228891,0.6867739052079,-1.237790316256));
#5852=CARTESIAN_POINT('',(-3.011451835174,0.9773739472216,-1.262647600874));
#5853=CARTESIAN_POINT('',(-2.970982593788,1.119771149571,-1.275));
#5854=CARTESIAN_POINT('',(-2.273136379662,-1.488034782636,-0.816872561398));
#5855=AXIS2_PLACEMENT_3D('',#8290,#8291,#8292);
#5856=CARTESIAN_POINT('',(0.0,-3.093851251684,-1.193851251684));
#5857=CARTESIAN_POINT('',(-2.883798036565,-1.328282305952,-1.275));
#5858=CARTESIAN_POINT('',(-2.817964103596,-1.463165226291,-1.271633332229));
#5859=CARTESIAN_POINT('',(-2.667183080846,-1.723350839246,-1.264894048834));
#5860=CARTESIAN_POINT('',(-2.38931046993,-2.076397937701,-1.25479380759));
#5861=CARTESIAN_POINT('',(-2.062861824801,-2.387530948881,-1.244622667964));
#5862=CARTESIAN_POINT('',(-1.698938607433,-2.646729243355,-1.234513487101));
#5863=CARTESIAN_POINT('',(-1.300533535528,-2.852596248774,-1.224334088422));
#5864=CARTESIAN_POINT('',(-0.8767619782609,-2.999167929168,-1.214122378181));
#5865=CARTESIAN_POINT('',(-0.4421200104058,-3.082926650203,-1.204008994889));
#5866=CARTESIAN_POINT('',(-0.1470407260536,-3.097236845848,-1.197236845848));
#5867=CARTESIAN_POINT('',(0.0,-3.093851251684,-1.193851251684));
#5868=CARTESIAN_POINT('',(0.0,-2.7,-0.8));
#5869=CARTESIAN_POINT('',(0.0,-2.7,-0.8));
#5870=VECTOR('',#8293,0.5569897816894);
#5871=CARTESIAN_POINT('',(0.0,2.7,-0.8));
#5872=AXIS2_PLACEMENT_3D('',#8294,#8295,#8296);
#5873=CARTESIAN_POINT('',(0.0,2.87005821922,-0.9700582192202));
#5874=CARTESIAN_POINT('',(0.0,2.7,-0.8));
#5875=VECTOR('',#8297,0.2404986400142);
#5876=CARTESIAN_POINT('',(0.0,2.87005821922,-0.9700582192202));
#5877=CARTESIAN_POINT('',(-0.1452812168988,2.866452304505,-0.9664523045049));
#5878=CARTESIAN_POINT('',(-0.434931890245,2.837198415145,-0.9592362840529));
#5879=CARTESIAN_POINT('',(-0.8580851645842,2.727590313608,-0.9483598532395));
#5880=CARTESIAN_POINT('',(-1.255730964084,2.556754685647,-0.9375505035052));
#5881=CARTESIAN_POINT('',(-1.622841161672,2.327794517806,-0.9267024937268));
#5882=CARTESIAN_POINT('',(-1.950434534968,2.046306693203,-0.9158326337412));
#5883=CARTESIAN_POINT('',(-2.23340287001,1.71513304188,-0.904827334499));
#5884=CARTESIAN_POINT('',(-2.459263753112,1.348547233244,-0.8939061149588));
#5885=CARTESIAN_POINT('',(-2.624974582088,0.9566543318182,-0.8830713765224));
#5886=CARTESIAN_POINT('',(-2.729868507054,0.5422411684332,-0.872143897107));
#5887=CARTESIAN_POINT('',(-2.770097103225,0.1120374706515,-0.861056402113));
#5888=CARTESIAN_POINT('',(-2.742431101464,-0.3191057044051,-0.8499247315645));
#5889=CARTESIAN_POINT('',(-2.650668980607,-0.7313265102683,-0.8389992739936));
#5890=CARTESIAN_POINT('',(-2.497411812515,-1.124736974802,-0.828032767198));
#5891=CARTESIAN_POINT('',(-2.354267428307,-1.370916428479,-0.8206069115725));
#5892=CARTESIAN_POINT('',(-2.273136379662,-1.488034782636,-0.816872561398));
#5893=CARTESIAN_POINT('',(0.0,-3.093851251684,-1.193851251684));
#5894=CARTESIAN_POINT('',(0.1594154370867,-3.09018073136,-1.19018073136));
#5895=CARTESIAN_POINT('',(0.4782263229484,-3.058213052984,-1.182814580154));
#5896=CARTESIAN_POINT('',(0.9472562159438,-2.935259568063,-1.171627780349));
#5897=CARTESIAN_POINT('',(1.38750133128,-2.741611983075,-1.160490131517));
#5898=CARTESIAN_POINT('',(1.784509782429,-2.487822676077,-1.149538760047));
#5899=CARTESIAN_POINT('',(2.141940507159,-2.172750018146,-1.138425101084));
#5900=CARTESIAN_POINT('',(2.449297033512,-1.800626912485,-1.12712776524));
#5901=CARTESIAN_POINT('',(2.692918026776,-1.38525719721,-1.115813350635));
#5902=CARTESIAN_POINT('',(2.864660794347,-0.9459268326964,-1.104687626309));
#5903=CARTESIAN_POINT('',(2.966222176217,-0.4874620324121,-1.093571635384));
#5904=CARTESIAN_POINT('',(2.994939070001,-0.01060553383089,-1.082221299855));
#5905=CARTESIAN_POINT('',(2.947226863427,0.4627883188484,-1.070874282239));
#5906=CARTESIAN_POINT('',(2.827305860457,0.9148141474481,-1.059676586104));
#5907=CARTESIAN_POINT('',(2.642449838083,1.335203588668,-1.048639644978));
#5908=CARTESIAN_POINT('',(2.390783236488,1.727863743582,-1.037389126968));
#5909=CARTESIAN_POINT('',(2.07903554027,2.076341894347,-1.026067210862));
#5910=CARTESIAN_POINT('',(1.721473439815,2.367027232679,-1.014865314631));
#5911=CARTESIAN_POINT('',(1.326403206986,2.596348062708,-1.003717310352));
#5912=CARTESIAN_POINT('',(0.9021723780757,2.760916338857,-0.9925710035045));
#5913=CARTESIAN_POINT('',(0.4531511780831,2.857636966852,-0.9812756979892));
#5914=CARTESIAN_POINT('',(0.1506406753577,2.873797156982,-0.9737971569824));
#5915=CARTESIAN_POINT('',(0.0,2.87005821922,-0.9700582192202));
#5916=CARTESIAN_POINT('',(0.0,3.175,-2.206));
#5917=CARTESIAN_POINT('',(-0.15730880078,3.175,-2.200432834612));
#5918=CARTESIAN_POINT('',(-0.4719523451178,3.151542123273,-2.189297363507));
#5919=CARTESIAN_POINT('',(-0.9327495528834,3.047140266926,-2.172622381527));
#5920=CARTESIAN_POINT('',(-1.374811833055,2.875029713397,-2.155880687215));
#5921=CARTESIAN_POINT('',(-1.786827063822,2.638590666347,-2.139115099497));
#5922=CARTESIAN_POINT('',(-2.156991089331,2.345875747456,-2.122460954543));
#5923=CARTESIAN_POINT('',(-2.483451128767,1.997101724575,-2.10560051162));
#5924=CARTESIAN_POINT('',(-2.751332468524,1.607816594617,-2.088924222386));
#5925=CARTESIAN_POINT('',(-2.959117768431,1.18251770469,-2.072217620352));
#5926=CARTESIAN_POINT('',(-3.101374385966,0.7328610776953,-2.055573460975));
#5927=CARTESIAN_POINT('',(-3.176491688763,0.2598065169643,-2.038669605928));
#5928=CARTESIAN_POINT('',(-3.179315543998,-0.2198732668227,-2.021741999899));
#5929=CARTESIAN_POINT('',(-3.111272130747,-0.6885515435416,-2.005027321741));
#5930=CARTESIAN_POINT('',(-2.976271723415,-1.138992420824,-1.988431576577));
#5931=CARTESIAN_POINT('',(-2.771939885335,-1.573023925025,-1.971501316255));
#5932=CARTESIAN_POINT('',(-2.502344131862,-1.974107582433,-1.954448771671));
#5933=CARTESIAN_POINT('',(-2.175125786853,-2.329161627158,-1.937408826861));
#5934=CARTESIAN_POINT('',(-1.807528316816,-2.624440009221,-1.920768994993));
#5935=CARTESIAN_POINT('',(-1.39523301719,-2.865506543119,-1.903913325801));
#5936=CARTESIAN_POINT('',(-0.9455837669261,-3.043805505121,-1.886844726199));
#5937=CARTESIAN_POINT('',(-0.4740893324863,-3.151612364286,-1.869776911222));
#5938=CARTESIAN_POINT('',(-0.1574703890391,-3.175,-1.858572884002));
#5939=CARTESIAN_POINT('',(0.0,-3.175,-1.852999999999));
#5940=CARTESIAN_POINT('',(1.191240004002,-2.441791098301,-2.7725));
#5941=CARTESIAN_POINT('',(1.392110570972,-2.853533451388,-2.508));
#5942=VECTOR('',#8298,0.529);
#5943=CARTESIAN_POINT('',(-2.273136379662,-1.488034782636,-0.816872561398));
#5944=CARTESIAN_POINT('',(-2.352336641905,-1.367047693165,-0.8228530734427));
#5945=CARTESIAN_POINT('',(-2.491376574,-1.112401900956,-0.834814097532));
#5946=CARTESIAN_POINT('',(-2.636552334354,-0.7021305672357,-0.852755633666));
#5947=CARTESIAN_POINT('',(-2.714649425609,-0.2739961419206,-0.8706971697999));
#5948=CARTESIAN_POINT('',(-2.723681192817,0.1611093068508,-0.8886387059339));
#5949=CARTESIAN_POINT('',(-2.663417779768,0.5921158325556,-0.9065802420679));
#5950=CARTESIAN_POINT('',(-2.535392411426,1.008057912636,-0.9245217782018));
#5951=CARTESIAN_POINT('',(-2.342862269607,1.398353252527,-0.9424633143358));
#5952=CARTESIAN_POINT('',(-2.090725655834,1.753072065207,-0.9604048504697));
#5953=CARTESIAN_POINT('',(-1.785397361701,2.063189689399,-0.9783463866037));
#5954=CARTESIAN_POINT('',(-1.434645467715,2.320816196,-0.9962879227377));
#5955=CARTESIAN_POINT('',(-1.047393709277,2.519397120624,-1.014229458872));
#5956=CARTESIAN_POINT('',(-0.6334944415624,2.653880220762,-1.032170995006));
#5957=CARTESIAN_POINT('',(-0.2034779785084,2.72084401352,-1.05011253114));
#5958=CARTESIAN_POINT('',(0.2317153165925,2.718584824077,-1.068054067274));
#5959=CARTESIAN_POINT('',(0.6610133728793,2.647160130124,-1.085995603407));
#5960=CARTESIAN_POINT('',(1.073494104572,2.508387099531,-1.103937139541));
#5961=CARTESIAN_POINT('',(1.458663287744,2.305796358448,-1.121878675675));
#5962=CARTESIAN_POINT('',(1.806721551546,2.044542166066,-1.139820211809));
#5963=CARTESIAN_POINT('',(2.108813691166,1.73127128134,-1.157761747943));
#5964=CARTESIAN_POINT('',(2.357253959573,1.373953857931,-1.175703284077));
#5965=CARTESIAN_POINT('',(2.545721606221,0.9816806697,-1.193644820211));
#5966=CARTESIAN_POINT('',(2.669421687894,0.5644318256848,-1.211586356345));
#5967=CARTESIAN_POINT('',(2.725207060356,0.1328228588444,-1.229527892479));
#5968=CARTESIAN_POINT('',(2.711658447152,-0.3021653514764,-1.247469428613));
#5969=CARTESIAN_POINT('',(2.629120548459,-0.7294659521279,-1.265410964747));
#5970=CARTESIAN_POINT('',(2.479693271314,-1.13820767606,-1.283352500881));
#5971=CARTESIAN_POINT('',(2.267178304347,-1.517991426176,-1.301294037015));
#5972=CARTESIAN_POINT('',(1.996982396234,-1.859154846368,-1.319235573149));
#5973=CARTESIAN_POINT('',(1.67597979866,-2.153018148583,-1.337177109283));
#5974=CARTESIAN_POINT('',(1.312337373446,-2.392104941657,-1.355118645417));
#5975=CARTESIAN_POINT('',(0.9153068134511,-2.570332443653,-1.373060181551));
#5976=CARTESIAN_POINT('',(0.4949892634849,-2.683166238361,-1.391001717685));
#5977=CARTESIAN_POINT('',(0.06207832969904,-2.727735638698,-1.408943253819));
#5978=CARTESIAN_POINT('',(-0.3724119842682,-2.70290672196,-1.426884789953));
#5979=CARTESIAN_POINT('',(-0.7974274926127,-2.609311178773,-1.444826326087));
#5980=CARTESIAN_POINT('',(-1.202155064988,-2.449330241794,-1.462767862221));
#5981=CARTESIAN_POINT('',(-1.576297731264,-2.227034103029,-1.480709398355));
#5982=CARTESIAN_POINT('',(-1.910336654271,-1.948078361102,-1.498650934489));
#5983=CARTESIAN_POINT('',(-2.195773305498,-1.619560133032,-1.516592470623));
#5984=CARTESIAN_POINT('',(-2.425345682372,-1.249837491293,-1.534534006757));
#5985=CARTESIAN_POINT('',(-2.593213066176,-0.8483168199792,-1.55247554289));
#5986=CARTESIAN_POINT('',(-2.695104620042,-0.4252135001051,-1.570417079024));
#5987=CARTESIAN_POINT('',(-2.72842804644,0.008707987368018,-1.588358615158));
#5988=CARTESIAN_POINT('',(-2.69233553971,0.4424079285667,-1.606300151292));
#5989=CARTESIAN_POINT('',(-2.587745355709,0.8648522461381,-1.624241687426));
#5990=CARTESIAN_POINT('',(-2.417318449791,1.265293225281,-1.64218322356));
#5991=CARTESIAN_POINT('',(-2.185390777497,1.633542954218,-1.660124759694));
#5992=CARTESIAN_POINT('',(-1.897862980337,1.960232522307,-1.678066295828));
#5993=CARTESIAN_POINT('',(-1.562050263258,2.23705038135,-1.696007831962));
#5994=CARTESIAN_POINT('',(-1.186496283161,2.45695380577,-1.713949368096));
#5995=CARTESIAN_POINT('',(-0.7807557834844,2.614348071738,-1.73189090423));
#5996=CARTESIAN_POINT('',(-0.3551515049819,2.705228796637,-1.749832440364));
#5997=CARTESIAN_POINT('',(0.07948844266786,2.727283817487,-1.767773976498));
#5998=CARTESIAN_POINT('',(0.5121060667208,2.679952016375,-1.785715512632));
#5999=CARTESIAN_POINT('',(0.9316948258461,2.564437596265,-1.803657048766));
#6000=CARTESIAN_POINT('',(1.327579655593,2.38367944399,-1.8215985849));
#6001=CARTESIAN_POINT('',(1.689688560513,2.142276359884,-1.839540121034));
#6002=CARTESIAN_POINT('',(2.008808863157,1.846370056339,-1.857481657168));
#6003=CARTESIAN_POINT('',(2.276821590547,1.503488902009,-1.875423193302));
#6004=CARTESIAN_POINT('',(2.486908034896,1.122356387077,-1.893364729436));
#6005=CARTESIAN_POINT('',(2.633723233346,0.7126691825636,-1.91130626557));
#6006=CARTESIAN_POINT('',(2.713531953073,0.2848504402283,-1.929247801704));
#6007=CARTESIAN_POINT('',(2.724303722075,-0.1502153904574,-1.947189337838));
#6008=CARTESIAN_POINT('',(2.665764487903,-0.5814594815475,-1.965130873972));
#6009=CARTESIAN_POINT('',(2.539403590018,-0.9979102367678,-1.983072410106));
#6010=CARTESIAN_POINT('',(2.348435868429,-1.38897242792,-2.001013946239));
#6011=CARTESIAN_POINT('',(2.097719872586,-1.744696755829,-2.018955482373));
#6012=CARTESIAN_POINT('',(1.793634251481,-2.056032977741,-2.036897018507));
#6013=CARTESIAN_POINT('',(1.443915469765,-2.315060161166,-2.054838554641));
#6014=CARTESIAN_POINT('',(1.057460978701,-2.515188206113,-2.072780090775));
#6015=CARTESIAN_POINT('',(0.6441028495965,-2.651325508644,-2.090721626909));
#6016=CARTESIAN_POINT('',(0.2143576288864,-2.720008500094,-2.108663163043));
#6017=CARTESIAN_POINT('',(-0.2208412210119,-2.719489766251,-2.126604699177));
#6018=CARTESIAN_POINT('',(-0.6504214879134,-2.649782504604,-2.144546235311));
#6019=CARTESIAN_POINT('',(-1.063453906112,-2.512660188569,-2.162487771445));
#6020=CARTESIAN_POINT('',(-1.44943021582,-2.311611447262,-2.180429307579));
#6021=CARTESIAN_POINT('',(-1.798530511494,-2.051751308729,-2.198370843713));
#6022=CARTESIAN_POINT('',(-2.101873077226,-1.739691064781,-2.216312379847));
#6023=CARTESIAN_POINT('',(-2.351740352978,-1.383370068282,-2.234253915981));
#6024=CARTESIAN_POINT('',(-2.54177528267,-0.9918537422693,-2.252195452115));
#6025=CARTESIAN_POINT('',(-2.667143048689,-0.5751029398934,-2.270136988249));
#6026=CARTESIAN_POINT('',(-2.724654078024,-0.1437205230724,-2.288078524383));
#6027=CARTESIAN_POINT('',(-2.712845190521,0.2913183926737,-2.306020060517));
#6028=CARTESIAN_POINT('',(-2.632016824724,0.7189456641614,-2.323961596651));
#6029=CARTESIAN_POINT('',(-2.484225394192,1.128281713269,-2.341903132785));
#6030=CARTESIAN_POINT('',(-2.273230968785,1.508912322238,-2.359844668919));
#6031=CARTESIAN_POINT('',(-2.004401611971,1.851153589406,-2.377786205053));
#6032=CARTESIAN_POINT('',(-1.684576808003,2.146298304426,-2.395727741187));
#6033=CARTESIAN_POINT('',(-1.321893453594,2.386837474775,-2.413669277321));
#6034=CARTESIAN_POINT('',(-0.92557884118,2.566651367522,-2.431610813455));
#6035=CARTESIAN_POINT('',(-0.5057159006265,2.681165205931,-2.449552349589));
#6036=CARTESIAN_POINT('',(-0.07298667203381,2.7274655597,-2.467493885723));
#6037=CARTESIAN_POINT('',(0.3615994638545,2.70437446767,-2.485435421857));
#6038=CARTESIAN_POINT('',(0.7869858833586,2.612479407199,-2.50337695799));
#6039=CARTESIAN_POINT('',(1.192350019511,2.45411834772,-2.521318494124));
#6040=CARTESIAN_POINT('',(1.567378706895,2.233320268752,-2.539260030258));
#6041=CARTESIAN_POINT('',(1.902530566431,1.955702655681,-2.557201566392));
#6042=CARTESIAN_POINT('',(2.189278754576,1.628328581215,-2.575143102526));
#6043=CARTESIAN_POINT('',(2.420327900991,1.259527008579,-2.59308463866));
#6044=CARTESIAN_POINT('',(2.58979971537,0.8586808882677,-2.611026174794));
#6045=CARTESIAN_POINT('',(2.693382541402,0.4359884395735,-2.628967710928));
#6046=CARTESIAN_POINT('',(2.728441052497,0.002203690102847,-2.646909247062));
#6047=CARTESIAN_POINT('',(2.694083300052,-0.4316371248235,-2.664850783196));
#6048=CARTESIAN_POINT('',(2.591183402483,-0.8544963448966,-2.68279231933));
#6049=CARTESIAN_POINT('',(2.422359319865,-1.255615695315,-2.700733855464));
#6050=CARTESIAN_POINT('',(2.191906197296,-1.624790020895,-2.718675391598));
#6051=CARTESIAN_POINT('',(1.905687280022,-1.952626829683,-2.736616927732));
#6052=CARTESIAN_POINT('',(1.570984029332,-2.230785602049,-2.754558463866));
#6053=CARTESIAN_POINT('',(1.321203696775,-2.378387660551,-2.766519487955));
#6054=CARTESIAN_POINT('',(1.191240004002,-2.441791098301,-2.7725));
#6055=CARTESIAN_POINT('',(1.191240004002,-2.441791098301,-2.7725));
#6056=VECTOR('',#8299,0.088);
#6057=CARTESIAN_POINT('',(-2.141255559087,1.672250323832,-5.1925));
#6058=CARTESIAN_POINT('',(1.191240004002,-2.441791098301,-2.7725));
#6059=CARTESIAN_POINT('',(1.060420352951,-2.505612119579,-2.778519900498));
#6060=CARTESIAN_POINT('',(0.7885029471097,-2.612181937717,-2.790559701493));
#6061=CARTESIAN_POINT('',(0.3603000628827,-2.704702492601,-2.808619402985));
#6062=CARTESIAN_POINT('',(-0.07718999967801,-2.727503116597,-2.826679104478));
#6063=CARTESIAN_POINT('',(-0.5126904142426,-2.679996296209,-2.84473880597));
#6064=CARTESIAN_POINT('',(-0.9349750610356,-2.563406566054,-2.862798507463));
#6065=CARTESIAN_POINT('',(-1.333158641944,-2.380739303179,-2.880858208955));
#6066=CARTESIAN_POINT('',(-1.696977076001,-2.136703160433,-2.898917910448));
#6067=CARTESIAN_POINT('',(-2.017052131919,-1.837588716223,-2.91697761194));
#6068=CARTESIAN_POINT('',(-2.285133158799,-1.491106313869,-2.935037313433));
#6069=CARTESIAN_POINT('',(-2.494309768903,-1.106187312123,-2.953097014925));
#6070=CARTESIAN_POINT('',(-2.639189967334,-0.6927538589259,-2.971156716418));
#6071=CARTESIAN_POINT('',(-2.716039143032,-0.2614631259929,-2.98921641791));
#6072=CARTESIAN_POINT('',(-2.722876336653,0.1765674036542,-3.007276119403));
#6073=CARTESIAN_POINT('',(-2.659525304243,0.6100465136608,-3.025335820896));
#6074=CARTESIAN_POINT('',(-2.527619060318,1.027800310691,-3.043395522388));
#6075=CARTESIAN_POINT('',(-2.330557783262,1.419060256513,-3.061455223881));
#6076=CARTESIAN_POINT('',(-2.073421168128,1.773740751152,-3.079514925373));
#6077=CARTESIAN_POINT('',(-1.762837486138,2.082699111778,-3.097574626866));
#6078=CARTESIAN_POINT('',(-1.406812726173,2.337971245806,-3.115634328358));
#6079=CARTESIAN_POINT('',(-1.014524222504,2.532976943182,-3.133694029851));
#6080=CARTESIAN_POINT('',(-0.5960840884859,2.662689496015,-3.151753731343));
#6081=CARTESIAN_POINT('',(-0.1622785542209,2.723765273216,-3.169813432836));
#6082=CARTESIAN_POINT('',(0.2757100726402,2.714629910058,-3.187873134328));
#6083=CARTESIAN_POINT('',(0.7065916558808,2.635518890954,-3.205932835821));
#6084=CARTESIAN_POINT('',(1.119259259226,2.488471479317,-3.223992537314));
#6085=CARTESIAN_POINT('',(1.503075452459,2.277278150985,-3.242052238806));
#6086=CARTESIAN_POINT('',(1.848146514971,2.007382886232,-3.260111940299));
#6087=CARTESIAN_POINT('',(2.145577468536,1.685742839003,-3.278171641791));
#6088=CARTESIAN_POINT('',(2.387701365257,1.320649000714,-3.296231343284));
#6089=CARTESIAN_POINT('',(2.568276920299,0.9215124814119,-3.314291044776));
#6090=CARTESIAN_POINT('',(2.682649394957,0.4986219173644,-3.332350746269));
#6091=CARTESIAN_POINT('',(2.727870582955,0.06287825845959,-3.350410447761));
#6092=CARTESIAN_POINT('',(2.702774807056,-0.3744862281552,-3.368470149254));
#6093=CARTESIAN_POINT('',(2.608008967,-0.802197494874,-3.386529850746));
#6094=CARTESIAN_POINT('',(2.446015864214,-1.209230327419,-3.404589552239));
#6095=CARTESIAN_POINT('',(2.220971233145,-1.58509254439,-3.422649253731));
#6096=CARTESIAN_POINT('',(1.938676102366,-1.920095456703,-3.440708955224));
#6097=CARTESIAN_POINT('',(1.606407260096,-2.205603615215,-3.458768656716));
#6098=CARTESIAN_POINT('',(1.23272967871,-2.434257408731,-3.476828358209));
#6099=CARTESIAN_POINT('',(0.8272757334263,-2.600162774447,-3.494888059702));
#6100=CARTESIAN_POINT('',(0.4004969062935,-2.69904313059,-3.512947761194));
#6101=CARTESIAN_POINT('',(-0.03660562412507,-2.728349614881,-3.531007462687));
#6102=CARTESIAN_POINT('',(-0.4727645627303,-2.687326787155,-3.549067164179));
#6103=CARTESIAN_POINT('',(-0.8967369376119,-2.577032102528,-3.567126865672));
#6104=CARTESIAN_POINT('',(-1.297593912789,-2.400308653117,-3.585186567164));
#6105=CARTESIAN_POINT('',(-1.665002503396,-2.161711880992,-3.603246268657));
#6106=CARTESIAN_POINT('',(-1.989491931469,-1.867392151466,-3.621305970149));
#6107=CARTESIAN_POINT('',(-2.26269775643,-1.524936213677,-3.639365671642));
#6108=CARTESIAN_POINT('',(-2.477577487242,-1.143171635165,-3.657425373134));
#6109=CARTESIAN_POINT('',(-2.628592118365,-0.7319392515829,-3.675485074627));
#6110=CARTESIAN_POINT('',(-2.711848910006,-0.3018394971473,-3.693544776119));
#6111=CARTESIAN_POINT('',(-2.725201732195,0.1360408452517,-3.711604477612));
#6112=CARTESIAN_POINT('',(-2.668306386084,0.5704144306719,-3.729664179105));
#6113=CARTESIAN_POINT('',(-2.542629476439,0.9900843086735,-3.747723880597));
#6114=CARTESIAN_POINT('',(-2.351410606623,1.384232549753,-3.76578358209));
#6115=CARTESIAN_POINT('',(-2.09957887058,1.742699101667,-3.783843283582));
#6116=CARTESIAN_POINT('',(-1.79362579441,2.056243687496,-3.801902985075));
#6117=CARTESIAN_POINT('',(-1.441438002774,2.31678399444,-3.819962686567));
#6118=CARTESIAN_POINT('',(-1.052093923508,2.517604013513,-3.83802238806));
#6119=CARTESIAN_POINT('',(-0.6356297708417,2.65352715968,-3.856082089552));
#6120=CARTESIAN_POINT('',(-0.2027808395399,2.721049709919,-3.874141791045));
#6121=CARTESIAN_POINT('',(0.2352952213265,2.718431119517,-3.892201492537));
#6122=CARTESIAN_POINT('',(0.6673060217344,2.645738888495,-3.91026119403));
#6123=CARTESIAN_POINT('',(1.082115517311,2.50484682165,-3.928320895522));
#6124=CARTESIAN_POINT('',(1.469031065777,2.299386727047,-3.946380597015));
#6125=CARTESIAN_POINT('',(1.818079053715,2.034654798038,-3.964440298507));
#6126=CARTESIAN_POINT('',(2.12026198875,1.717475092046,-3.9825));
#6127=CARTESIAN_POINT('',(2.36779043004,1.356023625217,-4.000559701493));
#6128=CARTESIAN_POINT('',(2.554283778528,0.9596176173285,-4.018619402985));
#6129=CARTESIAN_POINT('',(2.674934751149,0.5384753196125,-4.036679104478));
#6130=CARTESIAN_POINT('',(2.726633299305,0.1034526164825,-4.05473880597));
#6131=CARTESIAN_POINT('',(2.708046777317,-0.3342368091613,-4.072798507463));
#6132=CARTESIAN_POINT('',(2.61965429435,-0.7633105336829,-4.090858208955));
#6133=CARTESIAN_POINT('',(2.4637343643,-1.172708222408,-4.108917910448));
#6134=CARTESIAN_POINT('',(2.244306172008,-1.551876734481,-4.12697761194));
#6135=CARTESIAN_POINT('',(1.96702596978,-1.891042153668,-4.145037313433));
#6136=CARTESIAN_POINT('',(1.639041274837,-2.181461732903,-4.163097014925));
#6137=CARTESIAN_POINT('',(1.268806626077,-2.415649258142,-4.181156716418));
#6138=CARTESIAN_POINT('',(0.8658656494305,-2.58756802227,-4.19921641791));
#6139=CARTESIAN_POINT('',(0.440605049562,-2.692786434725,-4.217276119403));
#6140=CARTESIAN_POINT('',(0.003986869331628,-2.728592255653,-4.235335820895));
#6141=CARTESIAN_POINT('',(-0.4327340813706,-2.694062509957,-4.253395522388));
#6142=CARTESIAN_POINT('',(-0.8583003435158,-2.590087279043,-4.271455223881));
#6143=CARTESIAN_POINT('',(-1.261741995115,-2.419346756978,-4.289514925373));
#6144=CARTESIAN_POINT('',(-1.632659425488,-2.186242162502,-4.307574626866));
#6145=CARTESIAN_POINT('',(-1.961491408481,-1.896782287769,-4.325634328358));
#6146=CARTESIAN_POINT('',(-2.239761564452,-1.558428608291,-4.343694029851));
#6147=CARTESIAN_POINT('',(-2.460296857909,-1.17990294673,-4.361753731343));
#6148=CARTESIAN_POINT('',(-2.617412498536,-0.7709626484101,-4.379813432836));
#6149=CARTESIAN_POINT('',(-2.707058479382,-0.3421490639257,-4.397873134328));
#6150=CARTESIAN_POINT('',(-2.726923974837,0.09548417773951,-4.415932835821));
#6151=CARTESIAN_POINT('',(-2.676496907336,0.5306561012173,-4.433992537313));
#6152=CARTESIAN_POINT('',(-2.557077147301,0.9521491771192,-4.452052238806));
#6153=CARTESIAN_POINT('',(-2.371743006074,1.34909847894,-4.470111940298));
#6154=CARTESIAN_POINT('',(-2.125271885559,1.71127175083,-4.488171641791));
#6155=CARTESIAN_POINT('',(-1.824017130006,2.029333166876,-4.506231343284));
#6156=CARTESIAN_POINT('',(-1.475744254356,2.29508398288,-4.524291044776));
#6157=CARTESIAN_POINT('',(-1.089430770731,2.501673877331,-4.542350746269));
#6158=CARTESIAN_POINT('',(-0.6750347729822,2.643777533758,-4.560410447761));
#6159=CARTESIAN_POINT('',(-0.2432382445566,2.717731912666,-4.578470149254));
#6160=CARTESIAN_POINT('',(0.1948282935122,2.721630674574,-4.596529850746));
#6161=CARTESIAN_POINT('',(0.6278726966724,2.655373320177,-4.614589552239));
#6162=CARTESIAN_POINT('',(1.044732277129,2.520667780939,-4.632649253731));
#6163=CARTESIAN_POINT('',(1.434661547082,2.320986393338,-4.650708955224));
#6164=CARTESIAN_POINT('',(1.787609207702,2.061476391637,-4.668768656716));
#6165=CARTESIAN_POINT('',(2.094477243832,1.748827226403,-4.686828358209));
#6166=CARTESIAN_POINT('',(2.347355445673,1.391098128965,-4.704888059701));
#6167=CARTESIAN_POINT('',(2.539725312126,0.9975103667047,-4.722947761194));
#6168=CARTESIAN_POINT('',(2.666628079738,0.5782095442724,-4.741007462686));
#6169=CARTESIAN_POINT('',(2.724792545915,0.1440040779383,-4.759067164179));
#6170=CARTESIAN_POINT('',(2.712719391482,-0.2939134155032,-4.777126865672));
#6171=CARTESIAN_POINT('',(2.630719828992,-0.7242546334587,-4.795186567164));
#6172=CARTESIAN_POINT('',(2.480907580521,-1.135926568776,-4.813246268657));
#6173=CARTESIAN_POINT('',(2.267144391759,-1.518317456809,-4.831305970149));
#6174=CARTESIAN_POINT('',(1.99494048688,-1.861570317378,-4.849365671642));
#6175=CARTESIAN_POINT('',(1.67131253019,-2.156837040475,-4.867425373134));
#6176=CARTESIAN_POINT('',(1.304602755917,-2.396506466086,-4.885485074627));
#6177=CARTESIAN_POINT('',(0.9042639284692,-2.574400578855,-4.903544776119));
#6178=CARTESIAN_POINT('',(0.4806156762971,-2.685933760247,-4.921604477612));
#6179=CARTESIAN_POINT('',(0.04457848039374,-2.72823099312,-4.939664179104));
#6180=CARTESIAN_POINT('',(-0.3926078255209,-2.700201971719,-4.957723880597));
#6181=CARTESIAN_POINT('',(-0.819673786847,-2.602569206744,-4.975783582089));
#6182=CARTESIAN_POINT('',(-1.225610823495,-2.437849401022,-4.993843283582));
#6183=CARTESIAN_POINT('',(-1.599955000658,-2.210288575869,-5.011902985075));
#6184=CARTESIAN_POINT('',(-1.933056760113,-1.925752620376,-5.029962686567));
#6185=CARTESIAN_POINT('',(-2.216329659213,-1.591576085068,-5.04802238806));
#6186=CARTESIAN_POINT('',(-2.442471705459,-1.216373117227,-5.066082089552));
#6187=CARTESIAN_POINT('',(-2.60565358238,-0.8098154128718,-5.084141791045));
#6188=CARTESIAN_POINT('',(-2.7016689106,-0.382382903838,-5.102201492537));
#6189=CARTESIAN_POINT('',(-2.728042686378,0.05490637346737,-5.12026119403));
#6190=CARTESIAN_POINT('',(-2.684095044138,0.4907803389797,-5.138320895522));
#6191=CARTESIAN_POINT('',(-2.570958916722,0.9140032589259,-5.156380597015));
#6192=CARTESIAN_POINT('',(-2.391550326942,1.313666018074,-5.174440298507));
#6193=CARTESIAN_POINT('',(-2.230846844756,1.557531949585,-5.186480099502));
#6194=CARTESIAN_POINT('',(-2.141255559087,1.672250323832,-5.1925));
#6195=CARTESIAN_POINT('',(-2.141255559087,1.672250323832,-5.2805));
#6196=CARTESIAN_POINT('',(-2.141255559087,1.672250323832,-5.1925));
#6197=VECTOR('',#8300,0.088);
#6198=CARTESIAN_POINT('',(1.191240004002,-2.441791098301,-2.8605));
#6199=CARTESIAN_POINT('',(1.060420352951,-2.505612119579,-2.866519900498));
#6200=CARTESIAN_POINT('',(0.7885029471097,-2.612181937717,-2.878559701493));
#6201=CARTESIAN_POINT('',(0.3603000628827,-2.704702492601,-2.896619402985));
#6202=CARTESIAN_POINT('',(-0.07718999967801,-2.727503116597,-2.914679104478));
#6203=CARTESIAN_POINT('',(-0.5126904142426,-2.679996296209,-2.93273880597));
#6204=CARTESIAN_POINT('',(-0.9349750610356,-2.563406566054,-2.950798507463));
#6205=CARTESIAN_POINT('',(-1.333158641944,-2.380739303179,-2.968858208955));
#6206=CARTESIAN_POINT('',(-1.696977076001,-2.136703160433,-2.986917910448));
#6207=CARTESIAN_POINT('',(-2.017052131919,-1.837588716223,-3.00497761194));
#6208=CARTESIAN_POINT('',(-2.285133158799,-1.491106313869,-3.023037313433));
#6209=CARTESIAN_POINT('',(-2.494309768903,-1.106187312123,-3.041097014925));
#6210=CARTESIAN_POINT('',(-2.639189967334,-0.6927538589259,-3.059156716418));
#6211=CARTESIAN_POINT('',(-2.716039143032,-0.2614631259929,-3.07721641791));
#6212=CARTESIAN_POINT('',(-2.722876336653,0.1765674036542,-3.095276119403));
#6213=CARTESIAN_POINT('',(-2.659525304243,0.6100465136608,-3.113335820896));
#6214=CARTESIAN_POINT('',(-2.527619060318,1.027800310691,-3.131395522388));
#6215=CARTESIAN_POINT('',(-2.330557783262,1.419060256513,-3.149455223881));
#6216=CARTESIAN_POINT('',(-2.073421168128,1.773740751152,-3.167514925373));
#6217=CARTESIAN_POINT('',(-1.762837486138,2.082699111778,-3.185574626866));
#6218=CARTESIAN_POINT('',(-1.406812726173,2.337971245806,-3.203634328358));
#6219=CARTESIAN_POINT('',(-1.014524222504,2.532976943182,-3.221694029851));
#6220=CARTESIAN_POINT('',(-0.5960840884859,2.662689496015,-3.239753731343));
#6221=CARTESIAN_POINT('',(-0.1622785542209,2.723765273216,-3.257813432836));
#6222=CARTESIAN_POINT('',(0.2757100726402,2.714629910058,-3.275873134328));
#6223=CARTESIAN_POINT('',(0.7065916558808,2.635518890954,-3.293932835821));
#6224=CARTESIAN_POINT('',(1.119259259226,2.488471479317,-3.311992537314));
#6225=CARTESIAN_POINT('',(1.503075452459,2.277278150985,-3.330052238806));
#6226=CARTESIAN_POINT('',(1.848146514971,2.007382886232,-3.348111940299));
#6227=CARTESIAN_POINT('',(2.145577468536,1.685742839003,-3.366171641791));
#6228=CARTESIAN_POINT('',(2.387701365257,1.320649000714,-3.384231343284));
#6229=CARTESIAN_POINT('',(2.568276920299,0.9215124814119,-3.402291044776));
#6230=CARTESIAN_POINT('',(2.682649394957,0.4986219173644,-3.420350746269));
#6231=CARTESIAN_POINT('',(2.727870582955,0.06287825845959,-3.438410447761));
#6232=CARTESIAN_POINT('',(2.702774807056,-0.3744862281552,-3.456470149254));
#6233=CARTESIAN_POINT('',(2.608008967,-0.802197494874,-3.474529850746));
#6234=CARTESIAN_POINT('',(2.446015864214,-1.209230327419,-3.492589552239));
#6235=CARTESIAN_POINT('',(2.220971233145,-1.58509254439,-3.510649253731));
#6236=CARTESIAN_POINT('',(1.938676102366,-1.920095456703,-3.528708955224));
#6237=CARTESIAN_POINT('',(1.606407260096,-2.205603615215,-3.546768656716));
#6238=CARTESIAN_POINT('',(1.23272967871,-2.434257408731,-3.564828358209));
#6239=CARTESIAN_POINT('',(0.8272757334263,-2.600162774447,-3.582888059702));
#6240=CARTESIAN_POINT('',(0.4004969062935,-2.69904313059,-3.600947761194));
#6241=CARTESIAN_POINT('',(-0.03660562412507,-2.728349614881,-3.619007462687));
#6242=CARTESIAN_POINT('',(-0.4727645627303,-2.687326787155,-3.637067164179));
#6243=CARTESIAN_POINT('',(-0.8967369376119,-2.577032102528,-3.655126865672));
#6244=CARTESIAN_POINT('',(-1.297593912789,-2.400308653117,-3.673186567164));
#6245=CARTESIAN_POINT('',(-1.665002503396,-2.161711880992,-3.691246268657));
#6246=CARTESIAN_POINT('',(-1.989491931469,-1.867392151466,-3.709305970149));
#6247=CARTESIAN_POINT('',(-2.26269775643,-1.524936213677,-3.727365671642));
#6248=CARTESIAN_POINT('',(-2.477577487242,-1.143171635165,-3.745425373134));
#6249=CARTESIAN_POINT('',(-2.628592118365,-0.7319392515829,-3.763485074627));
#6250=CARTESIAN_POINT('',(-2.711848910006,-0.3018394971473,-3.781544776119));
#6251=CARTESIAN_POINT('',(-2.725201732195,0.1360408452517,-3.799604477612));
#6252=CARTESIAN_POINT('',(-2.668306386084,0.5704144306719,-3.817664179105));
#6253=CARTESIAN_POINT('',(-2.542629476439,0.9900843086735,-3.835723880597));
#6254=CARTESIAN_POINT('',(-2.351410606623,1.384232549753,-3.85378358209));
#6255=CARTESIAN_POINT('',(-2.09957887058,1.742699101667,-3.871843283582));
#6256=CARTESIAN_POINT('',(-1.79362579441,2.056243687496,-3.889902985075));
#6257=CARTESIAN_POINT('',(-1.441438002774,2.31678399444,-3.907962686567));
#6258=CARTESIAN_POINT('',(-1.052093923508,2.517604013513,-3.92602238806));
#6259=CARTESIAN_POINT('',(-0.6356297708417,2.65352715968,-3.944082089552));
#6260=CARTESIAN_POINT('',(-0.2027808395399,2.721049709919,-3.962141791045));
#6261=CARTESIAN_POINT('',(0.2352952213265,2.718431119517,-3.980201492537));
#6262=CARTESIAN_POINT('',(0.6673060217344,2.645738888495,-3.99826119403));
#6263=CARTESIAN_POINT('',(1.082115517311,2.50484682165,-4.016320895522));
#6264=CARTESIAN_POINT('',(1.469031065777,2.299386727047,-4.034380597015));
#6265=CARTESIAN_POINT('',(1.818079053715,2.034654798038,-4.052440298507));
#6266=CARTESIAN_POINT('',(2.12026198875,1.717475092046,-4.0705));
#6267=CARTESIAN_POINT('',(2.36779043004,1.356023625217,-4.088559701493));
#6268=CARTESIAN_POINT('',(2.554283778528,0.9596176173285,-4.106619402985));
#6269=CARTESIAN_POINT('',(2.674934751149,0.5384753196125,-4.124679104478));
#6270=CARTESIAN_POINT('',(2.726633299305,0.1034526164825,-4.14273880597));
#6271=CARTESIAN_POINT('',(2.708046777317,-0.3342368091613,-4.160798507463));
#6272=CARTESIAN_POINT('',(2.61965429435,-0.7633105336829,-4.178858208955));
#6273=CARTESIAN_POINT('',(2.4637343643,-1.172708222408,-4.196917910448));
#6274=CARTESIAN_POINT('',(2.244306172008,-1.551876734481,-4.21497761194));
#6275=CARTESIAN_POINT('',(1.96702596978,-1.891042153668,-4.233037313433));
#6276=CARTESIAN_POINT('',(1.639041274837,-2.181461732903,-4.251097014925));
#6277=CARTESIAN_POINT('',(1.268806626077,-2.415649258142,-4.269156716418));
#6278=CARTESIAN_POINT('',(0.8658656494305,-2.58756802227,-4.28721641791));
#6279=CARTESIAN_POINT('',(0.440605049562,-2.692786434725,-4.305276119403));
#6280=CARTESIAN_POINT('',(0.003986869331629,-2.728592255653,-4.323335820895));
#6281=CARTESIAN_POINT('',(-0.4327340813706,-2.694062509957,-4.341395522388));
#6282=CARTESIAN_POINT('',(-0.8583003435158,-2.590087279043,-4.359455223881));
#6283=CARTESIAN_POINT('',(-1.261741995115,-2.419346756978,-4.377514925373));
#6284=CARTESIAN_POINT('',(-1.632659425488,-2.186242162502,-4.395574626866));
#6285=CARTESIAN_POINT('',(-1.961491408481,-1.896782287769,-4.413634328358));
#6286=CARTESIAN_POINT('',(-2.239761564452,-1.558428608291,-4.431694029851));
#6287=CARTESIAN_POINT('',(-2.460296857909,-1.17990294673,-4.449753731343));
#6288=CARTESIAN_POINT('',(-2.617412498536,-0.7709626484101,-4.467813432836));
#6289=CARTESIAN_POINT('',(-2.707058479382,-0.3421490639257,-4.485873134328));
#6290=CARTESIAN_POINT('',(-2.726923974837,0.09548417773951,-4.503932835821));
#6291=CARTESIAN_POINT('',(-2.676496907336,0.5306561012173,-4.521992537313));
#6292=CARTESIAN_POINT('',(-2.557077147301,0.9521491771192,-4.540052238806));
#6293=CARTESIAN_POINT('',(-2.371743006074,1.34909847894,-4.558111940298));
#6294=CARTESIAN_POINT('',(-2.125271885559,1.71127175083,-4.576171641791));
#6295=CARTESIAN_POINT('',(-1.824017130006,2.029333166876,-4.594231343284));
#6296=CARTESIAN_POINT('',(-1.475744254356,2.29508398288,-4.612291044776));
#6297=CARTESIAN_POINT('',(-1.089430770731,2.501673877331,-4.630350746269));
#6298=CARTESIAN_POINT('',(-0.6750347729822,2.643777533758,-4.648410447761));
#6299=CARTESIAN_POINT('',(-0.2432382445566,2.717731912666,-4.666470149254));
#6300=CARTESIAN_POINT('',(0.1948282935122,2.721630674574,-4.684529850746));
#6301=CARTESIAN_POINT('',(0.6278726966724,2.655373320177,-4.702589552239));
#6302=CARTESIAN_POINT('',(1.044732277129,2.520667780939,-4.720649253731));
#6303=CARTESIAN_POINT('',(1.434661547082,2.320986393338,-4.738708955224));
#6304=CARTESIAN_POINT('',(1.787609207702,2.061476391637,-4.756768656716));
#6305=CARTESIAN_POINT('',(2.094477243832,1.748827226403,-4.774828358209));
#6306=CARTESIAN_POINT('',(2.347355445673,1.391098128965,-4.792888059701));
#6307=CARTESIAN_POINT('',(2.539725312126,0.9975103667047,-4.810947761194));
#6308=CARTESIAN_POINT('',(2.666628079738,0.5782095442724,-4.829007462686));
#6309=CARTESIAN_POINT('',(2.724792545915,0.1440040779383,-4.847067164179));
#6310=CARTESIAN_POINT('',(2.712719391482,-0.2939134155032,-4.865126865672));
#6311=CARTESIAN_POINT('',(2.630719828992,-0.7242546334587,-4.883186567164));
#6312=CARTESIAN_POINT('',(2.480907580521,-1.135926568776,-4.901246268657));
#6313=CARTESIAN_POINT('',(2.267144391759,-1.518317456809,-4.919305970149));
#6314=CARTESIAN_POINT('',(1.99494048688,-1.861570317378,-4.937365671642));
#6315=CARTESIAN_POINT('',(1.67131253019,-2.156837040475,-4.955425373134));
#6316=CARTESIAN_POINT('',(1.304602755917,-2.396506466086,-4.973485074627));
#6317=CARTESIAN_POINT('',(0.9042639284692,-2.574400578855,-4.991544776119));
#6318=CARTESIAN_POINT('',(0.4806156762971,-2.685933760247,-5.009604477612));
#6319=CARTESIAN_POINT('',(0.04457848039374,-2.72823099312,-5.027664179104));
#6320=CARTESIAN_POINT('',(-0.3926078255209,-2.700201971719,-5.045723880597));
#6321=CARTESIAN_POINT('',(-0.819673786847,-2.602569206744,-5.063783582089));
#6322=CARTESIAN_POINT('',(-1.225610823495,-2.437849401022,-5.081843283582));
#6323=CARTESIAN_POINT('',(-1.599955000658,-2.210288575869,-5.099902985075));
#6324=CARTESIAN_POINT('',(-1.933056760113,-1.925752620376,-5.117962686567));
#6325=CARTESIAN_POINT('',(-2.216329659213,-1.591576085068,-5.13602238806));
#6326=CARTESIAN_POINT('',(-2.442471705459,-1.216373117227,-5.154082089552));
#6327=CARTESIAN_POINT('',(-2.60565358238,-0.8098154128718,-5.172141791045));
#6328=CARTESIAN_POINT('',(-2.7016689106,-0.382382903838,-5.190201492537));
#6329=CARTESIAN_POINT('',(-2.728042686378,0.05490637346737,-5.20826119403));
#6330=CARTESIAN_POINT('',(-2.684095044138,0.4907803389797,-5.226320895522));
#6331=CARTESIAN_POINT('',(-2.570958916722,0.9140032589259,-5.244380597015));
#6332=CARTESIAN_POINT('',(-2.391550326942,1.313666018074,-5.262440298507));
#6333=CARTESIAN_POINT('',(-2.230846844756,1.557531949585,-5.274480099502));
#6334=CARTESIAN_POINT('',(-2.141255559087,1.672250323832,-5.2805));
#6335=CARTESIAN_POINT('',(0.0,-3.175,-4.588));
#6336=CARTESIAN_POINT('',(-0.1572577298943,-3.175,-4.593565357987));
#6337=CARTESIAN_POINT('',(-0.4718529624158,-3.151693754781,-4.604698104043));
#6338=CARTESIAN_POINT('',(-0.9357828638403,-3.046218798216,-4.621489550913));
#6339=CARTESIAN_POINT('',(-1.374624200288,-2.874932239704,-4.63811461297));
#6340=CARTESIAN_POINT('',(-1.785747108061,-2.639326749074,-4.654838953466));
#6341=CARTESIAN_POINT('',(-2.15615365567,-2.34664580778,-4.671499137535));
#6342=CARTESIAN_POINT('',(-2.483593189627,-1.997228987655,-4.688398904843));
#6343=CARTESIAN_POINT('',(-2.753571705902,-1.604088613428,-4.705229248305));
#6344=CARTESIAN_POINT('',(-2.959730691493,-1.180662224221,-4.721850939226));
#6345=CARTESIAN_POINT('',(-3.101876988789,-0.7310042398607,-4.738494477784));
#6346=CARTESIAN_POINT('',(-3.176809373246,-0.2566030860149,-4.755444061244));
#6347=CARTESIAN_POINT('',(-3.179175637598,0.2253139951345,-4.772449475809));
#6348=CARTESIAN_POINT('',(-3.109039464001,0.6990512247593,-4.789351304209));
#6349=CARTESIAN_POINT('',(-2.972825500343,1.147755049308,-4.805900168936));
#6350=CARTESIAN_POINT('',(-2.767143715689,1.581534674167,-4.822843194929));
#6351=CARTESIAN_POINT('',(-2.496159250004,1.981878144411,-4.839901461717));
#6352=CARTESIAN_POINT('',(-2.167921979238,2.335992701457,-4.856940923151));
#6353=CARTESIAN_POINT('',(-1.797969675112,2.630873215725,-4.873637390148));
#6354=CARTESIAN_POINT('',(-1.389708992404,2.867896347763,-4.890298399856));
#6355=CARTESIAN_POINT('',(-0.9426300374211,3.044607245952,-4.907263371949));
#6356=CARTESIAN_POINT('',(-0.4732934342994,3.151639482696,-4.924250916092));
#6357=CARTESIAN_POINT('',(-0.1573290786459,3.175,-4.935432116978));
#6358=CARTESIAN_POINT('',(0.0,3.175,-4.941));
#6359=CARTESIAN_POINT('',(0.0,-3.175,-3.882000000001));
#6360=CARTESIAN_POINT('',(-0.1576472648447,-3.175,-3.887579143646));
#6361=CARTESIAN_POINT('',(-0.474614693131,-3.151565275976,-3.898795434981));
#6362=CARTESIAN_POINT('',(-0.9466481069574,-3.043492162097,-3.915883903628));
#6363=CARTESIAN_POINT('',(-1.396609240428,-2.864892514311,-3.932966345386));
#6364=CARTESIAN_POINT('',(-1.809620062239,-2.622993108689,-3.949858643337));
#6365=CARTESIAN_POINT('',(-2.175633662533,-2.32850291186,-3.966437721378));
#6366=CARTESIAN_POINT('',(-2.501228510951,-1.975376674917,-3.983389277196));
#6367=CARTESIAN_POINT('',(-2.770558603213,-1.575367134708,-4.000405590864));
#6368=CARTESIAN_POINT('',(-2.975182250647,-1.141953541226,-4.01732025768));
#6369=CARTESIAN_POINT('',(-3.110921384098,-0.6902324475307,-4.03396679664));
#6370=CARTESIAN_POINT('',(-3.179003071448,-0.2228529097408,-4.050636364974));
#6371=CARTESIAN_POINT('',(-3.176825143888,0.2551257309064,-4.067504178966));
#6372=CARTESIAN_POINT('',(-3.102504528278,0.7280183912515,-4.084398277652));
#6373=CARTESIAN_POINT('',(-2.960941548798,1.178163611577,-4.101051098902));
#6374=CARTESIAN_POINT('',(-2.75263787201,1.605683279525,-4.117836090804));
#6375=CARTESIAN_POINT('',(-2.485445644314,1.994501607275,-4.134484920341));
#6376=CARTESIAN_POINT('',(-2.160050733822,2.343052758235,-4.15131418394));
#6377=CARTESIAN_POINT('',(-1.789950489761,2.636494159636,-4.16798262547));
#6378=CARTESIAN_POINT('',(-1.377481804308,2.873887041988,-4.184778247427));
#6379=CARTESIAN_POINT('',(-0.9326220822889,3.047260545915,-4.201628025666));
#6380=CARTESIAN_POINT('',(-0.4721307270542,3.151487437712,-4.218290673327));
#6381=CARTESIAN_POINT('',(-0.1572942322391,3.175,-4.229433350194));
#6382=CARTESIAN_POINT('',(0.0,3.175,-4.235));
#6383=CARTESIAN_POINT('',(0.0,-3.175,-3.176));
#6384=CARTESIAN_POINT('',(-0.157281204527,-3.175,-3.181566188755));
#6385=CARTESIAN_POINT('',(-0.4718564229403,-3.151568468817,-3.192699110565));
#6386=CARTESIAN_POINT('',(-0.9329124153511,-3.047080133116,-3.209383757015));
#6387=CARTESIAN_POINT('',(-1.374377621345,-2.875206753775,-3.226102774705));
#6388=CARTESIAN_POINT('',(-1.786291351863,-2.638951403924,-3.242862155843));
#6389=CARTESIAN_POINT('',(-2.156453698247,-2.346363644433,-3.259513470231));
#6390=CARTESIAN_POINT('',(-2.483052667858,-1.997625939396,-3.276376252632));
#6391=CARTESIAN_POINT('',(-2.751176518748,-1.60807388734,-3.293065190277));
#6392=CARTESIAN_POINT('',(-2.958800997848,-1.183255545695,-3.30975404619));
#6393=CARTESIAN_POINT('',(-3.101183045281,-0.733689825791,-3.326396577229));
#6394=CARTESIAN_POINT('',(-3.176429185046,-0.2606031455234,-3.343302236114));
#6395=CARTESIAN_POINT('',(-3.179379512848,0.2192792302577,-3.360236924598));
#6396=CARTESIAN_POINT('',(-3.111307644566,0.6883949983517,-3.376967035333));
#6397=CARTESIAN_POINT('',(-2.976440320077,1.138518112509,-3.39355065327));
#6398=CARTESIAN_POINT('',(-2.772151549853,1.572672675005,-3.410484258547));
#6399=CARTESIAN_POINT('',(-2.502495083831,1.973932429745,-3.427543094472));
#6400=CARTESIAN_POINT('',(-2.175065946479,2.329255552601,-3.44459495472));
#6401=CARTESIAN_POINT('',(-1.807020435944,2.624796953538,-3.461252901766));
#6402=CARTESIAN_POINT('',(-1.394892857206,2.865658083646,-3.478099763486));
#6403=CARTESIAN_POINT('',(-0.9452943723602,3.043892077481,-3.495165944382));
#6404=CARTESIAN_POINT('',(-0.4739411182239,3.151625786526,-3.512228312794));
#6405=CARTESIAN_POINT('',(-0.1574187521806,3.175,-3.523428943428));
#6406=CARTESIAN_POINT('',(0.0,3.175,-3.529));
#6407=CARTESIAN_POINT('',(-2.502320681763,1.954230335867,-5.545));
#6408=CARTESIAN_POINT('',(-2.141255559087,1.672250323832,-5.2805));
#6409=VECTOR('',#8301,0.529);
#6410=CARTESIAN_POINT('',(0.0,-3.175,-5.294));
#6411=CARTESIAN_POINT('',(-0.1564549355475,-3.175,-5.299536947059));
#6412=CARTESIAN_POINT('',(-0.4711367414573,-3.151913655337,-5.310672392894));
#6413=CARTESIAN_POINT('',(-0.9401452901754,-3.045351512089,-5.327645469057));
#6414=CARTESIAN_POINT('',(-1.388030529279,-2.868903445346,-5.344632695854));
#6415=CARTESIAN_POINT('',(-1.799905060178,-2.629614165244,-5.361443843578));
#6416=CARTESIAN_POINT('',(-2.165844347788,-2.337297052165,-5.37797390378));
#6417=CARTESIAN_POINT('',(-2.48822168306,-1.991202660346,-5.39466694949));
#6418=CARTESIAN_POINT('',(-2.758207449088,-1.596598118468,-5.411539842971));
#6419=CARTESIAN_POINT('',(-2.965084710576,-1.167550937221,-5.428350120752));
#6420=CARTESIAN_POINT('',(-3.104443921553,-0.7187630999053,-5.444934967599));
#6421=CARTESIAN_POINT('',(-3.176578853535,-0.2527097732259,-5.461580272664));
#6422=CARTESIAN_POINT('',(-3.179249777006,0.2189553447167,-5.478225893067));
#6423=CARTESIAN_POINT('',(-3.111124702539,0.6898151437223,-5.495017553602));
#6424=CARTESIAN_POINT('',(-2.97586569468,1.139653501187,-5.51159492127));
#6425=CARTESIAN_POINT('',(-2.773756253439,1.568999045233,-5.528343384276));
#6426=CARTESIAN_POINT('',(-2.598877640436,1.830592671349,-5.539448214733));
#6427=CARTESIAN_POINT('',(-2.502320681763,1.954230335867,-5.545));
#6428=CARTESIAN_POINT('',(0.0,3.175,-2.912));
#6429=CARTESIAN_POINT('',(-0.1574187521763,3.175,-2.906428943428));
#6430=CARTESIAN_POINT('',(-0.4739411182138,3.151625786527,-2.895228312795));
#6431=CARTESIAN_POINT('',(-0.9452943723523,3.043892077484,-2.878165944382));
#6432=CARTESIAN_POINT('',(-1.394892857203,2.865658083647,-2.861099763486));
#6433=CARTESIAN_POINT('',(-1.807020435945,2.624796953537,-2.844252901766));
#6434=CARTESIAN_POINT('',(-2.175065946479,2.329255552601,-2.82759495472));
#6435=CARTESIAN_POINT('',(-2.502495083831,1.973932429745,-2.810543094472));
#6436=CARTESIAN_POINT('',(-2.772151549854,1.572672675005,-2.793484258547));
#6437=CARTESIAN_POINT('',(-2.976440320077,1.138518112509,-2.77655065327));
#6438=CARTESIAN_POINT('',(-3.111307644566,0.6883949983514,-2.759967035333));
#6439=CARTESIAN_POINT('',(-3.179379512848,0.2192792302574,-2.743236924598));
#6440=CARTESIAN_POINT('',(-3.176429185046,-0.2606031455237,-2.726302236114));
#6441=CARTESIAN_POINT('',(-3.101183045281,-0.7336898257913,-2.709396577229));
#6442=CARTESIAN_POINT('',(-2.958800997848,-1.183255545695,-2.69275404619));
#6443=CARTESIAN_POINT('',(-2.751176518748,-1.60807388734,-2.676065190277));
#6444=CARTESIAN_POINT('',(-2.483052667858,-1.997625939396,-2.659376252632));
#6445=CARTESIAN_POINT('',(-2.156453698247,-2.346363644433,-2.642513470231));
#6446=CARTESIAN_POINT('',(-1.786291351863,-2.638951403924,-2.625862155843));
#6447=CARTESIAN_POINT('',(-1.374377621345,-2.875206753775,-2.609102774705));
#6448=CARTESIAN_POINT('',(-0.932912415351,-3.047080133116,-2.592383757015));
#6449=CARTESIAN_POINT('',(-0.4718564229403,-3.151568468817,-2.575699110565));
#6450=CARTESIAN_POINT('',(-0.157281204527,-3.175,-2.564566188755));
#6451=CARTESIAN_POINT('',(0.0,-3.175,-2.559));
#6452=CARTESIAN_POINT('',(0.0,3.175,-4.324));
#6453=CARTESIAN_POINT('',(-0.1573290786459,3.175,-4.318432116978));
#6454=CARTESIAN_POINT('',(-0.4732934342993,3.151639482696,-4.307250916092));
#6455=CARTESIAN_POINT('',(-0.9426300374211,3.044607245952,-4.290263371949));
#6456=CARTESIAN_POINT('',(-1.389708992404,2.867896347763,-4.273298399856));
#6457=CARTESIAN_POINT('',(-1.797969675112,2.630873215725,-4.256637390148));
#6458=CARTESIAN_POINT('',(-2.167921979238,2.335992701457,-4.239940923151));
#6459=CARTESIAN_POINT('',(-2.496159250004,1.981878144411,-4.222901461717));
#6460=CARTESIAN_POINT('',(-2.767143715689,1.581534674167,-4.205843194929));
#6461=CARTESIAN_POINT('',(-2.972825500343,1.147755049308,-4.188900168936));
#6462=CARTESIAN_POINT('',(-3.109039464001,0.6990512247593,-4.172351304209));
#6463=CARTESIAN_POINT('',(-3.179175637598,0.2253139951345,-4.155449475809));
#6464=CARTESIAN_POINT('',(-3.176809373246,-0.2566030860148,-4.138444061244));
#6465=CARTESIAN_POINT('',(-3.101876988789,-0.7310042398607,-4.121494477784));
#6466=CARTESIAN_POINT('',(-2.959730691493,-1.180662224221,-4.104850939226));
#6467=CARTESIAN_POINT('',(-2.753571705902,-1.604088613428,-4.088229248305));
#6468=CARTESIAN_POINT('',(-2.483593189627,-1.997228987655,-4.071398904843));
#6469=CARTESIAN_POINT('',(-2.15615365567,-2.34664580778,-4.054499137535));
#6470=CARTESIAN_POINT('',(-1.785747108061,-2.639326749074,-4.037838953466));
#6471=CARTESIAN_POINT('',(-1.374624200288,-2.874932239704,-4.02111461297));
#6472=CARTESIAN_POINT('',(-0.9357828638402,-3.046218798216,-4.004489550913));
#6473=CARTESIAN_POINT('',(-0.4718529624158,-3.151693754781,-3.987698104043));
#6474=CARTESIAN_POINT('',(-0.1572577298943,-3.175,-3.976565357987));
#6475=CARTESIAN_POINT('',(0.0,-3.175,-3.971));
#6476=CARTESIAN_POINT('',(-2.502320681763,1.954230335867,-4.928));
#6477=CARTESIAN_POINT('',(0.0,3.175,-5.03));
#6478=CARTESIAN_POINT('',(-0.1591878966086,3.175,-5.024366333329));
#6479=CARTESIAN_POINT('',(-0.4783279976497,3.150926532266,-5.013071520444));
#6480=CARTESIAN_POINT('',(-0.9467494997806,3.043394603186,-4.996111999183));
#6481=CARTESIAN_POINT('',(-1.399055200212,2.863878316162,-4.97893976591));
#6482=CARTESIAN_POINT('',(-1.81532316416,2.619545051646,-4.961907225734));
#6483=CARTESIAN_POINT('',(-2.188066862725,2.317264517286,-4.944971306318));
#6484=CARTESIAN_POINT('',(-2.403947031153,2.080194208162,-4.933656240541));
#6485=CARTESIAN_POINT('',(-2.502320681763,1.954230335867,-4.928));
#6486=CARTESIAN_POINT('',(-2.502320681763,1.954230335867,-4.928));
#6487=CARTESIAN_POINT('',(-2.598877640436,1.830592671349,-4.922448214733));
#6488=CARTESIAN_POINT('',(-2.773756253439,1.568999045233,-4.911343384276));
#6489=CARTESIAN_POINT('',(-2.97586569468,1.139653501187,-4.89459492127));
#6490=CARTESIAN_POINT('',(-3.111124702539,0.6898151437223,-4.878017553602));
#6491=CARTESIAN_POINT('',(-3.179249777006,0.2189553447167,-4.861225893067));
#6492=CARTESIAN_POINT('',(-3.176578853535,-0.2527097732259,-4.844580272664));
#6493=CARTESIAN_POINT('',(-3.104443921553,-0.7187630999053,-4.827934967599));
#6494=CARTESIAN_POINT('',(-2.965084710576,-1.167550937221,-4.811350120752));
#6495=CARTESIAN_POINT('',(-2.758207449088,-1.596598118468,-4.794539842971));
#6496=CARTESIAN_POINT('',(-2.48822168306,-1.991202660346,-4.77766694949));
#6497=CARTESIAN_POINT('',(-2.165844347788,-2.337297052165,-4.76097390378));
#6498=CARTESIAN_POINT('',(-1.799905060178,-2.629614165244,-4.744443843578));
#6499=CARTESIAN_POINT('',(-1.388030529279,-2.868903445346,-4.727632695854));
#6500=CARTESIAN_POINT('',(-0.9401452901754,-3.045351512089,-4.710645469057));
#6501=CARTESIAN_POINT('',(-0.4711367414573,-3.151913655337,-4.693672392894));
#6502=CARTESIAN_POINT('',(-0.1564549355475,-3.175,-4.682536947059));
#6503=CARTESIAN_POINT('',(0.0,-3.175,-4.677));
#6504=CARTESIAN_POINT('',(0.0,3.175,-3.618));
#6505=CARTESIAN_POINT('',(-0.1572942322391,3.175,-3.612433350194));
#6506=CARTESIAN_POINT('',(-0.4721307270542,3.151487437712,-3.601290673327));
#6507=CARTESIAN_POINT('',(-0.9326220822889,3.047260545915,-3.584628025666));
#6508=CARTESIAN_POINT('',(-1.377481804308,2.873887041988,-3.567778247427));
#6509=CARTESIAN_POINT('',(-1.789950489761,2.636494159636,-3.55098262547));
#6510=CARTESIAN_POINT('',(-2.160050733822,2.343052758235,-3.53431418394));
#6511=CARTESIAN_POINT('',(-2.485445644314,1.994501607275,-3.517484920341));
#6512=CARTESIAN_POINT('',(-2.75263787201,1.605683279525,-3.500836090804));
#6513=CARTESIAN_POINT('',(-2.960941548798,1.178163611577,-3.484051098902));
#6514=CARTESIAN_POINT('',(-3.102504528278,0.7280183912515,-3.467398277652));
#6515=CARTESIAN_POINT('',(-3.176825143888,0.2551257309064,-3.450504178966));
#6516=CARTESIAN_POINT('',(-3.179003071448,-0.2228529097407,-3.433636364974));
#6517=CARTESIAN_POINT('',(-3.110921384098,-0.6902324475307,-3.41696679664));
#6518=CARTESIAN_POINT('',(-2.975182250647,-1.141953541226,-3.40032025768));
#6519=CARTESIAN_POINT('',(-2.770558603213,-1.575367134708,-3.383405590864));
#6520=CARTESIAN_POINT('',(-2.501228510951,-1.975376674917,-3.366389277196));
#6521=CARTESIAN_POINT('',(-2.175633662533,-2.32850291186,-3.349437721378));
#6522=CARTESIAN_POINT('',(-1.809620062239,-2.622993108689,-3.332858643337));
#6523=CARTESIAN_POINT('',(-1.396609240429,-2.864892514311,-3.315966345386));
#6524=CARTESIAN_POINT('',(-0.9466481069574,-3.043492162097,-3.298883903628));
#6525=CARTESIAN_POINT('',(-0.4746146931311,-3.151565275976,-3.281795434981));
#6526=CARTESIAN_POINT('',(-0.1576472648447,-3.175,-3.270579143646));
#6527=CARTESIAN_POINT('',(0.0,-3.175,-3.265000000001));
#6528=CARTESIAN_POINT('',(-2.502320681763,1.954230335867,-5.545));
#6529=CARTESIAN_POINT('',(-2.403947031153,2.080194208162,-5.550656240541));
#6530=CARTESIAN_POINT('',(-2.188066862725,2.317264517286,-5.561971306318));
#6531=CARTESIAN_POINT('',(-1.81532316416,2.619545051646,-5.578907225734));
#6532=CARTESIAN_POINT('',(-1.399055200212,2.863878316162,-5.59593976591));
#6533=CARTESIAN_POINT('',(-0.9467494997806,3.043394603186,-5.613111999183));
#6534=CARTESIAN_POINT('',(-0.4783279976497,3.150926532266,-5.630071520444));
#6535=CARTESIAN_POINT('',(-0.1591878966086,3.175,-5.641366333329));
#6536=CARTESIAN_POINT('',(0.0,3.175,-5.647));
#6537=CARTESIAN_POINT('',(0.0,3.175,-5.736));
#6538=CARTESIAN_POINT('',(-0.1572010980574,3.175,-5.730436646217));
#6539=CARTESIAN_POINT('',(-0.4725840138305,3.151685501241,-5.719275959715));
#6540=CARTESIAN_POINT('',(-0.9402978154537,3.045199093396,-5.702348121297));
#6541=CARTESIAN_POINT('',(-1.384798694823,2.870103835407,-5.685488089785));
#6542=CARTESIAN_POINT('',(-1.79174627032,2.635070505764,-5.668902070047));
#6543=CARTESIAN_POINT('',(-2.162451239631,2.341047981909,-5.652203464356));
#6544=CARTESIAN_POINT('',(-2.491072173646,1.988223113663,-5.635188262253));
#6545=CARTESIAN_POINT('',(-2.762891652967,1.588877882252,-5.618142273215));
#6546=CARTESIAN_POINT('',(-2.969426943467,1.156485636977,-5.601230462326));
#6547=CARTESIAN_POINT('',(-3.107337388135,0.7071185187109,-5.584641962898));
#6548=CARTESIAN_POINT('',(-3.178886128333,0.2308381268183,-5.567644414507));
#6549=CARTESIAN_POINT('',(-3.177204681688,-0.2523528044009,-5.550594684304));
#6550=CARTESIAN_POINT('',(-3.102654567287,-0.7276636134118,-5.533615366395));
#6551=CARTESIAN_POINT('',(-2.961282536593,-1.176714578222,-5.51700049766));
#6552=CARTESIAN_POINT('',(-2.755315961124,-1.601295474576,-5.500345268274));
#6553=CARTESIAN_POINT('',(-2.484332084476,-1.996433941681,-5.483437045579));
#6554=CARTESIAN_POINT('',(-2.156438027746,-2.346419812468,-5.466512064265));
#6555=CARTESIAN_POINT('',(-1.785882754682,-2.639175494616,-5.449845843099));
#6556=CARTESIAN_POINT('',(-1.37627121429,-2.874089429508,-5.433179838102));
#6557=CARTESIAN_POINT('',(-0.9371198886238,-3.045883378676,-5.416538019529));
#6558=CARTESIAN_POINT('',(-0.4718015372274,-3.151745586465,-5.399696071227));
#6559=CARTESIAN_POINT('',(-0.1571714045384,-3.175,-5.388562302928));
#6560=CARTESIAN_POINT('',(0.0,-3.175,-5.383));
#6561=CARTESIAN_POINT('',(0.0,-3.175,-6.0));
#6562=CARTESIAN_POINT('',(-0.1571714045384,-3.175,-6.005562302928));
#6563=CARTESIAN_POINT('',(-0.4718015372274,-3.151745586465,-6.016696071227));
#6564=CARTESIAN_POINT('',(-0.9371198886238,-3.045883378676,-6.033538019529));
#6565=CARTESIAN_POINT('',(-1.37627121429,-2.874089429508,-6.050179838102));
#6566=CARTESIAN_POINT('',(-1.785882754682,-2.639175494616,-6.066845843099));
#6567=CARTESIAN_POINT('',(-2.156438027746,-2.346419812468,-6.083512064265));
#6568=CARTESIAN_POINT('',(-2.484332084476,-1.996433941681,-6.100437045579));
#6569=CARTESIAN_POINT('',(-2.755315961124,-1.601295474576,-6.117345268274));
#6570=CARTESIAN_POINT('',(-2.961282536593,-1.176714578222,-6.13400049766));
#6571=CARTESIAN_POINT('',(-3.102654567287,-0.7276636134118,-6.150615366395));
#6572=CARTESIAN_POINT('',(-3.177204681688,-0.2523528044009,-6.167594684304));
#6573=CARTESIAN_POINT('',(-3.178886128333,0.2308381268183,-6.184644414507));
#6574=CARTESIAN_POINT('',(-3.107337388135,0.7071185187109,-6.201641962898));
#6575=CARTESIAN_POINT('',(-2.969426943467,1.156485636977,-6.218230462326));
#6576=CARTESIAN_POINT('',(-2.762891652967,1.588877882252,-6.235142273215));
#6577=CARTESIAN_POINT('',(-2.491072173646,1.988223113663,-6.252188262253));
#6578=CARTESIAN_POINT('',(-2.162451239631,2.341047981909,-6.269203464356));
#6579=CARTESIAN_POINT('',(-1.79174627032,2.635070505764,-6.285902070047));
#6580=CARTESIAN_POINT('',(-1.384798694823,2.870103835407,-6.302488089785));
#6581=CARTESIAN_POINT('',(-0.9402978154537,3.045199093396,-6.319348121297));
#6582=CARTESIAN_POINT('',(-0.4725840138305,3.151685501241,-6.336275959715));
#6583=CARTESIAN_POINT('',(-0.1572010980574,3.175,-6.347436646217));
#6584=CARTESIAN_POINT('',(0.0,3.175,-6.353));
#6585=CARTESIAN_POINT('',(0.0,3.175,-6.442));
#6586=CARTESIAN_POINT('',(-0.1565949207739,3.175,-6.436458098858));
#6587=CARTESIAN_POINT('',(-0.4713333386399,3.151803827725,-6.425320068516));
#6588=CARTESIAN_POINT('',(-0.938212846952,3.045890919251,-6.408425362486));
#6589=CARTESIAN_POINT('',(-1.386750332234,2.869574345418,-6.391417924979));
#6590=CARTESIAN_POINT('',(-1.800025445189,2.629741406913,-6.374555341507));
#6591=CARTESIAN_POINT('',(-2.169234683135,2.334344521647,-6.357867612938));
#6592=CARTESIAN_POINT('',(-2.491062285242,1.98754960525,-6.341170007484));
#6593=CARTESIAN_POINT('',(-2.760245160575,1.593139362032,-6.324318624632));
#6594=CARTESIAN_POINT('',(-2.96724334735,1.162290355842,-6.307449144213));
#6595=CARTESIAN_POINT('',(-3.106510003446,0.7108591206688,-6.290777263629));
#6596=CARTESIAN_POINT('',(-3.177858712408,0.2387026972734,-6.273923751476));
#6597=CARTESIAN_POINT('',(-3.178173908662,-0.2338975850214,-6.257246042534));
#6598=CARTESIAN_POINT('',(-3.107782093982,-0.7051510417735,-6.240428964054));
#6599=CARTESIAN_POINT('',(-2.969357135064,-1.156901122036,-6.223754861089));
#6600=CARTESIAN_POINT('',(-2.763015774512,-1.588440851035,-6.206873713431));
#6601=CARTESIAN_POINT('',(-2.493498098836,-1.984596001535,-6.189964954737));
#6602=CARTESIAN_POINT('',(-2.171785586112,-2.331942732333,-6.173255961721));
#6603=CARTESIAN_POINT('',(-1.803318181473,-2.627479496929,-6.156585523867));
#6604=CARTESIAN_POINT('',(-1.38997578165,-2.868045081087,-6.139707813922));
#6605=CARTESIAN_POINT('',(-0.9408102273961,-3.045180809593,-6.122669568269));
#6606=CARTESIAN_POINT('',(-0.471854352577,-3.15181067551,-6.105698027672));
#6607=CARTESIAN_POINT('',(-0.1566980679899,-3.175,-6.094545551527));
#6608=CARTESIAN_POINT('',(0.0,-3.175,-6.089));
#6609=CARTESIAN_POINT('',(0.0,3.175,-7.148));
#6610=CARTESIAN_POINT('',(-0.1572162463098,3.175,-7.142436110119));
#6611=CARTESIAN_POINT('',(-0.4721505783306,3.151720415411,-7.131291508653));
#6612=CARTESIAN_POINT('',(-0.9384268324713,3.045582156916,-7.114414936602));
#6613=CARTESIAN_POINT('',(-1.379186931962,2.872707184753,-7.09770630891));
#6614=CARTESIAN_POINT('',(-1.787617611504,2.637955969028,-7.081079498847));
#6615=CARTESIAN_POINT('',(-2.158420972095,2.344662995355,-7.064394435765));
#6616=CARTESIAN_POINT('',(-2.486579354207,1.993713668151,-7.047438536516));
#6617=CARTESIAN_POINT('',(-2.757945037831,1.596989427502,-7.030476963333));
#6618=CARTESIAN_POINT('',(-2.963952515699,1.170076652166,-7.013747178358));
#6619=CARTESIAN_POINT('',(-3.104163481574,0.7211224362111,-6.997148045336));
#6620=CARTESIAN_POINT('',(-3.177776784656,0.2453070909899,-6.980156039064));
#6621=CARTESIAN_POINT('',(-3.178360115167,-0.237942561775,-6.96310444851));
#6622=CARTESIAN_POINT('',(-3.105736355695,-0.7141894688285,-6.946102489025));
#6623=CARTESIAN_POINT('',(-2.966797837435,-1.163002821838,-6.929521735406));
#6624=CARTESIAN_POINT('',(-2.760508773597,-1.592802810716,-6.912695957411));
#6625=CARTESIAN_POINT('',(-2.488897161735,-1.99087920309,-6.895690623562));
#6626=CARTESIAN_POINT('',(-2.16049204968,-2.342822603765,-6.878703315747));
#6627=CARTESIAN_POINT('',(-1.789552495751,-2.636591127754,-6.862003867813));
#6628=CARTESIAN_POINT('',(-1.382259202244,-2.871267467765,-6.845413407538));
#6629=CARTESIAN_POINT('',(-0.9394797491593,-3.0453654036,-6.828622653602));
#6630=CARTESIAN_POINT('',(-0.4724485090675,-3.151691299634,-6.811719182056));
#6631=CARTESIAN_POINT('',(-0.1572343896248,-3.175,-6.800564531973));
#6632=CARTESIAN_POINT('',(0.0,-3.175,-6.795));
#6633=CARTESIAN_POINT('',(0.0,-3.175,-6.706));
#6634=CARTESIAN_POINT('',(-0.1566980679899,-3.175,-6.711545551527));
#6635=CARTESIAN_POINT('',(-0.471854352577,-3.15181067551,-6.722698027672));
#6636=CARTESIAN_POINT('',(-0.9408102273961,-3.045180809593,-6.739669568269));
#6637=CARTESIAN_POINT('',(-1.38997578165,-2.868045081087,-6.756707813922));
#6638=CARTESIAN_POINT('',(-1.803318181473,-2.627479496929,-6.773585523867));
#6639=CARTESIAN_POINT('',(-2.171785586112,-2.331942732333,-6.790255961721));
#6640=CARTESIAN_POINT('',(-2.493498098836,-1.984596001535,-6.806964954737));
#6641=CARTESIAN_POINT('',(-2.763015774512,-1.588440851035,-6.823873713431));
#6642=CARTESIAN_POINT('',(-2.969357135064,-1.156901122036,-6.840754861089));
#6643=CARTESIAN_POINT('',(-3.107782093982,-0.7051510417735,-6.857428964054));
#6644=CARTESIAN_POINT('',(-3.178173908662,-0.2338975850214,-6.874246042534));
#6645=CARTESIAN_POINT('',(-3.177858712408,0.2387026972734,-6.890923751476));
#6646=CARTESIAN_POINT('',(-3.106510003446,0.7108591206688,-6.907777263629));
#6647=CARTESIAN_POINT('',(-2.96724334735,1.162290355842,-6.924449144213));
#6648=CARTESIAN_POINT('',(-2.760245160575,1.593139362032,-6.941318624632));
#6649=CARTESIAN_POINT('',(-2.491062285242,1.98754960525,-6.958170007484));
#6650=CARTESIAN_POINT('',(-2.169234683135,2.334344521647,-6.974867612938));
#6651=CARTESIAN_POINT('',(-1.800025445189,2.629741406913,-6.991555341507));
#6652=CARTESIAN_POINT('',(-1.386750332234,2.869574345418,-7.008417924979));
#6653=CARTESIAN_POINT('',(-0.9382128469521,3.045890919251,-7.025425362486));
#6654=CARTESIAN_POINT('',(-0.4713333386398,3.151803827725,-7.042320068516));
#6655=CARTESIAN_POINT('',(-0.1565949207739,3.175,-7.053458098858));
#6656=CARTESIAN_POINT('',(0.0,3.175,-7.059));
#6657=CARTESIAN_POINT('',(0.0,3.175,-7.854));
#6658=CARTESIAN_POINT('',(-0.1568277103406,3.175,-7.848449860425));
#6659=CARTESIAN_POINT('',(-0.4722950516202,3.151785977698,-7.837286497613));
#6660=CARTESIAN_POINT('',(-0.9421513965028,3.044805038671,-7.820281320632));
#6661=CARTESIAN_POINT('',(-1.391606122918,2.867273115731,-7.803228656225));
#6662=CARTESIAN_POINT('',(-1.804976985814,2.626328244041,-7.786343252126));
#6663=CARTESIAN_POINT('',(-2.172973070831,2.330831917944,-7.769686709212));
#6664=CARTESIAN_POINT('',(-2.494851831049,1.982956289183,-7.752960067307));
#6665=CARTESIAN_POINT('',(-2.764410426272,1.58604967305,-7.736028695035));
#6666=CARTESIAN_POINT('',(-2.970423701361,1.154179627348,-7.719142129778));
#6667=CARTESIAN_POINT('',(-3.108403931735,0.7022954932108,-7.702467959003));
#6668=CARTESIAN_POINT('',(-3.178323665213,0.2316690148015,-7.685675218893));
#6669=CARTESIAN_POINT('',(-3.177692126223,-0.2412928021262,-7.668984713234));
#6670=CARTESIAN_POINT('',(-3.10585450902,-0.7137367835405,-7.652118681122));
#6671=CARTESIAN_POINT('',(-2.966187268549,-1.164976570104,-7.635449138715));
#6672=CARTESIAN_POINT('',(-2.758879117679,-1.595427401944,-7.618587391421));
#6673=CARTESIAN_POINT('',(-2.489989528893,-1.988855398193,-7.6017704356));
#6674=CARTESIAN_POINT('',(-2.167856003354,-2.335650257764,-7.585065395959));
#6675=CARTESIAN_POINT('',(-1.798389451021,-2.630850198743,-7.568374994864));
#6676=CARTESIAN_POINT('',(-1.385214451571,-2.870299889456,-7.551522232161));
#6677=CARTESIAN_POINT('',(-0.9370450449088,-3.046198572685,-7.534532071103));
#6678=CARTESIAN_POINT('',(-0.4713139868909,-3.151765551954,-7.517679469483));
#6679=CARTESIAN_POINT('',(-0.1566456288637,-3.175,-7.506543695704));
#6680=CARTESIAN_POINT('',(0.0,-3.175,-7.501));
#6681=CARTESIAN_POINT('',(0.0,-3.175,-7.412));
#6682=CARTESIAN_POINT('',(-0.1572343896248,-3.175,-7.417564531973));
#6683=CARTESIAN_POINT('',(-0.4724485090675,-3.151691299634,-7.428719182056));
#6684=CARTESIAN_POINT('',(-0.9394797491593,-3.0453654036,-7.445622653602));
#6685=CARTESIAN_POINT('',(-1.382259202244,-2.871267467765,-7.462413407538));
#6686=CARTESIAN_POINT('',(-1.789552495751,-2.636591127754,-7.479003867813));
#6687=CARTESIAN_POINT('',(-2.16049204968,-2.342822603765,-7.495703315747));
#6688=CARTESIAN_POINT('',(-2.488897161735,-1.99087920309,-7.512690623562));
#6689=CARTESIAN_POINT('',(-2.760508773597,-1.592802810716,-7.529695957411));
#6690=CARTESIAN_POINT('',(-2.966797837435,-1.163002821838,-7.546521735406));
#6691=CARTESIAN_POINT('',(-3.105736355695,-0.7141894688285,-7.563102489025));
#6692=CARTESIAN_POINT('',(-3.178360115167,-0.237942561775,-7.58010444851));
#6693=CARTESIAN_POINT('',(-3.177776784656,0.2453070909899,-7.597156039064));
#6694=CARTESIAN_POINT('',(-3.104163481574,0.7211224362112,-7.614148045336));
#6695=CARTESIAN_POINT('',(-2.963952515699,1.170076652166,-7.630747178358));
#6696=CARTESIAN_POINT('',(-2.757945037831,1.596989427502,-7.647476963333));
#6697=CARTESIAN_POINT('',(-2.486579354207,1.993713668151,-7.664438536516));
#6698=CARTESIAN_POINT('',(-2.158420972095,2.344662995355,-7.681394435765));
#6699=CARTESIAN_POINT('',(-1.787617611504,2.637955969028,-7.698079498847));
#6700=CARTESIAN_POINT('',(-1.379186931962,2.872707184753,-7.71470630891));
#6701=CARTESIAN_POINT('',(-0.9384268324713,3.045582156916,-7.731414936602));
#6702=CARTESIAN_POINT('',(-0.4721505783305,3.151720415411,-7.748291508653));
#6703=CARTESIAN_POINT('',(-0.1572162463098,3.175,-7.759436110119));
#6704=CARTESIAN_POINT('',(0.0,3.175,-7.765));
#6705=CARTESIAN_POINT('',(0.0,3.175,-10.678));
#6706=CARTESIAN_POINT('',(-0.1575868729788,3.175,-10.67242299363));
#6707=CARTESIAN_POINT('',(-0.4744396096024,3.151581870096,-10.66121074814));
#6708=CARTESIAN_POINT('',(-0.9463091641028,3.043591441927,-10.64412855539));
#6709=CARTESIAN_POINT('',(-1.396189791203,2.865085294464,-10.62704991712));
#6710=CARTESIAN_POINT('',(-1.809050625821,2.623382284221,-10.61016565071));
#6711=CARTESIAN_POINT('',(-2.175406375735,2.328768648822,-10.5935745304));
#6712=CARTESIAN_POINT('',(-2.501609246895,1.974951376648,-10.57659062029));
#6713=CARTESIAN_POINT('',(-2.771032824774,1.574560754587,-10.55956148377));
#6714=CARTESIAN_POINT('',(-2.975576768741,1.140905073393,-10.54264023168));
#6715=CARTESIAN_POINT('',(-3.111070899301,0.689500295528,-10.52600685101));
#6716=CARTESIAN_POINT('',(-3.179096595829,0.2219310300509,-10.50933097113));
#6717=CARTESIAN_POINT('',(-3.176719406371,-0.2567061940927,-10.4924399696));
#6718=CARTESIAN_POINT('',(-3.10211624005,-0.7296813190181,-10.47554156314));
#6719=CARTESIAN_POINT('',(-2.960312336436,-1.179686443145,-10.45889078967));
#6720=CARTESIAN_POINT('',(-2.752113815878,-1.606536320429,-10.44212861645));
#6721=CARTESIAN_POINT('',(-2.484820363858,-1.995311077809,-10.42547900847));
#6722=CARTESIAN_POINT('',(-2.159016016049,-2.344016575641,-10.40863594935));
#6723=CARTESIAN_POINT('',(-1.788869019299,-2.637218763732,-10.39197153095));
#6724=CARTESIAN_POINT('',(-1.376547316018,-2.874295066798,-10.37518578902));
#6725=CARTESIAN_POINT('',(-0.9325240497029,-3.047259473206,-10.35836870593));
#6726=CARTESIAN_POINT('',(-0.4721327135451,-3.151489460423,-10.34170933503));
#6727=CARTESIAN_POINT('',(-0.1573282080938,-3.175,-10.33056785221));
#6728=CARTESIAN_POINT('',(0.0,-3.175,-10.325));
#6729=CARTESIAN_POINT('',(-3.080384873303,-0.7693205003957,-10.385));
#6730=CARTESIAN_POINT('',(0.0,-3.175,-10.236));
#6731=CARTESIAN_POINT('',(-0.154321179549,-3.175,-10.24146143334));
#6732=CARTESIAN_POINT('',(-0.4644516987173,-3.152529672217,-10.2524360614));
#6733=CARTESIAN_POINT('',(-0.9260858859007,-3.049244674915,-10.26913118338));
#6734=CARTESIAN_POINT('',(-1.367186983795,-2.878365908801,-10.28582579793));
#6735=CARTESIAN_POINT('',(-1.772288838701,-2.647771272394,-10.30227866906));
#6736=CARTESIAN_POINT('',(-2.137249123001,-2.363373132039,-10.31860933356));
#6737=CARTESIAN_POINT('',(-2.464010855568,-2.021012978684,-10.33531292382));
#6738=CARTESIAN_POINT('',(-2.736601592425,-1.63283648567,-10.35205217024));
#6739=CARTESIAN_POINT('',(-2.947153916688,-1.21147056997,-10.3686771734));
#6740=CARTESIAN_POINT('',(-3.043296274556,-0.9178244834443,-10.37958301101));
#6741=CARTESIAN_POINT('',(-3.080384873303,-0.7693205003957,-10.385));
#6742=CARTESIAN_POINT('',(-3.080384873303,-0.7693205003957,-10.385));
#6743=CARTESIAN_POINT('',(-3.119050283213,-0.6145029129978,-10.39064729072));
#6744=CARTESIAN_POINT('',(-3.173389312236,-0.2977770149027,-10.40198729044));
#6745=CARTESIAN_POINT('',(-3.181832772224,0.1905200080224,-10.41921992324));
#6746=CARTESIAN_POINT('',(-3.115283583043,0.6732788365005,-10.43641605395));
#6747=CARTESIAN_POINT('',(-2.978872829194,1.132529170456,-10.45332260211));
#6748=CARTESIAN_POINT('',(-2.776263810913,1.565051301622,-10.47017873687));
#6749=CARTESIAN_POINT('',(-2.508714286049,1.966043296976,-10.4871893203));
#6750=CARTESIAN_POINT('',(-2.180886001925,2.324167676156,-10.50432265889));
#6751=CARTESIAN_POINT('',(-1.807753539998,2.624711655292,-10.52122968379));
#6752=CARTESIAN_POINT('',(-1.392507887302,2.866704205758,-10.53819136065));
#6753=CARTESIAN_POINT('',(-0.9478978426008,3.042808500942,-10.55506687502));
#6754=CARTESIAN_POINT('',(-0.4785102135963,3.150996722886,-10.57206609309));
#6755=CARTESIAN_POINT('',(-0.1594913250578,3.175,-10.58335559498));
#6756=CARTESIAN_POINT('',(0.0,3.175,-10.589));
#6757=CARTESIAN_POINT('',(-3.080384873303,-0.7693205003957,-9.768));
#6758=CARTESIAN_POINT('',(0.0,3.175,-9.972));
#6759=CARTESIAN_POINT('',(-0.1594913250578,3.175,-9.966355594983));
#6760=CARTESIAN_POINT('',(-0.4785102135963,3.150996722886,-9.955066093087));
#6761=CARTESIAN_POINT('',(-0.9478978426008,3.042808500942,-9.938066875021));
#6762=CARTESIAN_POINT('',(-1.392507887302,2.866704205758,-9.921191360652));
#6763=CARTESIAN_POINT('',(-1.807753539998,2.624711655292,-9.904229683794));
#6764=CARTESIAN_POINT('',(-2.180886001925,2.324167676156,-9.887322658892));
#6765=CARTESIAN_POINT('',(-2.508714286049,1.966043296976,-9.870189320304));
#6766=CARTESIAN_POINT('',(-2.776263810913,1.565051301622,-9.853178736867));
#6767=CARTESIAN_POINT('',(-2.978872829194,1.132529170456,-9.836322602106));
#6768=CARTESIAN_POINT('',(-3.115283583043,0.6732788365006,-9.819416053953));
#6769=CARTESIAN_POINT('',(-3.181832772224,0.1905200080224,-9.802219923241));
#6770=CARTESIAN_POINT('',(-3.173389312236,-0.2977770149028,-9.784987290439));
#6771=CARTESIAN_POINT('',(-3.119050283213,-0.6145029129978,-9.773647290725));
#6772=CARTESIAN_POINT('',(-3.080384873303,-0.7693205003957,-9.768));
#6773=CARTESIAN_POINT('',(-3.080384873303,-0.7693205003957,-9.768));
#6774=CARTESIAN_POINT('',(-3.043296274556,-0.9178244834443,-9.762583011012));
#6775=CARTESIAN_POINT('',(-2.947153916688,-1.21147056997,-9.751677173398));
#6776=CARTESIAN_POINT('',(-2.736601592425,-1.63283648567,-9.735052170242));
#6777=CARTESIAN_POINT('',(-2.464010855568,-2.021012978684,-9.718312923818));
#6778=CARTESIAN_POINT('',(-2.137249123001,-2.363373132039,-9.701609333557));
#6779=CARTESIAN_POINT('',(-1.772288838701,-2.647771272394,-9.685278669064));
#6780=CARTESIAN_POINT('',(-1.367186983795,-2.878365908801,-9.668825797933));
#6781=CARTESIAN_POINT('',(-0.9260858859007,-3.049244674915,-9.652131183382));
#6782=CARTESIAN_POINT('',(-0.4644516987174,-3.152529672217,-9.635436061396));
#6783=CARTESIAN_POINT('',(-0.154321179549,-3.175,-9.62446143334));
#6784=CARTESIAN_POINT('',(0.0,-3.175,-9.619));
#6785=CARTESIAN_POINT('',(0.0,-3.175,-9.53));
#6786=CARTESIAN_POINT('',(-0.1571313132083,-3.175,-9.535560884094));
#6787=CARTESIAN_POINT('',(-0.4719271276413,-3.151535751763,-9.546702042614));
#6788=CARTESIAN_POINT('',(-0.9332743036916,-3.047137077021,-9.563395211589));
#6789=CARTESIAN_POINT('',(-1.379505636684,-2.872975126149,-9.580300031155));
#6790=CARTESIAN_POINT('',(-1.792189038667,-2.634996318326,-9.59711222486));
#6791=CARTESIAN_POINT('',(-2.162143409276,-2.341077826933,-9.613787327929));
#6792=CARTESIAN_POINT('',(-2.486557833859,-1.993079033883,-9.630578725281));
#6793=CARTESIAN_POINT('',(-2.753930164588,-1.603585217805,-9.647250811457));
#6794=CARTESIAN_POINT('',(-2.962232276352,-1.174979854451,-9.664070027905));
#6795=CARTESIAN_POINT('',(-3.103311329641,-0.7245834896554,-9.680726027718));
#6796=CARTESIAN_POINT('',(-3.177024868473,-0.2518627550986,-9.697611118375));
#6797=CARTESIAN_POINT('',(-3.178844012432,0.2244795277607,-9.714421216331));
#6798=CARTESIAN_POINT('',(-3.110539334402,0.6921381113663,-9.731101777811));
#6799=CARTESIAN_POINT('',(-2.974310906511,1.144220989961,-9.747765377755));
#6800=CARTESIAN_POINT('',(-2.769510510207,1.577169341409,-9.764667802004));
#6801=CARTESIAN_POINT('',(-2.500339539226,1.976357789253,-9.781657361964));
#6802=CARTESIAN_POINT('',(-2.176213928441,2.327870359331,-9.798532065429));
#6803=CARTESIAN_POINT('',(-1.810357661728,2.622512398173,-9.815110421496));
#6804=CARTESIAN_POINT('',(-1.397155357136,2.864637314578,-9.832012366714));
#6805=CARTESIAN_POINT('',(-0.9470244139136,3.043386524643,-9.84910233405));
#6806=CARTESIAN_POINT('',(-0.474799012245,3.151547510477,-9.866198041629));
#6807=CARTESIAN_POINT('',(-0.1577070897411,3.175,-9.877418739149));
#6808=CARTESIAN_POINT('',(0.0,3.175,-9.883));
#6809=CARTESIAN_POINT('',(0.0,3.175,-9.266));
#6810=CARTESIAN_POINT('',(-0.1577070897411,3.175,-9.260418739149));
#6811=CARTESIAN_POINT('',(-0.474799012245,3.151547510477,-9.249198041629));
#6812=CARTESIAN_POINT('',(-0.9470244139136,3.043386524643,-9.23210233405));
#6813=CARTESIAN_POINT('',(-1.397155357136,2.864637314578,-9.215012366714));
#6814=CARTESIAN_POINT('',(-1.810357661728,2.622512398173,-9.198110421496));
#6815=CARTESIAN_POINT('',(-2.176213928441,2.327870359331,-9.181532065429));
#6816=CARTESIAN_POINT('',(-2.500339539226,1.976357789253,-9.164657361964));
#6817=CARTESIAN_POINT('',(-2.769510510207,1.577169341409,-9.147667802004));
#6818=CARTESIAN_POINT('',(-2.974310906511,1.144220989961,-9.130765377755));
#6819=CARTESIAN_POINT('',(-3.110539334402,0.6921381113663,-9.114101777811));
#6820=CARTESIAN_POINT('',(-3.178844012432,0.2244795277607,-9.097421216331));
#6821=CARTESIAN_POINT('',(-3.177024868473,-0.2518627550986,-9.080611118375));
#6822=CARTESIAN_POINT('',(-3.103311329641,-0.7245834896554,-9.063726027718));
#6823=CARTESIAN_POINT('',(-2.962232276352,-1.174979854452,-9.047070027905));
#6824=CARTESIAN_POINT('',(-2.753930164588,-1.603585217804,-9.030250811457));
#6825=CARTESIAN_POINT('',(-2.486557833859,-1.993079033883,-9.013578725281));
#6826=CARTESIAN_POINT('',(-2.162143409276,-2.341077826933,-8.996787327929));
#6827=CARTESIAN_POINT('',(-1.792189038667,-2.634996318326,-8.98011222486));
#6828=CARTESIAN_POINT('',(-1.379505636684,-2.872975126149,-8.963300031155));
#6829=CARTESIAN_POINT('',(-0.9332743036916,-3.047137077021,-8.946395211589));
#6830=CARTESIAN_POINT('',(-0.4719271276414,-3.151535751763,-8.929702042614));
#6831=CARTESIAN_POINT('',(-0.1571313132083,-3.175,-8.918560884094));
#6832=CARTESIAN_POINT('',(0.0,-3.175,-8.913));
#6833=CARTESIAN_POINT('',(0.0,-3.175,-8.824));
#6834=CARTESIAN_POINT('',(-0.1572471934694,-3.175,-8.829564985102));
#6835=CARTESIAN_POINT('',(-0.4728292000408,-3.151667480002,-8.840732716188));
#6836=CARTESIAN_POINT('',(-0.9410664286674,-3.045007311525,-8.857679758245));
#6837=CARTESIAN_POINT('',(-1.386447882712,-2.869354518414,-8.874575757392));
#6838=CARTESIAN_POINT('',(-1.793617373858,-2.633804627655,-8.891177575746));
#6839=CARTESIAN_POINT('',(-2.164161031196,-2.339479597703,-8.907878324352));
#6840=CARTESIAN_POINT('',(-2.492708899299,-1.986188745385,-8.924903820832));
#6841=CARTESIAN_POINT('',(-2.76431340177,-1.586446135234,-8.941956999796));
#6842=CARTESIAN_POINT('',(-2.970629139045,-1.15341293065,-8.958885874398));
#6843=CARTESIAN_POINT('',(-3.107944047062,-0.7042848105058,-8.975460188715));
#6844=CARTESIAN_POINT('',(-3.17902042456,-0.228628345987,-8.992433621033));
#6845=CARTESIAN_POINT('',(-3.177037576777,0.2542130449194,-9.009471203749));
#6846=CARTESIAN_POINT('',(-3.102297474184,0.7292073044455,-9.026440470883));
#6847=CARTESIAN_POINT('',(-2.960587102054,1.178459904156,-9.043065760146));
#6848=CARTESIAN_POINT('',(-2.754618960091,1.60241431545,-9.059701165474));
#6849=CARTESIAN_POINT('',(-2.483913149588,1.996918994331,-9.076585537958));
#6850=CARTESIAN_POINT('',(-2.15616508455,2.346652102271,-9.093500615139));
#6851=CARTESIAN_POINT('',(-1.785682458041,2.639334772457,-9.110163120708));
#6852=CARTESIAN_POINT('',(-1.375495090829,2.87447191325,-9.126850687808));
#6853=CARTESIAN_POINT('',(-0.9366841761488,3.045984972017,-9.143477678697));
#6854=CARTESIAN_POINT('',(-0.4717812910637,3.151736951182,-9.160304619545));
#6855=CARTESIAN_POINT('',(-0.1571916982671,3.175,-9.171436978876));
#6856=CARTESIAN_POINT('',(0.0,3.175,-9.177));
#6857=CARTESIAN_POINT('',(0.0,3.175,-8.56));
#6858=CARTESIAN_POINT('',(-0.1571916982671,3.175,-8.554436978876));
#6859=CARTESIAN_POINT('',(-0.4717812910637,3.151736951182,-8.543304619545));
#6860=CARTESIAN_POINT('',(-0.9366841761488,3.045984972017,-8.526477678697));
#6861=CARTESIAN_POINT('',(-1.375495090829,2.87447191325,-8.509850687808));
#6862=CARTESIAN_POINT('',(-1.785682458041,2.639334772457,-8.493163120708));
#6863=CARTESIAN_POINT('',(-2.15616508455,2.346652102271,-8.476500615139));
#6864=CARTESIAN_POINT('',(-2.483913149588,1.996918994331,-8.459585537958));
#6865=CARTESIAN_POINT('',(-2.754618960091,1.60241431545,-8.442701165474));
#6866=CARTESIAN_POINT('',(-2.960587102054,1.178459904156,-8.426065760146));
#6867=CARTESIAN_POINT('',(-3.102297474184,0.7292073044455,-8.409440470883));
#6868=CARTESIAN_POINT('',(-3.177037576777,0.2542130449194,-8.392471203749));
#6869=CARTESIAN_POINT('',(-3.17902042456,-0.228628345987,-8.375433621033));
#6870=CARTESIAN_POINT('',(-3.107944047062,-0.7042848105058,-8.358460188715));
#6871=CARTESIAN_POINT('',(-2.970629139045,-1.15341293065,-8.341885874398));
#6872=CARTESIAN_POINT('',(-2.76431340177,-1.586446135234,-8.324956999796));
#6873=CARTESIAN_POINT('',(-2.492708899299,-1.986188745385,-8.307903820832));
#6874=CARTESIAN_POINT('',(-2.164161031196,-2.339479597703,-8.290878324352));
#6875=CARTESIAN_POINT('',(-1.793617373858,-2.633804627655,-8.274177575746));
#6876=CARTESIAN_POINT('',(-1.386447882712,-2.869354518414,-8.257575757392));
#6877=CARTESIAN_POINT('',(-0.9410664286674,-3.045007311525,-8.240679758245));
#6878=CARTESIAN_POINT('',(-0.4728292000408,-3.151667480002,-8.223732716188));
#6879=CARTESIAN_POINT('',(-0.1572471934694,-3.175,-8.212564985102));
#6880=CARTESIAN_POINT('',(0.0,-3.175,-8.207));
#6881=CARTESIAN_POINT('',(0.0,-3.175,-8.118));
#6882=CARTESIAN_POINT('',(-0.1566456288637,-3.175,-8.123543695704));
#6883=CARTESIAN_POINT('',(-0.4713139868909,-3.151765551954,-8.134679469483));
#6884=CARTESIAN_POINT('',(-0.9370450449088,-3.046198572685,-8.151532071103));
#6885=CARTESIAN_POINT('',(-1.385214451571,-2.870299889456,-8.168522232161));
#6886=CARTESIAN_POINT('',(-1.798389451021,-2.630850198743,-8.185374994864));
#6887=CARTESIAN_POINT('',(-2.167856003354,-2.335650257764,-8.202065395959));
#6888=CARTESIAN_POINT('',(-2.489989528893,-1.988855398193,-8.2187704356));
#6889=CARTESIAN_POINT('',(-2.758879117679,-1.595427401944,-8.235587391421));
#6890=CARTESIAN_POINT('',(-2.966187268549,-1.164976570104,-8.252449138715));
#6891=CARTESIAN_POINT('',(-3.10585450902,-0.7137367835405,-8.269118681122));
#6892=CARTESIAN_POINT('',(-3.177692126223,-0.2412928021262,-8.285984713234));
#6893=CARTESIAN_POINT('',(-3.178323665213,0.2316690148015,-8.302675218893));
#6894=CARTESIAN_POINT('',(-3.108403931735,0.7022954932108,-8.319467959003));
#6895=CARTESIAN_POINT('',(-2.970423701361,1.154179627348,-8.336142129778));
#6896=CARTESIAN_POINT('',(-2.764410426272,1.58604967305,-8.353028695035));
#6897=CARTESIAN_POINT('',(-2.494851831049,1.982956289183,-8.369960067307));
#6898=CARTESIAN_POINT('',(-2.172973070831,2.330831917944,-8.386686709212));
#6899=CARTESIAN_POINT('',(-1.804976985814,2.626328244041,-8.403343252126));
#6900=CARTESIAN_POINT('',(-1.391606122918,2.867273115731,-8.420228656225));
#6901=CARTESIAN_POINT('',(-0.9421513965028,3.044805038671,-8.437281320632));
#6902=CARTESIAN_POINT('',(-0.4722950516202,3.151785977698,-8.454286497613));
#6903=CARTESIAN_POINT('',(-0.1568277103406,3.175,-8.465449860425));
#6904=CARTESIAN_POINT('',(0.0,3.175,-8.471));
#6905=CARTESIAN_POINT('',(0.1412360515461,3.171857086589,-11.3));
#6906=CARTESIAN_POINT('',(0.1412360512366,3.171857086615,-11.3));
#6907=CARTESIAN_POINT('',(-0.01912966246173,3.178997830827,-11.29431902677));
#6908=CARTESIAN_POINT('',(-0.3409722547419,3.168912239502,-11.28295612416));
#6909=CARTESIAN_POINT('',(-0.8160409387095,3.080967536424,-11.26590689946));
#6910=CARTESIAN_POINT('',(-1.27232746097,2.922234587191,-11.24885881102));
#6911=CARTESIAN_POINT('',(-1.699382356308,2.696362573932,-11.23181068737));
#6912=CARTESIAN_POINT('',(-2.087380037427,2.408550349828,-11.21476315578));
#6913=CARTESIAN_POINT('',(-2.42743292195,2.065392205103,-11.19771505735));
#6914=CARTESIAN_POINT('',(-2.711715481055,1.674775851519,-11.18066681015));
#6915=CARTESIAN_POINT('',(-2.933690955393,1.245684020393,-11.16361873426));
#6916=CARTESIAN_POINT('',(-3.088259426018,0.7879858822486,-11.14657116506));
#6917=CARTESIAN_POINT('',(-3.171878190292,0.3121848849013,-11.12952360619));
#6918=CARTESIAN_POINT('',(-3.182624914766,-0.1707995592397,-11.11247565717));
#6919=CARTESIAN_POINT('',(-3.120248573451,-0.6498607725782,-11.09542767006));
#6920=CARTESIAN_POINT('',(-2.986188589536,-1.11397787633,-11.07838018388));
#6921=CARTESIAN_POINT('',(-2.783521406917,-1.552506699253,-11.06133251965));
#6922=CARTESIAN_POINT('',(-2.516908775998,-1.955361794839,-11.04428511578));
#6923=CARTESIAN_POINT('',(-2.19246480269,-2.313302333742,-11.02723731345));
#6924=CARTESIAN_POINT('',(-1.817658750072,-2.618087899007,-11.01018993393));
#6925=CARTESIAN_POINT('',(-1.401088372517,-2.862729861774,-10.99314230701));
#6926=CARTESIAN_POINT('',(-0.9523264967931,-3.041601956875,-10.97609460921));
#6927=CARTESIAN_POINT('',(-0.4816972117824,-3.150592604161,-10.9590473448));
#6928=CARTESIAN_POINT('',(-0.1605660386161,-3.175,-10.94768243918));
#6929=CARTESIAN_POINT('',(0.0,-3.175,-10.942));
#6930=AXIS2_PLACEMENT_3D('',#8302,#8303,#8304);
#6931=CARTESIAN_POINT('',(-2.502320681763,1.954230335867,-4.928));
#6932=VECTOR('',#8305,0.529);
#6933=CARTESIAN_POINT('',(2.657669832738,-0.5640811776986,-7.6125));
#6934=CARTESIAN_POINT('',(3.105814324467,-0.6591982872658,-7.348));
#6935=VECTOR('',#8306,0.529);
#6936=CARTESIAN_POINT('',(-2.141255559087,1.672250323832,-5.1925));
#6937=CARTESIAN_POINT('',(-2.051664273417,1.78696869808,-5.198519900498));
#6938=CARTESIAN_POINT('',(-1.854004921226,2.001973307866,-5.210559701493));
#6939=CARTESIAN_POINT('',(-1.509723846695,2.272876066907,-5.228619402985));
#6940=CARTESIAN_POINT('',(-1.12652651174,2.485190046141,-5.246679104478));
#6941=CARTESIAN_POINT('',(-0.7142903706665,2.633442779884,-5.26473880597));
#6942=CARTESIAN_POINT('',(-0.2836418158801,2.713812614742,-5.282798507463));
#6943=CARTESIAN_POINT('',(0.1543182457061,2.724227867366,-5.300858208955));
#6944=CARTESIAN_POINT('',(0.588300408172,2.6644200536,-5.318917910448));
#6945=CARTESIAN_POINT('',(1.007117812497,2.535930855646,-5.33697761194));
#6946=CARTESIAN_POINT('',(1.399974503161,2.342072369335,-5.355037313433));
#6947=CARTESIAN_POINT('',(1.756743720634,2.087841730773,-5.373097014925));
#6948=CARTESIAN_POINT('',(2.068228940557,1.7797923031,-5.391156716418));
#6949=CARTESIAN_POINT('',(2.326400934902,1.425864749135,-5.40921641791));
#6950=CARTESIAN_POINT('',(2.524604743229,1.035182342973,-5.427276119403));
#6951=CARTESIAN_POINT('',(2.657731219188,0.6178157972149,-5.445335820896));
#6952=CARTESIAN_POINT('',(2.722348730187,0.184523667824,-5.463395522388));
#6953=CARTESIAN_POINT('',(2.716791615391,-0.2535249717069,-5.481455223881));
#6954=CARTESIAN_POINT('',(2.64120312186,-0.6850384382008,-5.499514925373));
#6955=CARTESIAN_POINT('',(2.497531712035,-1.098893507178,-5.517574626866));
#6956=CARTESIAN_POINT('',(2.289480837757,-1.484422138841,-5.535634328358));
#6957=CARTESIAN_POINT('',(2.022413475521,-1.831686470652,-5.553694029851));
#6958=CARTESIAN_POINT('',(1.703213883761,-2.131734987962,-5.571753731343));
#6959=CARTESIAN_POINT('',(1.340110145697,-2.376833269318,-5.589813432836));
#6960=CARTESIAN_POINT('',(0.9424620720906,-2.560663358469,-5.607873134328));
#6961=CARTESIAN_POINT('',(0.5205199311961,-2.678486623817,-5.625932835821));
#6962=CARTESIAN_POINT('',(0.08516022517286,-2.727265907239,-5.643992537314));
#6963=CARTESIAN_POINT('',(-0.3523946760757,-2.705743813633,-5.662052238806));
#6964=CARTESIAN_POINT('',(-0.7808658165806,-2.614475123085,-5.680111940299));
#6965=CARTESIAN_POINT('',(-1.189208394618,-2.455812490177,-5.698171641791));
#6966=CARTESIAN_POINT('',(-1.566896467169,-2.233845799045,-5.716231343284));
#6967=CARTESIAN_POINT('',(-1.90419427964,-1.954296737479,-5.734291044776));
#6968=CARTESIAN_POINT('',(-2.192407226704,-1.624371307624,-5.752350746269));
#6969=CARTESIAN_POINT('',(-2.424105975194,-1.252574075161,-5.770410447761));
#6970=CARTESIAN_POINT('',(-2.593317971782,-0.8484889451069,-5.788470149254));
#6971=CARTESIAN_POINT('',(-2.695681398891,-0.4225321152399,-5.806529850746));
#6972=CARTESIAN_POINT('',(-2.728557610299,0.01431642469503,-5.824589552239));
#6973=CARTESIAN_POINT('',(-2.691099148144,0.4507959267714,-5.842649253731));
#6974=CARTESIAN_POINT('',(-2.584271588048,0.8756551558386,-5.860708955224));
#6975=CARTESIAN_POINT('',(-2.410828649241,1.277942415266,-5.878768656716));
#6976=CARTESIAN_POINT('',(-2.175241211297,1.647287851413,-5.896828358209));
#6977=CARTESIAN_POINT('',(-1.88358206721,1.974170759793,-5.914888059702));
#6978=CARTESIAN_POINT('',(-1.543369383581,2.250165002519,-5.932947761194));
#6979=CARTESIAN_POINT('',(-1.163372903059,2.468156210852,-5.951007462687));
#6980=CARTESIAN_POINT('',(-0.7533878846146,2.62252517396,-5.969067164179));
#6981=CARTESIAN_POINT('',(-0.3239826088408,2.709292686645,-5.987126865672));
#6982=CARTESIAN_POINT('',(0.1137740431131,2.726222122251,-6.005186567164));
#6983=CARTESIAN_POINT('',(0.5485979147028,2.672877086722,-6.023246268657));
#6984=CARTESIAN_POINT('',(0.9692804483555,2.550632667628,-6.041305970149));
#6985=CARTESIAN_POINT('',(1.364977611104,2.362639988217,-6.059365671642));
#6986=CARTESIAN_POINT('',(1.725489423786,2.113744980157,-6.077425373134));
#6987=CARTESIAN_POINT('',(2.04152288831,1.810363468821,-6.095485074627));
#6988=CARTESIAN_POINT('',(2.304931535467,1.460315791036,-6.113544776119));
#6989=CARTESIAN_POINT('',(2.508925418383,1.072625208415,-6.131604477612));
#6990=CARTESIAN_POINT('',(2.648246138589,0.6572853126177,-6.149664179105));
#6991=CARTESIAN_POINT('',(2.719302392996,0.2250024181729,-6.167723880597));
#6992=CARTESIAN_POINT('',(2.720262547761,-0.2130804167142,-6.18578358209));
#6993=CARTESIAN_POINT('',(2.651101852748,-0.6456706274047,-6.203843283582));
#6994=CARTESIAN_POINT('',(2.513603079517,-1.06161723393,-6.221902985075));
#6995=CARTESIAN_POINT('',(2.311310566402,-1.450198282435,-6.239962686567));
#6996=CARTESIAN_POINT('',(2.04943885526,-1.801397227512,-6.25802238806));
#6997=CARTESIAN_POINT('',(1.734738275001,-2.106161131059,-6.276082089552));
#6998=CARTESIAN_POINT('',(1.375320936765,-2.356634021997,-6.294141791045));
#6999=CARTESIAN_POINT('',(0.980451626114,-2.546359401496,-6.312201492537));
#7000=CARTESIAN_POINT('',(0.5603089824735,-2.670446673667,-6.33026119403));
#7001=CARTESIAN_POINT('',(0.1257231219379,-2.725697211604,-6.348320895522));
#7002=CARTESIAN_POINT('',(-0.3121035331873,-2.710686809152,-6.366380597015));
#7003=CARTESIAN_POINT('',(-0.7418850218694,-2.625802392996,-6.384440298507));
#7004=CARTESIAN_POINT('',(-1.15254276523,-2.473232048768,-6.4025));
#7005=CARTESIAN_POINT('',(-1.533491141688,-2.256908618243,-6.420559701493));
#7006=CARTESIAN_POINT('',(-1.874910355025,-1.982408321551,-6.438619402985));
#7007=CARTESIAN_POINT('',(-2.167999561592,-1.656807017632,-6.456679104478));
#7008=CARTESIAN_POINT('',(-2.40520373173,-1.28849780815,-6.47473880597));
#7009=CARTESIAN_POINT('',(-2.580408397557,-0.8869746865341,-6.492798507463));
#7010=CARTESIAN_POINT('',(-2.689097267048,-0.462587809064,-6.510858208955));
#7011=CARTESIAN_POINT('',(-2.728468641557,-0.02627669645148,-6.528917910448));
#7012=CARTESIAN_POINT('',(-2.697507635872,0.4107117567677,-6.54697761194));
#7013=CARTESIAN_POINT('',(-2.597012339145,0.8371131960894,-6.565037313433));
#7014=CARTESIAN_POINT('',(-2.429573242359,1.241936170965,-6.583097014925));
#7015=CARTESIAN_POINT('',(-2.199506462634,1.614745464019,-6.601156716418));
#7016=CARTESIAN_POINT('',(-1.912742485656,1.945931082106,-6.61921641791));
#7017=CARTESIAN_POINT('',(-1.576673294146,2.226955975376,-6.637276119403));
#7018=CARTESIAN_POINT('',(-1.199961822979,2.450576098825,-6.655335820895));
#7019=CARTESIAN_POINT('',(-0.7923186526647,2.611027143746,-6.673395522388));
#7020=CARTESIAN_POINT('',(-0.364251697424,2.704173125682,-6.691455223881));
#7021=CARTESIAN_POINT('',(0.07320465979832,2.727612998671,-6.709514925373));
#7022=CARTESIAN_POINT('',(0.5087740032259,2.680742547575,-6.727574626866));
#7023=CARTESIAN_POINT('',(0.9312285590826,2.564769963074,-6.745634328358));
#7024=CARTESIAN_POINT('',(1.329678616567,2.382684697853,-6.763694029851));
#7025=CARTESIAN_POINT('',(1.693853234498,2.139180406772,-6.781753731343));
#7026=CARTESIAN_POINT('',(2.014364997791,1.840533957419,-6.799813432836));
#7027=CARTESIAN_POINT('',(2.282951999069,1.494443629811,-6.817873134328));
#7028=CARTESIAN_POINT('',(2.492690807806,1.109830676012,-6.835932835821));
#7029=CARTESIAN_POINT('',(2.638174937221,0.6966093549162,-6.853992537313));
#7030=CARTESIAN_POINT('',(2.715654208571,0.2654313700527,-6.872052238806));
#7031=CARTESIAN_POINT('',(2.72313142039,-0.1725887018885,-6.890111940298));
#7032=CARTESIAN_POINT('',(2.660413830825,-0.6061599141238,-6.908171641791));
#7033=CARTESIAN_POINT('',(2.529118125986,-1.024105999176,-6.926231343284));
#7034=CARTESIAN_POINT('',(2.332628746245,-1.41565346216,-6.944291044776));
#7035=CARTESIAN_POINT('',(2.076010644726,-1.770709291703,-6.962350746269));
#7036=CARTESIAN_POINT('',(1.7658787268,-2.08012112988,-6.980410447761));
#7037=CARTESIAN_POINT('',(1.41022733612,-2.335913194705,-6.998470149254));
#7038=CARTESIAN_POINT('',(1.018224182531,-2.531491873747,-7.016529850746));
#7039=CARTESIAN_POINT('',(0.5999740238492,-2.661815689232,-7.034589552239));
#7040=CARTESIAN_POINT('',(0.1662581931384,-2.723525253408,-7.052649253731));
#7041=CARTESIAN_POINT('',(-0.2717433142602,-2.715029864273,-7.070708955224));
#7042=CARTESIAN_POINT('',(-0.7027400301054,-2.636548509477,-7.088768656716));
#7043=CARTESIAN_POINT('',(-1.115622050322,-2.490104221428,-7.106828358209));
#7044=CARTESIAN_POINT('',(-1.499746417618,-2.279471929105,-7.124888059701));
#7045=CARTESIAN_POINT('',(-1.845211467511,-2.010081150825,-7.142947761194));
#7046=CARTESIAN_POINT('',(-2.143112065867,-1.688876036266,-7.161007462686));
#7047=CARTESIAN_POINT('',(-2.385769158646,-1.324136365481,-7.179067164179));
#7048=CARTESIAN_POINT('',(-2.566927716692,-0.925264119058,-7.197126865672));
#7049=CARTESIAN_POINT('',(-2.681917973093,-0.5025411210408,-7.215186567164));
#7050=CARTESIAN_POINT('',(-2.727775796869,-0.06686400192783,-7.233246268657));
#7051=CARTESIAN_POINT('',(-2.703319100071,0.3705366863452,-7.251305970149));
#7052=CARTESIAN_POINT('',(-2.609178308746,0.7983859629937,-7.269365671642));
#7053=CARTESIAN_POINT('',(-2.447780112293,1.205655056225,-7.287425373134));
#7054=CARTESIAN_POINT('',(-2.223284910117,1.581845694492,-7.305485074627));
#7055=CARTESIAN_POINT('',(-1.941479568034,1.917260722918,-7.323544776119));
#7056=CARTESIAN_POINT('',(-1.609628248864,2.203254069143,-7.341604477612));
#7057=CARTESIAN_POINT('',(-1.236285162391,2.432453615177,-7.359664179104));
#7058=CARTESIAN_POINT('',(-0.8310740614764,2.598951230223,-7.377723880597));
#7059=CARTESIAN_POINT('',(-0.4044401683149,2.698455065957,-7.395783582089));
#7060=CARTESIAN_POINT('',(0.0326190745282,2.728400188519,-7.413843283582));
#7061=CARTESIAN_POINT('',(0.4688374877885,2.688014695419,-7.431902985075));
#7062=CARTESIAN_POINT('',(0.8929705664605,2.578339613033,-7.449962686567));
#7063=CARTESIAN_POINT('',(1.294085332075,2.402202061896,-7.46802238806));
#7064=CARTESIAN_POINT('',(1.6618421546,2.164142381054,-7.486082089552));
#7065=CARTESIAN_POINT('',(1.986761279765,1.87029709178,-7.504141791045));
#7066=CARTESIAN_POINT('',(2.260467190041,1.528240710883,-7.522201492537));
#7067=CARTESIAN_POINT('',(2.47590450561,1.146790516027,-7.54026119403));
#7068=CARTESIAN_POINT('',(2.627519840337,0.7357792031104,-7.558320895522));
#7069=CARTESIAN_POINT('',(2.711404998319,0.305801641411,-7.576380597015));
#7070=CARTESIAN_POINT('',(2.725397546171,-0.1320590347652,-7.594440298507));
#7071=CARTESIAN_POINT('',(2.687890641914,-0.421695762186,-7.606480099502));
#7072=CARTESIAN_POINT('',(2.657669832738,-0.5640811776986,-7.6125));
#7073=CARTESIAN_POINT('',(2.657669832738,-0.5640811776986,-7.7005));
#7074=CARTESIAN_POINT('',(2.657669832738,-0.5640811776986,-7.6125));
#7075=VECTOR('',#8307,0.088);
#7076=CARTESIAN_POINT('',(-2.141255559087,1.672250323832,-5.2805));
#7077=CARTESIAN_POINT('',(-2.051664273417,1.78696869808,-5.286519900498));
#7078=CARTESIAN_POINT('',(-1.854004921226,2.001973307866,-5.298559701493));
#7079=CARTESIAN_POINT('',(-1.509723846695,2.272876066907,-5.316619402985));
#7080=CARTESIAN_POINT('',(-1.12652651174,2.485190046141,-5.334679104478));
#7081=CARTESIAN_POINT('',(-0.7142903706665,2.633442779884,-5.35273880597));
#7082=CARTESIAN_POINT('',(-0.2836418158801,2.713812614742,-5.370798507463));
#7083=CARTESIAN_POINT('',(0.1543182457061,2.724227867366,-5.388858208955));
#7084=CARTESIAN_POINT('',(0.588300408172,2.6644200536,-5.406917910448));
#7085=CARTESIAN_POINT('',(1.007117812497,2.535930855646,-5.42497761194));
#7086=CARTESIAN_POINT('',(1.399974503161,2.342072369335,-5.443037313433));
#7087=CARTESIAN_POINT('',(1.756743720634,2.087841730773,-5.461097014925));
#7088=CARTESIAN_POINT('',(2.068228940557,1.7797923031,-5.479156716418));
#7089=CARTESIAN_POINT('',(2.326400934902,1.425864749135,-5.49721641791));
#7090=CARTESIAN_POINT('',(2.524604743229,1.035182342973,-5.515276119403));
#7091=CARTESIAN_POINT('',(2.657731219188,0.6178157972149,-5.533335820896));
#7092=CARTESIAN_POINT('',(2.722348730187,0.184523667824,-5.551395522388));
#7093=CARTESIAN_POINT('',(2.716791615391,-0.2535249717069,-5.569455223881));
#7094=CARTESIAN_POINT('',(2.64120312186,-0.6850384382008,-5.587514925373));
#7095=CARTESIAN_POINT('',(2.497531712035,-1.098893507178,-5.605574626866));
#7096=CARTESIAN_POINT('',(2.289480837757,-1.484422138841,-5.623634328358));
#7097=CARTESIAN_POINT('',(2.022413475521,-1.831686470652,-5.641694029851));
#7098=CARTESIAN_POINT('',(1.703213883761,-2.131734987962,-5.659753731343));
#7099=CARTESIAN_POINT('',(1.340110145697,-2.376833269318,-5.677813432836));
#7100=CARTESIAN_POINT('',(0.9424620720906,-2.560663358469,-5.695873134328));
#7101=CARTESIAN_POINT('',(0.5205199311961,-2.678486623817,-5.713932835821));
#7102=CARTESIAN_POINT('',(0.08516022517286,-2.727265907239,-5.731992537314));
#7103=CARTESIAN_POINT('',(-0.3523946760757,-2.705743813633,-5.750052238806));
#7104=CARTESIAN_POINT('',(-0.7808658165806,-2.614475123085,-5.768111940299));
#7105=CARTESIAN_POINT('',(-1.189208394618,-2.455812490177,-5.786171641791));
#7106=CARTESIAN_POINT('',(-1.566896467169,-2.233845799045,-5.804231343284));
#7107=CARTESIAN_POINT('',(-1.90419427964,-1.954296737479,-5.822291044776));
#7108=CARTESIAN_POINT('',(-2.192407226704,-1.624371307624,-5.840350746269));
#7109=CARTESIAN_POINT('',(-2.424105975194,-1.252574075161,-5.858410447761));
#7110=CARTESIAN_POINT('',(-2.593317971782,-0.8484889451069,-5.876470149254));
#7111=CARTESIAN_POINT('',(-2.695681398891,-0.4225321152399,-5.894529850746));
#7112=CARTESIAN_POINT('',(-2.728557610299,0.01431642469503,-5.912589552239));
#7113=CARTESIAN_POINT('',(-2.691099148144,0.4507959267714,-5.930649253731));
#7114=CARTESIAN_POINT('',(-2.584271588048,0.8756551558386,-5.948708955224));
#7115=CARTESIAN_POINT('',(-2.410828649241,1.277942415266,-5.966768656716));
#7116=CARTESIAN_POINT('',(-2.175241211297,1.647287851413,-5.984828358209));
#7117=CARTESIAN_POINT('',(-1.88358206721,1.974170759793,-6.002888059702));
#7118=CARTESIAN_POINT('',(-1.543369383581,2.250165002519,-6.020947761194));
#7119=CARTESIAN_POINT('',(-1.163372903059,2.468156210852,-6.039007462687));
#7120=CARTESIAN_POINT('',(-0.7533878846146,2.62252517396,-6.057067164179));
#7121=CARTESIAN_POINT('',(-0.3239826088408,2.709292686645,-6.075126865672));
#7122=CARTESIAN_POINT('',(0.1137740431131,2.726222122251,-6.093186567164));
#7123=CARTESIAN_POINT('',(0.5485979147028,2.672877086722,-6.111246268657));
#7124=CARTESIAN_POINT('',(0.9692804483555,2.550632667628,-6.129305970149));
#7125=CARTESIAN_POINT('',(1.364977611104,2.362639988217,-6.147365671642));
#7126=CARTESIAN_POINT('',(1.725489423786,2.113744980157,-6.165425373134));
#7127=CARTESIAN_POINT('',(2.04152288831,1.810363468821,-6.183485074627));
#7128=CARTESIAN_POINT('',(2.304931535467,1.460315791036,-6.201544776119));
#7129=CARTESIAN_POINT('',(2.508925418383,1.072625208415,-6.219604477612));
#7130=CARTESIAN_POINT('',(2.648246138589,0.6572853126177,-6.237664179105));
#7131=CARTESIAN_POINT('',(2.719302392996,0.2250024181729,-6.255723880597));
#7132=CARTESIAN_POINT('',(2.720262547761,-0.2130804167142,-6.27378358209));
#7133=CARTESIAN_POINT('',(2.651101852748,-0.6456706274047,-6.291843283582));
#7134=CARTESIAN_POINT('',(2.513603079517,-1.06161723393,-6.309902985075));
#7135=CARTESIAN_POINT('',(2.311310566402,-1.450198282435,-6.327962686567));
#7136=CARTESIAN_POINT('',(2.04943885526,-1.801397227512,-6.34602238806));
#7137=CARTESIAN_POINT('',(1.734738275001,-2.106161131059,-6.364082089552));
#7138=CARTESIAN_POINT('',(1.375320936765,-2.356634021997,-6.382141791045));
#7139=CARTESIAN_POINT('',(0.980451626114,-2.546359401496,-6.400201492537));
#7140=CARTESIAN_POINT('',(0.5603089824735,-2.670446673667,-6.41826119403));
#7141=CARTESIAN_POINT('',(0.1257231219379,-2.725697211604,-6.436320895522));
#7142=CARTESIAN_POINT('',(-0.3121035331873,-2.710686809152,-6.454380597015));
#7143=CARTESIAN_POINT('',(-0.7418850218694,-2.625802392996,-6.472440298507));
#7144=CARTESIAN_POINT('',(-1.15254276523,-2.473232048768,-6.4905));
#7145=CARTESIAN_POINT('',(-1.533491141688,-2.256908618243,-6.508559701493));
#7146=CARTESIAN_POINT('',(-1.874910355025,-1.982408321551,-6.526619402985));
#7147=CARTESIAN_POINT('',(-2.167999561592,-1.656807017632,-6.544679104478));
#7148=CARTESIAN_POINT('',(-2.40520373173,-1.28849780815,-6.56273880597));
#7149=CARTESIAN_POINT('',(-2.580408397557,-0.8869746865341,-6.580798507463));
#7150=CARTESIAN_POINT('',(-2.689097267048,-0.462587809064,-6.598858208955));
#7151=CARTESIAN_POINT('',(-2.728468641557,-0.02627669645148,-6.616917910448));
#7152=CARTESIAN_POINT('',(-2.697507635872,0.4107117567677,-6.63497761194));
#7153=CARTESIAN_POINT('',(-2.597012339145,0.8371131960894,-6.653037313433));
#7154=CARTESIAN_POINT('',(-2.429573242359,1.241936170965,-6.671097014925));
#7155=CARTESIAN_POINT('',(-2.199506462634,1.614745464019,-6.689156716418));
#7156=CARTESIAN_POINT('',(-1.912742485656,1.945931082106,-6.70721641791));
#7157=CARTESIAN_POINT('',(-1.576673294146,2.226955975376,-6.725276119403));
#7158=CARTESIAN_POINT('',(-1.199961822979,2.450576098825,-6.743335820895));
#7159=CARTESIAN_POINT('',(-0.7923186526647,2.611027143746,-6.761395522388));
#7160=CARTESIAN_POINT('',(-0.364251697424,2.704173125682,-6.779455223881));
#7161=CARTESIAN_POINT('',(0.07320465979832,2.727612998671,-6.797514925373));
#7162=CARTESIAN_POINT('',(0.5087740032259,2.680742547575,-6.815574626866));
#7163=CARTESIAN_POINT('',(0.9312285590826,2.564769963074,-6.833634328358));
#7164=CARTESIAN_POINT('',(1.329678616567,2.382684697853,-6.851694029851));
#7165=CARTESIAN_POINT('',(1.693853234498,2.139180406772,-6.869753731343));
#7166=CARTESIAN_POINT('',(2.014364997791,1.840533957419,-6.887813432836));
#7167=CARTESIAN_POINT('',(2.282951999069,1.494443629811,-6.905873134328));
#7168=CARTESIAN_POINT('',(2.492690807806,1.109830676012,-6.923932835821));
#7169=CARTESIAN_POINT('',(2.638174937221,0.6966093549162,-6.941992537313));
#7170=CARTESIAN_POINT('',(2.715654208571,0.2654313700527,-6.960052238806));
#7171=CARTESIAN_POINT('',(2.72313142039,-0.1725887018885,-6.978111940298));
#7172=CARTESIAN_POINT('',(2.660413830825,-0.6061599141238,-6.996171641791));
#7173=CARTESIAN_POINT('',(2.529118125986,-1.024105999176,-7.014231343284));
#7174=CARTESIAN_POINT('',(2.332628746245,-1.41565346216,-7.032291044776));
#7175=CARTESIAN_POINT('',(2.076010644726,-1.770709291703,-7.050350746269));
#7176=CARTESIAN_POINT('',(1.7658787268,-2.08012112988,-7.068410447761));
#7177=CARTESIAN_POINT('',(1.41022733612,-2.335913194705,-7.086470149254));
#7178=CARTESIAN_POINT('',(1.018224182531,-2.531491873747,-7.104529850746));
#7179=CARTESIAN_POINT('',(0.5999740238492,-2.661815689232,-7.122589552239));
#7180=CARTESIAN_POINT('',(0.1662581931384,-2.723525253408,-7.140649253731));
#7181=CARTESIAN_POINT('',(-0.2717433142602,-2.715029864273,-7.158708955224));
#7182=CARTESIAN_POINT('',(-0.7027400301054,-2.636548509477,-7.176768656716));
#7183=CARTESIAN_POINT('',(-1.115622050322,-2.490104221428,-7.194828358209));
#7184=CARTESIAN_POINT('',(-1.499746417618,-2.279471929105,-7.212888059701));
#7185=CARTESIAN_POINT('',(-1.845211467511,-2.010081150825,-7.230947761194));
#7186=CARTESIAN_POINT('',(-2.143112065867,-1.688876036266,-7.249007462686));
#7187=CARTESIAN_POINT('',(-2.385769158646,-1.324136365481,-7.267067164179));
#7188=CARTESIAN_POINT('',(-2.566927716692,-0.925264119058,-7.285126865672));
#7189=CARTESIAN_POINT('',(-2.681917973093,-0.5025411210408,-7.303186567164));
#7190=CARTESIAN_POINT('',(-2.727775796869,-0.06686400192783,-7.321246268657));
#7191=CARTESIAN_POINT('',(-2.703319100071,0.3705366863452,-7.339305970149));
#7192=CARTESIAN_POINT('',(-2.609178308746,0.7983859629937,-7.357365671642));
#7193=CARTESIAN_POINT('',(-2.447780112293,1.205655056225,-7.375425373134));
#7194=CARTESIAN_POINT('',(-2.223284910117,1.581845694492,-7.393485074627));
#7195=CARTESIAN_POINT('',(-1.941479568034,1.917260722918,-7.411544776119));
#7196=CARTESIAN_POINT('',(-1.609628248864,2.203254069143,-7.429604477612));
#7197=CARTESIAN_POINT('',(-1.236285162391,2.432453615177,-7.447664179104));
#7198=CARTESIAN_POINT('',(-0.8310740614764,2.598951230223,-7.465723880597));
#7199=CARTESIAN_POINT('',(-0.4044401683149,2.698455065957,-7.483783582089));
#7200=CARTESIAN_POINT('',(0.0326190745282,2.728400188519,-7.501843283582));
#7201=CARTESIAN_POINT('',(0.4688374877885,2.688014695419,-7.519902985075));
#7202=CARTESIAN_POINT('',(0.8929705664605,2.578339613033,-7.537962686567));
#7203=CARTESIAN_POINT('',(1.294085332075,2.402202061896,-7.55602238806));
#7204=CARTESIAN_POINT('',(1.6618421546,2.164142381054,-7.574082089552));
#7205=CARTESIAN_POINT('',(1.986761279765,1.87029709178,-7.592141791045));
#7206=CARTESIAN_POINT('',(2.260467190041,1.528240710883,-7.610201492537));
#7207=CARTESIAN_POINT('',(2.47590450561,1.146790516027,-7.62826119403));
#7208=CARTESIAN_POINT('',(2.627519840337,0.7357792031104,-7.646320895522));
#7209=CARTESIAN_POINT('',(2.711404998319,0.305801641411,-7.664380597015));
#7210=CARTESIAN_POINT('',(2.725397546171,-0.1320590347652,-7.682440298507));
#7211=CARTESIAN_POINT('',(2.687890641914,-0.421695762186,-7.694480099502));
#7212=CARTESIAN_POINT('',(2.657669832738,-0.5640811776986,-7.7005));
#7213=CARTESIAN_POINT('',(2.657669832738,-0.5640811776986,-7.7005));
#7214=VECTOR('',#8308,0.529);
#7215=CARTESIAN_POINT('',(-2.635909650652,-0.6583136247074,-10.1205));
#7216=CARTESIAN_POINT('',(2.657669832738,-0.5640811776986,-7.7005));
#7217=CARTESIAN_POINT('',(2.627449023561,-0.7064665932109,-7.706519900498));
#7218=CARTESIAN_POINT('',(2.544073469745,-0.9863678593096,-7.718559701493));
#7219=CARTESIAN_POINT('',(2.353430645087,-1.380795389463,-7.736619402985));
#7220=CARTESIAN_POINT('',(2.102122966688,-1.739629437558,-7.754679104478));
#7221=CARTESIAN_POINT('',(1.796628346024,-2.05362075243,-7.77273880597));
#7222=CARTESIAN_POINT('',(1.444821618408,-2.314675372192,-7.790798507463));
#7223=CARTESIAN_POINT('',(1.055771381296,-2.516064066102,-7.808858208955));
#7224=CARTESIAN_POINT('',(0.639506276517,-2.652595580667,-7.826917910448));
#7225=CARTESIAN_POINT('',(0.2067564673854,-2.720750513381,-7.84497761194));
#7226=CARTESIAN_POINT('',(-0.2313229519773,-2.718772017766,-7.863037313433));
#7227=CARTESIAN_POINT('',(-0.6634395050144,-2.646711094157,-7.881097014925));
#7228=CARTESIAN_POINT('',(-1.078454421332,-2.50642527394,-7.899156716418));
#7229=CARTESIAN_POINT('',(-1.465669763476,-2.301530737829,-7.91721641791));
#7230=CARTESIAN_POINT('',(-1.815104190173,-2.037309100641,-7.935276119403));
#7231=CARTESIAN_POINT('',(-2.117750247728,-1.720571265884,-7.953335820896));
#7232=CARTESIAN_POINT('',(-2.365806557278,-1.359481859487,-7.971395522388));
#7233=CARTESIAN_POINT('',(-2.552878912783,-0.9633487683101,-7.989455223881));
#7234=CARTESIAN_POINT('',(-2.674145105978,-0.5423832085455,-8.007514925373));
#7235=CARTESIAN_POINT('',(-2.726479229577,-0.1074365087916,-8.025574626866));
#7236=CARTESIAN_POINT('',(-2.708532254524,0.3302796072086,-8.043634328358));
#7237=CARTESIAN_POINT('',(-2.620766804232,0.7594820278153,-8.061694029851));
#7238=CARTESIAN_POINT('',(-2.465445229427,1.169107100925,-8.079753731343));
#7239=CARTESIAN_POINT('',(-2.246571291006,1.548595824341,-8.097813432836));
#7240=CARTESIAN_POINT('',(-1.969786954141,1.888166027666,-8.115873134328));
#7241=CARTESIAN_POINT('',(-1.642226954016,2.179064529618,-8.133932835821));
#7242=CARTESIAN_POINT('',(-1.272334882071,2.413792770849,-8.151992537314));
#7243=CARTESIAN_POINT('',(-0.8696455335508,2.586300106081,-8.170052238806));
#7244=CARTESIAN_POINT('',(-0.4445391268438,2.692139773014,-8.188111940299));
#7245=CARTESIAN_POINT('',(-0.007973730136268,2.728583517572,-8.206171641791));
#7246=CARTESIAN_POINT('',(0.4287972072951,2.69469192075,-8.224231343284));
#7247=CARTESIAN_POINT('',(0.8545149379019,2.591338614238,-8.242291044776));
#7248=CARTESIAN_POINT('',(1.258205635257,2.421187760614,-8.260350746269));
#7249=CARTESIAN_POINT('',(1.629463268968,2.188625378593,-8.278410447761));
#7250=CARTESIAN_POINT('',(1.95871784338,1.899646283591,-8.296470149254));
#7251=CARTESIAN_POINT('',(2.237482085613,1.561699557949,-8.314529850746));
#7252=CARTESIAN_POINT('',(2.458570223995,1.183496534182,-8.332589552239));
#7253=CARTESIAN_POINT('',(2.616283217399,0.7747862409034,-8.350649253731));
#7254=CARTESIAN_POINT('',(2.706555660767,0.3461040998148,-8.368708955224));
#7255=CARTESIAN_POINT('',(2.727060580018,-0.09149964834828,-8.386768656716));
#7256=CARTESIAN_POINT('',(2.67726941501,-0.5267447884786,-8.404828358209));
#7257=CARTESIAN_POINT('',(2.558465644355,-0.9484119038647,-8.422888059702));
#7258=CARTESIAN_POINT('',(2.373711700892,-1.345631581744,-8.440947761194));
#7259=CARTESIAN_POINT('',(2.127770030629,-1.708164596721,-8.459007462687));
#7260=CARTESIAN_POINT('',(1.826980330054,-2.026665849698,-8.477067164179));
#7261=CARTESIAN_POINT('',(1.479096126275,-2.292925258698,-8.495126865672));
#7262=CARTESIAN_POINT('',(1.093084912527,-2.500079392088,-8.513186567164));
#7263=CARTESIAN_POINT('',(0.6788969909794,-2.642788388876,-8.531246268657));
#7264=CARTESIAN_POINT('',(0.2472089814503,-2.717373605566,-8.549305970149));
#7265=CARTESIAN_POINT('',(-0.1908513923442,-2.721912441424,-8.567365671642));
#7266=CARTESIAN_POINT('',(-0.6239921447502,-2.656287897805,-8.585425373134));
#7267=CARTESIAN_POINT('',(-1.041048104355,-2.522191594062,-8.603485074627));
#7268=CARTESIAN_POINT('',(-1.431268721248,-2.323080162266,-8.621544776119));
#7269=CARTESIAN_POINT('',(-1.78459518648,-2.064086144793,-8.639604477612));
#7270=CARTESIAN_POINT('',(-2.091919720359,-1.751885691565,-8.657664179105));
#7271=CARTESIAN_POINT('',(-2.345320345835,-1.394526467354,-8.675723880597));
#7272=CARTESIAN_POINT('',(-2.538265095172,-1.001220205234,-8.69378358209));
#7273=CARTESIAN_POINT('',(-2.665780386025,-0.5821052535575,-8.711843283582));
#7274=CARTESIAN_POINT('',(-2.724579226644,-0.1479852373617,-8.729902985075));
#7275=CARTESIAN_POINT('',(-2.713145945434,0.2899494292277,-8.747962686567));
#7276=CARTESIAN_POINT('',(-2.631775260785,0.7204100009409,-8.76602238806));
#7277=CARTESIAN_POINT('',(-2.482564684041,1.132300394016,-8.784082089552));
#7278=CARTESIAN_POINT('',(-2.269360451458,1.515003212569,-8.802141791045));
#7279=CARTESIAN_POINT('',(-1.997658378863,1.858653435715,-8.820201492537));
#7280=CARTESIAN_POINT('',(-1.674462194715,2.154392710536,-8.83826119403));
#7281=CARTESIAN_POINT('',(-1.308103003337,2.394597695939,-8.856320895522));
#7282=CARTESIAN_POINT('',(-0.9080245320804,2.57307657132,-8.874380597015));
#7283=CARTESIAN_POINT('',(-0.4845396981328,2.68522864458,-8.892440298507));
#7284=CARTESIAN_POINT('',(-0.0485647700169,2.728162945253,-8.9105));
#7285=CARTESIAN_POINT('',(0.3886620236389,2.700772745737,-8.928559701493));
#7286=CARTESIAN_POINT('',(0.8158701845724,2.603764089671,-8.946619402985));
#7287=CARTESIAN_POINT('',(1.222047467182,2.43963759208,-8.964679104478));
#7288=CARTESIAN_POINT('',(1.596723743782,2.212623980432,-8.98273880597));
#7289=CARTESIAN_POINT('',(1.930240895551,1.928575038177,-9.000798507463));
#7290=CARTESIAN_POINT('',(2.214001772146,1.594812761948,-9.018858208955));
#7291=CARTESIAN_POINT('',(2.440691802473,1.219940620718,-9.036917910448));
#7292=CARTESIAN_POINT('',(2.604467544113,0.8136217821562,-9.05497761194));
#7293=CARTESIAN_POINT('',(2.701107311116,0.3863300228704,-9.073037313433));
#7294=CARTESIAN_POINT('',(2.728119997398,-0.05092025660327,-9.091097014925));
#7295=CARTESIAN_POINT('',(2.684809290569,-0.4868579526034,-9.109156716418));
#7296=CARTESIAN_POINT('',(2.57229162094,-0.9102457962425,-9.12721641791));
#7297=CARTESIAN_POINT('',(2.393467383042,-1.31017001914,-9.145276119403));
#7298=CARTESIAN_POINT('',(2.152946171462,-1.676321680204,-9.163335820895));
#7299=CARTESIAN_POINT('',(1.856927958245,-1.999262401643,-9.181395522388));
#7300=CARTESIAN_POINT('',(1.513043274743,-2.270667664254,-9.199455223881));
#7301=CARTESIAN_POINT('',(1.130156517614,-2.483541390521,-9.217514925373));
#7302=CARTESIAN_POINT('',(0.7181374491703,-2.632396284156,-9.235574626866));
#7303=CARTESIAN_POINT('',(0.2876067821921,-2.713395277429,-9.253634328358));
#7304=CARTESIAN_POINT('',(-0.1503375926966,-2.724450440173,-9.271694029851));
#7305=CARTESIAN_POINT('',(-0.584406679973,-2.665276800848,-9.289753731343));
#7306=CARTESIAN_POINT('',(-1.003411378318,-2.537399692323,-9.307813432836));
#7307=CARTESIAN_POINT('',(-1.396550904721,-2.344115433007,-9.325873134328));
#7308=CARTESIAN_POINT('',(-1.753691208815,-2.090406356875,-9.343932835821));
#7309=CARTESIAN_POINT('',(-2.065626200682,-1.782812382667,-9.361992537313));
#7310=CARTESIAN_POINT('',(-2.324315058409,-1.429262432861,-9.380052238806));
#7311=CARTESIAN_POINT('',(-2.52308949825,-1.038870047964,-9.398111940298));
#7312=CARTESIAN_POINT('',(-2.656825664551,-0.6216984646278,-9.416171641791));
#7313=CARTESIAN_POINT('',(-2.722076208586,-0.1885012132249,-9.434231343284));
#7314=CARTESIAN_POINT('',(-2.71715915168,0.2495550784447,-9.452291044776));
#7315=CARTESIAN_POINT('',(-2.64220124197,0.6811785299529,-9.470350746269));
#7316=CARTESIAN_POINT('',(-2.499134687187,1.095243081711,-9.488410447761));
#7317=CARTESIAN_POINT('',(-2.291647347683,1.481075294033,-9.506470149254));
#7318=CARTESIAN_POINT('',(-2.025087673583,1.828729478911,-9.524529850746));
#7319=CARTESIAN_POINT('',(-1.706326836524,2.129244072363,-9.542589552239));
#7320=CARTESIAN_POINT('',(-1.343581609843,2.37487263878,-9.560649253731));
#7321=CARTESIAN_POINT('',(-0.9462025628698,2.559283552629,-9.578708955224));
#7322=CARTESIAN_POINT('',(-0.5244330290939,2.677723210254,-9.596768656716));
#7323=CARTESIAN_POINT('',(-0.0891450613412,2.727138564645,-9.614828358209));
#7324=CARTESIAN_POINT('',(0.3484408196992,2.706255824549,-9.632888059701));
#7325=CARTESIAN_POINT('',(0.7770448594852,2.615613289285,-9.650947761194));
#7326=CARTESIAN_POINT('',(1.185618830517,2.457547472881,-9.669007462686));
#7327=CARTESIAN_POINT('',(1.563630825103,2.236132875194,-9.687067164179));
#7328=CARTESIAN_POINT('',(1.901336738835,1.957076952573,-9.705126865672));
#7329=CARTESIAN_POINT('',(2.190031446664,1.627572995401,-9.723186567164));
#7330=CARTESIAN_POINT('',(2.422273196962,1.256114704959,-9.741246268657));
#7331=CARTESIAN_POINT('',(2.592075439315,0.8522772492772,-9.759305970149));
#7332=CARTESIAN_POINT('',(2.695061141242,0.4264704417712,-9.777365671642));
#7333=CARTESIAN_POINT('',(2.728575615995,-0.01032959497546,-9.795425373134));
#7334=CARTESIAN_POINT('',(2.691754953049,-0.4468633633142,-9.813485074627));
#7335=CARTESIAN_POINT('',(2.585548287323,-0.8718782292603,-9.831544776119));
#7336=CARTESIAN_POINT('',(2.412693333108,-1.274418484295,-9.849604477612));
#7337=CARTESIAN_POINT('',(2.17764581336,-1.644107753249,-9.867664179104));
#7338=CARTESIAN_POINT('',(1.886464603474,-1.971416468577,-9.885723880597));
#7339=CARTESIAN_POINT('',(1.546655550229,-2.247907516266,-9.90378358209));
#7340=CARTESIAN_POINT('',(1.166977991796,-2.466453721317,-9.921843283582));
#7341=CARTESIAN_POINT('',(0.757218966219,-2.621421566621,-9.939902985075));
#7342=CARTESIAN_POINT('',(0.327940928615,-2.708816409438,-9.957962686567));
#7343=CARTESIAN_POINT('',(-0.1097905197025,-2.726385452325,-9.97602238806));
#7344=CARTESIAN_POINT('',(-0.5446918719151,-2.673675813735,-9.994082089552));
#7345=CARTESIAN_POINT('',(-0.965552573043,-2.552046203144,-10.01214179104));
#7346=CARTESIAN_POINT('',(-1.361523998091,-2.364631893186,-10.03020149254));
#7347=CARTESIAN_POINT('',(-1.722399095795,-2.116263916281,-10.04826119403));
#7348=CARTESIAN_POINT('',(-2.038875512453,-1.813344476876,-10.06632089552));
#7349=CARTESIAN_POINT('',(-2.302795327664,-1.463682133417,-10.08438059701));
#7350=CARTESIAN_POINT('',(-2.507355541612,-1.076289719957,-10.10244029851));
#7351=CARTESIAN_POINT('',(-2.600640311385,-0.7995332322893,-10.1144800995));
#7352=CARTESIAN_POINT('',(-2.635909650652,-0.6583136247074,-10.1205));
#7353=CARTESIAN_POINT('',(-2.635909650652,-0.6583136247074,-10.1205));
#7354=VECTOR('',#8309,0.529);
#7355=CARTESIAN_POINT('',(1.838214296537,-2.000591092208,-11.3));
#7356=CARTESIAN_POINT('',(-2.635909650652,-0.6583136247074,-10.1205));
#7357=CARTESIAN_POINT('',(-2.670810883305,-0.5185679282566,-10.12645707071));
#7358=CARTESIAN_POINT('',(-2.718339701408,-0.2335155664438,-10.13837121212));
#7359=CARTESIAN_POINT('',(-2.721013957995,0.1999590143504,-10.15624242424));
#7360=CARTESIAN_POINT('',(-2.655001299943,0.6283856399027,-10.17411363636));
#7361=CARTESIAN_POINT('',(-2.521968208494,1.040949964329,-10.19198484848));
#7362=CARTESIAN_POINT('',(-2.325272819605,1.427237460145,-10.20985606061));
#7363=CARTESIAN_POINT('',(-2.069880342686,1.777497067917,-10.22772727273));
#7364=CARTESIAN_POINT('',(-1.762237672819,2.082887140987,-10.24559848485));
#7365=CARTESIAN_POINT('',(-1.410110664693,2.335698690213,-10.26346969697));
#7366=CARTESIAN_POINT('',(-1.022388094744,2.529549968219,-10.28134090909));
#7367=CARTESIAN_POINT('',(-0.6088572818699,2.659547568356,-10.29921212121));
#7368=CARTESIAN_POINT('',(-0.1799570249199,2.72240994841,-10.31708333333));
#7369=CARTESIAN_POINT('',(0.2534859048568,2.71655026717,-10.33495454545));
#7370=CARTESIAN_POINT('',(0.6805300650796,2.642116441141,-10.35282575758));
#7371=CARTESIAN_POINT('',(1.090395538134,2.500987410692,-10.3706969697));
#7372=CARTESIAN_POINT('',(1.472736049692,2.296725709779,-10.38856818182));
#7373=CARTESIAN_POINT('',(1.817900140725,2.03448753655,-10.40643939394));
#7374=CARTESIAN_POINT('',(2.117174800236,1.720892594925,-10.42431060606));
#7375=CARTESIAN_POINT('',(2.363005408647,1.36385699277,-10.44218181818));
#7376=CARTESIAN_POINT('',(2.549186439803,0.9723934148023,-10.4600530303));
#7377=CARTESIAN_POINT('',(2.671018107676,0.5563836145078,-10.47792424242));
#7378=CARTESIAN_POINT('',(2.725425003527,0.1263289680713,-10.49579545455));
#7379=CARTESIAN_POINT('',(2.711033728749,-0.3069146128945,-10.51366666667));
#7380=CARTESIAN_POINT('',(2.628207563703,-0.7324107181899,-10.53153787879));
#7381=CARTESIAN_POINT('',(2.479037297394,-1.139418507903,-10.54940909091));
#7382=CARTESIAN_POINT('',(2.267288449484,-1.517663844486,-10.56728030303));
#7383=CARTESIAN_POINT('',(1.998306216905,-1.857598643815,-10.58515151515));
#7384=CARTESIAN_POINT('',(1.678880544532,-2.150641898415,-10.60302272727));
#7385=CARTESIAN_POINT('',(1.317074725936,-2.389396288673,-10.62089393939));
#7386=CARTESIAN_POINT('',(0.9220218608754,-2.567834914104,-10.63876515152));
#7387=CARTESIAN_POINT('',(0.5036943075644,-2.681453430987,-10.65663636364));
#7388=CARTESIAN_POINT('',(0.0726519494534,-2.727383755958,-10.67450757576));
#7389=CARTESIAN_POINT('',(-0.3602243689422,-2.704466465321,-10.69237878788));
#7390=CARTESIAN_POINT('',(-0.7840075082676,-2.613280062489,-10.71025));
#7391=CARTESIAN_POINT('',(-1.187999869179,-2.456126374773,-10.72812121212));
#7392=CARTESIAN_POINT('',(-1.562003432894,-2.236972448121,-10.74599242424));
#7393=CARTESIAN_POINT('',(-1.896577190776,-1.961350406596,-10.76386363636));
#7394=CARTESIAN_POINT('',(-2.183275464646,-1.63621780442,-10.78173484848));
#7395=CARTESIAN_POINT('',(-2.414861101862,-1.269781995753,-10.79960606061));
#7396=CARTESIAN_POINT('',(-2.585488163473,-0.8712929556483,-10.81747727273));
#7397=CARTESIAN_POINT('',(-2.690849493832,-0.4508097820219,-10.83534848485));
#7398=CARTESIAN_POINT('',(-2.728285446544,-0.01894677285994,-10.85321969697));
#7399=CARTESIAN_POINT('',(-2.696851022182,0.4133945115474,-10.87109090909));
#7400=CARTESIAN_POINT('',(-2.597339723005,0.8353004377607,-10.88896212121));
#7401=CARTESIAN_POINT('',(-2.432263522495,1.236120793111,-10.90683333333));
#7402=CARTESIAN_POINT('',(-2.205789455371,1.605737630062,-10.92470454545));
#7403=CARTESIAN_POINT('',(-1.923634428717,1.934820674554,-10.94257575758));
#7404=CARTESIAN_POINT('',(-1.592920909539,2.215062851022,-10.9604469697));
#7405=CARTESIAN_POINT('',(-1.221997131635,2.439389978724,-10.97831818182));
#7406=CARTESIAN_POINT('',(-0.8202263603038,2.602139345978,-10.99618939394));
#7407=CARTESIAN_POINT('',(-0.3977505345247,2.699202654546,-11.01406060606));
#7408=CARTESIAN_POINT('',(0.03476574700228,2.728129725812,-11.03193181818));
#7409=CARTESIAN_POINT('',(0.4664044333684,2.688190350879,-11.0498030303));
#7410=CARTESIAN_POINT('',(0.8862696268857,2.580392723305,-11.06767424242));
#7411=CARTESIAN_POINT('',(1.283762629301,2.407457989174,-11.08554545455));
#7412=CARTESIAN_POINT('',(1.648849485773,2.173751556937,-11.10341666667));
#7413=CARTESIAN_POINT('',(1.972314272986,1.885172900984,-11.12128787879));
#7414=CARTESIAN_POINT('',(2.245991737588,1.549006640619,-11.13915909091));
#7415=CARTESIAN_POINT('',(2.46297341253,1.173738653746,-11.15703030303));
#7416=CARTESIAN_POINT('',(2.617782008004,0.7688418668534,-11.17490151515));
#7417=CARTESIAN_POINT('',(2.706509675872,0.3445371296244,-11.19277272727));
#7418=CARTESIAN_POINT('',(2.726916653343,-0.08846479328916,-11.21064393939));
#7419=CARTESIAN_POINT('',(2.678487810945,-0.5192335865147,-11.22851515152));
#7420=CARTESIAN_POINT('',(2.56244562082,-0.9368953312064,-11.24638636364));
#7421=CARTESIAN_POINT('',(2.381719428996,-1.330906876179,-11.26425757576));
#7422=CARTESIAN_POINT('',(2.140871019758,-1.691322428546,-11.28212878788));
#7423=CARTESIAN_POINT('',(1.944277866765,-1.903136103687,-11.29404292929));
#7424=CARTESIAN_POINT('',(1.838214296537,-2.000591092208,-11.3));
#7425=CARTESIAN_POINT('',(0.1412360512366,3.171857086615,-11.3));
#7426=CARTESIAN_POINT('',(0.3055118029117,3.154424987882,-11.3));
#7427=CARTESIAN_POINT('',(0.6254038944164,3.094831077578,-11.3));
#7428=CARTESIAN_POINT('',(1.084054663351,2.933397775244,-11.3));
#7429=CARTESIAN_POINT('',(1.508388238331,2.705085096224,-11.3));
#7430=CARTESIAN_POINT('',(1.891658282409,2.413843581532,-11.3));
#7431=CARTESIAN_POINT('',(2.219767271515,2.071797673938,-11.3));
#7432=CARTESIAN_POINT('',(2.489892890168,1.68432425953,-11.3));
#7433=CARTESIAN_POINT('',(2.694406992504,1.262256257535,-11.3));
#7434=CARTESIAN_POINT('',(2.828842457924,0.8188044200271,-11.3));
#7435=CARTESIAN_POINT('',(2.891941988416,0.3604167692987,-11.3));
#7436=CARTESIAN_POINT('',(2.881672818179,-0.09748629737113,-11.3));
#7437=CARTESIAN_POINT('',(2.800857613585,-0.5420354259539,-11.3));
#7438=CARTESIAN_POINT('',(2.649809488332,-0.9694476115212,-11.3));
#7439=CARTESIAN_POINT('',(2.438015119987,-1.358383802595,-11.3));
#7440=CARTESIAN_POINT('',(2.164600229075,-1.711661360518,-11.3));
#7441=CARTESIAN_POINT('',(1.952552287836,-1.909705723495,-11.3));
#7442=CARTESIAN_POINT('',(1.838214296537,-2.000591092208,-11.3));
#7443=CARTESIAN_POINT('',(-3.2,0.0,-11.3));
#7444=CARTESIAN_POINT('',(3.2,0.0,-11.3));
#7445=AXIS2_PLACEMENT_3D('',#8310,#8311,#8312);
#7446=AXIS2_PLACEMENT_3D('',#8313,#8314,#8315);
#7447=CARTESIAN_POINT('',(-0.1087779788548,-2.714694066473,-11.3));
#7448=CARTESIAN_POINT('',(1.838214296537,-2.000591092208,-11.3));
#7449=CARTESIAN_POINT('',(1.759464936441,-2.07294881096,-11.3));
#7450=CARTESIAN_POINT('',(1.600570578982,-2.201761996918,-11.3));
#7451=CARTESIAN_POINT('',(1.367553340858,-2.352638254945,-11.3));
#7452=CARTESIAN_POINT('',(1.1361206203,-2.472321721041,-11.3));
#7453=CARTESIAN_POINT('',(0.9009408191095,-2.567316023843,-11.3));
#7454=CARTESIAN_POINT('',(0.6564358636494,-2.640546921903,-11.3));
#7455=CARTESIAN_POINT('',(0.4031818615756,-2.690939603898,-11.3));
#7456=CARTESIAN_POINT('',(0.1464157315057,-2.716961747634,-11.3));
#7457=CARTESIAN_POINT('',(-0.02369930665679,-2.718103173679,-11.3));
#7458=CARTESIAN_POINT('',(-0.1087779788548,-2.714694066473,-11.3));
#7459=CARTESIAN_POINT('',(-0.1087779788548,-2.714694066473,-11.3));
#7460=CARTESIAN_POINT('',(-0.263195755379,-2.719554073805,-11.3));
#7461=CARTESIAN_POINT('',(-0.5688414313209,-2.703154476231,-11.3));
#7462=CARTESIAN_POINT('',(-1.023252439051,-2.601088386876,-11.3));
#7463=CARTESIAN_POINT('',(-1.456929680415,-2.423341691143,-11.3));
#7464=CARTESIAN_POINT('',(-1.859790220921,-2.172900769928,-11.3));
#7465=CARTESIAN_POINT('',(-2.218210723495,-1.856480983955,-11.3));
#7466=CARTESIAN_POINT('',(-2.5230335599,-1.479967657657,-11.3));
#7467=CARTESIAN_POINT('',(-2.761361872856,-1.057257444091,-11.3));
#7468=CARTESIAN_POINT('',(-2.925170421783,-0.607144942602,-11.3));
#7469=CARTESIAN_POINT('',(-3.011589163566,-0.154732216129,-11.3));
#7470=CARTESIAN_POINT('',(-3.028572867846,0.2592057179723,-11.3));
#7471=CARTESIAN_POINT('',(-2.99719488835,0.6230395001732,-11.3));
#7472=CARTESIAN_POINT('',(-2.930870454831,0.9520687707953,-11.3));
#7473=CARTESIAN_POINT('',(-2.835774580745,1.255469041162,-11.3));
#7474=CARTESIAN_POINT('',(-2.710896053802,1.546851806783,-11.3));
#7475=CARTESIAN_POINT('',(-2.5546612707,1.827766466707,-11.3));
#7476=CARTESIAN_POINT('',(-2.370428922536,2.090963645837,-11.3));
#7477=CARTESIAN_POINT('',(-2.231911822153,2.251489527589,-11.3));
#7478=CARTESIAN_POINT('',(-2.15856189315779,2.32835468757164,-11.3));
#7479=CARTESIAN_POINT('',(-3.2,0.0,-12.7));
#7480=CARTESIAN_POINT('',(-3.1,0.7937253933194,-12.6));
#7481=CARTESIAN_POINT('',(-3.2,0.0,-12.7));
#7482=CARTESIAN_POINT('',(-3.2,0.07807819200366,-12.68619759524));
#7483=CARTESIAN_POINT('',(-3.194286055497,0.2282174469006,-12.65971524257));
#7484=CARTESIAN_POINT('',(-3.172460550689,0.4343842552637,-12.62763612082));
#7485=CARTESIAN_POINT('',(-3.140487094183,0.6234559699689,-12.60582778028));
#7486=CARTESIAN_POINT('',(-3.114042606995,0.738880125609,-12.6));
#7487=CARTESIAN_POINT('',(-3.1,0.7937253933194,-12.6));
#7488=CARTESIAN_POINT('',(-3.2,0.0,-11.3));
#7489=VECTOR('',#8316,1.4);
#7490=CARTESIAN_POINT('',(3.2,0.0,-12.7));
#7491=CARTESIAN_POINT('',(3.2,0.0,-12.7));
#7492=VECTOR('',#8317,1.4);
#7493=CARTESIAN_POINT('',(3.1,0.7937253933194,-12.6));
#7494=CARTESIAN_POINT('',(3.1,0.7937253933194,-12.6));
#7495=CARTESIAN_POINT('',(3.10992220789,0.7549728918665,-12.6));
#7496=CARTESIAN_POINT('',(3.127504053794,0.6801972982088,-12.60287690406));
#7497=CARTESIAN_POINT('',(3.147746625009,0.578780127941,-12.61135270193));
#7498=CARTESIAN_POINT('',(3.163911406096,0.4824539225908,-12.62232666977));
#7499=CARTESIAN_POINT('',(3.176977061208,0.3871909199127,-12.63531563306));
#7500=CARTESIAN_POINT('',(3.187266574817,0.2906851174352,-12.65009507563));
#7501=CARTESIAN_POINT('',(3.194645654444,0.1934135545991,-12.66617162785));
#7502=CARTESIAN_POINT('',(3.199039949659,0.09627436609367,-12.68298029353));
#7503=CARTESIAN_POINT('',(3.2,0.03202616335045,-12.69433852068));
#7504=CARTESIAN_POINT('',(3.2,0.0,-12.7));
#7505=CARTESIAN_POINT('',(0.7937253933194,3.1,-12.6));
#7506=AXIS2_PLACEMENT_3D('',#8318,#8319,#8320);
#7507=CARTESIAN_POINT('',(0.0,3.2,-12.7));
#7508=CARTESIAN_POINT('',(0.0,3.2,-12.7));
#7509=CARTESIAN_POINT('',(0.03205342341755,3.2,-12.69433370174));
#7510=CARTESIAN_POINT('',(0.0963417132009,3.199038195748,-12.6829684172));
#7511=CARTESIAN_POINT('',(0.1934734934261,3.194641646967,-12.66616156068));
#7512=CARTESIAN_POINT('',(0.2907428098945,3.187262263404,-12.6500855151));
#7513=CARTESIAN_POINT('',(0.3874598917555,3.176947276739,-12.63527482273));
#7514=CARTESIAN_POINT('',(0.4829563654165,3.163835473129,-12.62226265566));
#7515=CARTESIAN_POINT('',(0.5791192881941,3.147680549726,-12.611322304));
#7516=CARTESIAN_POINT('',(0.6801877077498,3.127503553478,-12.60288088516));
#7517=CARTESIAN_POINT('',(0.7549524160923,3.109927450516,-12.6));
#7518=CARTESIAN_POINT('',(0.7937253933194,3.1,-12.6));
#7519=CARTESIAN_POINT('',(-0.7937253933194,3.1,-12.6));
#7520=CARTESIAN_POINT('',(-0.7937253933194,3.1,-12.6));
#7521=CARTESIAN_POINT('',(-0.7555987226345,3.109761969898,-12.6));
#7522=CARTESIAN_POINT('',(-0.6818578949227,3.127128244573,-12.60278971026));
#7523=CARTESIAN_POINT('',(-0.5813294713955,3.147271225072,-12.61110391519));
#7524=CARTESIAN_POINT('',(-0.4851683797646,3.163499042198,-12.62198289927));
#7525=CARTESIAN_POINT('',(-0.3893535384298,3.176719937825,-12.63499713151));
#7526=CARTESIAN_POINT('',(-0.2921892790448,3.187135225476,-12.64985216835));
#7527=CARTESIAN_POINT('',(-0.1943687459836,3.194593133314,-12.66600806939));
#7528=CARTESIAN_POINT('',(-0.09670607022706,3.199031897775,-12.6829039003));
#7529=CARTESIAN_POINT('',(-0.03216304426865,3.2,-12.69431432332));
#7530=CARTESIAN_POINT('',(0.0,3.2,-12.7));
#7531=AXIS2_PLACEMENT_3D('',#8321,#8322,#8323);
#7532=CARTESIAN_POINT('',(-3.2,-6.4,-12.6));
#7533=CARTESIAN_POINT('',(-3.2,-5.2,-12.6));
#7534=CARTESIAN_POINT('',(-3.2,-6.4,-12.6));
#7535=VECTOR('',#8324,1.2);
#7536=CARTESIAN_POINT('',(-1.6,-6.4,-12.6));
#7537=CARTESIAN_POINT('',(-1.6,-6.4,-12.6));
#7538=VECTOR('',#8325,1.6);
#7539=CARTESIAN_POINT('',(-1.6,-6.0,-12.6));
#7540=CARTESIAN_POINT('',(-1.6,-6.0,-12.6));
#7541=VECTOR('',#8326,0.4);
#7542=CARTESIAN_POINT('',(1.6,-6.0,-12.6));
#7543=CARTESIAN_POINT('',(-1.6,-6.0,-12.6));
#7544=VECTOR('',#8327,3.2);
#7545=CARTESIAN_POINT('',(1.6,-6.4,-12.6));
#7546=CARTESIAN_POINT('',(1.6,-6.0,-12.6));
#7547=VECTOR('',#8328,0.4);
#7548=CARTESIAN_POINT('',(3.2,-6.4,-12.6));
#7549=CARTESIAN_POINT('',(3.2,-6.4,-12.6));
#7550=VECTOR('',#8329,1.6);
#7551=CARTESIAN_POINT('',(3.2,-5.2,-12.6));
#7552=CARTESIAN_POINT('',(3.2,-6.4,-12.6));
#7553=VECTOR('',#8330,1.2);
#7554=CARTESIAN_POINT('',(3.2,-5.2,-12.6));
#7555=VECTOR('',#8331,6.4);
#7556=CARTESIAN_POINT('',(-3.1,-0.7937253933194,-12.6));
#7557=CARTESIAN_POINT('',(3.1,-0.7937253933194,-12.6));
#7558=AXIS2_PLACEMENT_3D('',#8332,#8333,#8334);
#7559=CARTESIAN_POINT('',(-3.1,-3.5,-12.6));
#7560=CARTESIAN_POINT('',(-3.1,-0.7937253933194,-12.6));
#7561=VECTOR('',#8335,2.706274606681);
#7562=CARTESIAN_POINT('',(3.1,-3.5,-12.6));
#7563=CARTESIAN_POINT('',(-3.1,-3.5,-12.6));
#7564=VECTOR('',#8336,6.2);
#7565=CARTESIAN_POINT('',(3.1,-0.7937253933194,-12.6));
#7566=VECTOR('',#8337,2.706274606681);
#7567=CARTESIAN_POINT('',(3.1,3.1,-12.6));
#7568=CARTESIAN_POINT('',(3.1,3.1,-12.6));
#7569=VECTOR('',#8338,2.306274606681);
#7570=CARTESIAN_POINT('',(3.1,3.1,-12.6));
#7571=VECTOR('',#8339,2.306274606681);
#7572=CARTESIAN_POINT('',(-3.1,3.1,-12.6));
#7573=CARTESIAN_POINT('',(-3.1,3.1,-12.6));
#7574=VECTOR('',#8340,2.306274606681);
#7575=CARTESIAN_POINT('',(-0.7937253933194,3.1,-12.6));
#7576=VECTOR('',#8341,2.306274606681);
#7577=CARTESIAN_POINT('',(3.0,-5.0,-12.8));
#7578=CARTESIAN_POINT('',(3.2,-5.2,-12.6));
#7579=CARTESIAN_POINT('',(3.2,-5.180205318533,-12.6));
#7580=CARTESIAN_POINT('',(3.194075396783,-5.142584193866,-12.60592460322));
#7581=CARTESIAN_POINT('',(3.1731741812,-5.09615295664,-12.6268258188));
#7582=CARTESIAN_POINT('',(3.144701819846,-5.059565438582,-12.65529818015));
#7583=CARTESIAN_POINT('',(3.111322333594,-5.032094701827,-12.68867766641));
#7584=CARTESIAN_POINT('',(3.074965283754,-5.013139873971,-12.72503471625));
#7585=CARTESIAN_POINT('',(3.037136036037,-5.002237711513,-12.76286396396));
#7586=CARTESIAN_POINT('',(3.012283485669,-5.0,-12.78771651433));
#7587=CARTESIAN_POINT('',(3.0,-5.0,-12.8));
#7588=CARTESIAN_POINT('',(-3.0,-5.0,-12.8));
#7589=CARTESIAN_POINT('',(3.0,-5.0,-12.8));
#7590=VECTOR('',#8342,6.0);
#7591=CARTESIAN_POINT('',(-3.0,-5.0,-12.8));
#7592=CARTESIAN_POINT('',(-3.012283485669,-5.0,-12.78771651433));
#7593=CARTESIAN_POINT('',(-3.037136036037,-5.002237711513,-12.76286396396));
#7594=CARTESIAN_POINT('',(-3.074965283754,-5.013139873971,-12.72503471625));
#7595=CARTESIAN_POINT('',(-3.111322333594,-5.032094701827,-12.68867766641));
#7596=CARTESIAN_POINT('',(-3.144701819846,-5.059565438582,-12.65529818015));
#7597=CARTESIAN_POINT('',(-3.1731741812,-5.09615295664,-12.6268258188));
#7598=CARTESIAN_POINT('',(-3.194075396783,-5.142584193866,-12.60592460322));
#7599=CARTESIAN_POINT('',(-3.2,-5.180205318533,-12.6));
#7600=CARTESIAN_POINT('',(-3.2,-5.2,-12.6));
#7601=CARTESIAN_POINT('',(-3.0,-5.0,-18.8));
#7602=CARTESIAN_POINT('',(-3.0,-5.0,-12.8));
#7603=VECTOR('',#8343,6.0);
#7604=CARTESIAN_POINT('',(-3.2,-5.2,-19.0));
#7605=CARTESIAN_POINT('',(-3.0,-5.0,-18.8));
#7606=CARTESIAN_POINT('',(-3.012283485669,-5.0,-18.81228348567));
#7607=CARTESIAN_POINT('',(-3.037136036037,-5.002237711513,-18.83713603604));
#7608=CARTESIAN_POINT('',(-3.074965283754,-5.013139873971,-18.87496528375));
#7609=CARTESIAN_POINT('',(-3.111322333594,-5.032094701827,-18.91132233359));
#7610=CARTESIAN_POINT('',(-3.144701819846,-5.059565438582,-18.94470181985));
#7611=CARTESIAN_POINT('',(-3.1731741812,-5.09615295664,-18.9731741812));
#7612=CARTESIAN_POINT('',(-3.194075396783,-5.142584193866,-18.99407539678));
#7613=CARTESIAN_POINT('',(-3.2,-5.180205318533,-19.0));
#7614=CARTESIAN_POINT('',(-3.2,-5.2,-19.0));
#7615=CARTESIAN_POINT('',(-3.2,-5.2,-12.6));
#7616=VECTOR('',#8344,6.4);
#7617=CARTESIAN_POINT('',(-3.2,-3.5,-18.9));
#7618=CARTESIAN_POINT('',(-3.2,-3.5,-12.7));
#7619=CARTESIAN_POINT('',(-3.2,-3.5,-18.9));
#7620=VECTOR('',#8345,6.2);
#7621=CARTESIAN_POINT('',(-3.2,0.0,-12.7));
#7622=VECTOR('',#8346,3.5);
#7623=CARTESIAN_POINT('',(-3.2,3.1,-12.7));
#7624=CARTESIAN_POINT('',(-3.2,3.1,-12.7));
#7625=VECTOR('',#8347,3.1);
#7626=CARTESIAN_POINT('',(-3.2,3.1,-18.9));
#7627=CARTESIAN_POINT('',(-3.2,3.1,-12.7));
#7628=VECTOR('',#8348,6.2);
#7629=CARTESIAN_POINT('',(-3.2,-3.5,-18.9));
#7630=VECTOR('',#8349,6.6);
#7631=CARTESIAN_POINT('',(-3.2,-6.4,-19.0));
#7632=CARTESIAN_POINT('',(-3.2,-5.2,-19.0));
#7633=VECTOR('',#8350,1.2);
#7634=CARTESIAN_POINT('',(-3.2,-6.4,-17.4));
#7635=CARTESIAN_POINT('',(-3.2,-6.4,-17.4));
#7636=VECTOR('',#8351,1.6);
#7637=CARTESIAN_POINT('',(-3.2,-6.0,-17.4));
#7638=CARTESIAN_POINT('',(-3.2,-6.0,-17.4));
#7639=VECTOR('',#8352,0.4);
#7640=CARTESIAN_POINT('',(-3.2,-6.0,-14.2));
#7641=CARTESIAN_POINT('',(-3.2,-6.0,-17.4));
#7642=VECTOR('',#8353,3.2);
#7643=CARTESIAN_POINT('',(-3.2,-6.4,-14.2));
#7644=CARTESIAN_POINT('',(-3.2,-6.0,-14.2));
#7645=VECTOR('',#8354,0.4);
#7646=CARTESIAN_POINT('',(-3.2,-6.4,-12.6));
#7647=VECTOR('',#8355,1.6);
#7648=CARTESIAN_POINT('',(-3.1,3.1,-19.0));
#7649=AXIS2_PLACEMENT_3D('',#8356,#8357,#8358);
#7650=CARTESIAN_POINT('',(-3.1,-3.5,-19.0));
#7651=CARTESIAN_POINT('',(-3.1,-3.5,-19.0));
#7652=VECTOR('',#8359,6.6);
#7653=AXIS2_PLACEMENT_3D('',#8360,#8361,#8362);
#7654=CARTESIAN_POINT('',(-3.1,-3.6,-18.9));
#7655=AXIS2_PLACEMENT_3D('',#8363,#8364,#8365);
#7656=AXIS2_PLACEMENT_3D('',#8366,#8367,#8368);
#7657=CARTESIAN_POINT('',(3.1,-3.5,-19.0));
#7658=CARTESIAN_POINT('',(3.1,-3.5,-19.0));
#7659=VECTOR('',#8369,6.2);
#7660=CARTESIAN_POINT('',(3.1,-3.6,-18.9));
#7661=AXIS2_PLACEMENT_3D('',#8370,#8371,#8372);
#7662=CARTESIAN_POINT('',(3.1,-3.6,-18.9));
#7663=VECTOR('',#8373,6.2);
#7664=CARTESIAN_POINT('',(-3.1,-3.6,-12.7));
#7665=CARTESIAN_POINT('',(3.1,-3.6,-12.7));
#7666=CARTESIAN_POINT('',(-3.1,-3.6,-12.7));
#7667=VECTOR('',#8374,6.2);
#7668=CARTESIAN_POINT('',(-3.1,-3.6,-18.9));
#7669=VECTOR('',#8375,6.2);
#7670=CARTESIAN_POINT('',(3.1,-3.6,-12.7));
#7671=VECTOR('',#8376,6.2);
#7672=CARTESIAN_POINT('',(-2.6,-3.6,-15.8));
#7673=CARTESIAN_POINT('',(2.6,-3.6,-15.8));
#7674=AXIS2_PLACEMENT_3D('',#8377,#8378,#8379);
#7675=AXIS2_PLACEMENT_3D('',#8380,#8381,#8382);
#7676=CARTESIAN_POINT('',(-2.6,-5.0,-15.8));
#7677=CARTESIAN_POINT('',(-2.6,-3.6,-15.8));
#7678=VECTOR('',#8383,1.4);
#7679=CARTESIAN_POINT('',(2.6,-5.0,-15.8));
#7680=AXIS2_PLACEMENT_3D('',#8384,#8385,#8386);
#7681=CARTESIAN_POINT('',(2.6,-3.6,-15.8));
#7682=VECTOR('',#8387,1.4);
#7683=AXIS2_PLACEMENT_3D('',#8388,#8389,#8390);
#7684=CARTESIAN_POINT('',(3.0,-5.0,-18.8));
#7685=CARTESIAN_POINT('',(-3.0,-5.0,-18.8));
#7686=VECTOR('',#8391,6.0);
#7687=CARTESIAN_POINT('',(3.0,-5.0,-18.8));
#7688=VECTOR('',#8392,6.0);
#7689=CARTESIAN_POINT('',(3.2,-5.2,-19.0));
#7690=CARTESIAN_POINT('',(3.2,-5.2,-19.0));
#7691=VECTOR('',#8393,6.4);
#7692=CARTESIAN_POINT('',(3.0,-5.0,-18.8));
#7693=CARTESIAN_POINT('',(3.012283485669,-5.0,-18.81228348567));
#7694=CARTESIAN_POINT('',(3.037136036037,-5.002237711513,-18.83713603604));
#7695=CARTESIAN_POINT('',(3.074965283754,-5.013139873971,-18.87496528375));
#7696=CARTESIAN_POINT('',(3.111322333594,-5.032094701827,-18.91132233359));
#7697=CARTESIAN_POINT('',(3.144701819846,-5.059565438582,-18.94470181985));
#7698=CARTESIAN_POINT('',(3.1731741812,-5.09615295664,-18.9731741812));
#7699=CARTESIAN_POINT('',(3.194075396783,-5.142584193866,-18.99407539678));
#7700=CARTESIAN_POINT('',(3.2,-5.180205318533,-19.0));
#7701=CARTESIAN_POINT('',(3.2,-5.2,-19.0));
#7702=CARTESIAN_POINT('',(-3.2,-5.2,-19.0));
#7703=VECTOR('',#8394,6.4);
#7704=CARTESIAN_POINT('',(3.1,3.1,-19.0));
#7705=CARTESIAN_POINT('',(-3.1,3.1,-19.0));
#7706=VECTOR('',#8395,6.2);
#7707=CARTESIAN_POINT('',(3.1,-3.5,-19.0));
#7708=VECTOR('',#8396,6.6);
#7709=CARTESIAN_POINT('',(2.6,0.0,-19.0));
#7710=CARTESIAN_POINT('',(-2.6,0.0,-19.0));
#7711=AXIS2_PLACEMENT_3D('',#8397,#8398,#8399);
#7712=AXIS2_PLACEMENT_3D('',#8400,#8401,#8402);
#7713=CARTESIAN_POINT('',(3.2,-6.4,-19.0));
#7714=CARTESIAN_POINT('',(3.2,-5.2,-19.0));
#7715=VECTOR('',#8403,1.2);
#7716=CARTESIAN_POINT('',(1.6,-6.4,-19.0));
#7717=CARTESIAN_POINT('',(1.6,-6.4,-19.0));
#7718=VECTOR('',#8404,1.6);
#7719=CARTESIAN_POINT('',(1.6,-6.0,-19.0));
#7720=CARTESIAN_POINT('',(1.6,-6.0,-19.0));
#7721=VECTOR('',#8405,0.4);
#7722=CARTESIAN_POINT('',(-1.6,-6.0,-19.0));
#7723=CARTESIAN_POINT('',(-1.6,-6.0,-19.0));
#7724=VECTOR('',#8406,3.2);
#7725=CARTESIAN_POINT('',(-1.6,-6.4,-19.0));
#7726=CARTESIAN_POINT('',(-1.6,-6.0,-19.0));
#7727=VECTOR('',#8407,0.4);
#7728=CARTESIAN_POINT('',(-3.2,-6.4,-19.0));
#7729=VECTOR('',#8408,1.6);
#7730=CARTESIAN_POINT('',(2.6,0.0,-18.8));
#7731=CARTESIAN_POINT('',(2.6,0.0,-19.0));
#7732=VECTOR('',#8409,0.2);
#7733=CARTESIAN_POINT('',(-2.6,0.0,-18.8));
#7734=AXIS2_PLACEMENT_3D('',#8410,#8411,#8412);
#7735=CARTESIAN_POINT('',(-2.6,0.0,-19.0));
#7736=VECTOR('',#8413,0.2);
#7737=AXIS2_PLACEMENT_3D('',#8414,#8415,#8416);
#7738=CARTESIAN_POINT('',(3.2,3.1,-18.9));
#7739=AXIS2_PLACEMENT_3D('',#8417,#8418,#8419);
#7740=CARTESIAN_POINT('',(3.2,-3.5,-18.9));
#7741=CARTESIAN_POINT('',(3.2,-3.5,-18.9));
#7742=VECTOR('',#8420,6.6);
#7743=AXIS2_PLACEMENT_3D('',#8421,#8422,#8423);
#7744=AXIS2_PLACEMENT_3D('',#8424,#8425,#8426);
#7745=CARTESIAN_POINT('',(3.2,-3.5,-12.7));
#7746=AXIS2_PLACEMENT_3D('',#8427,#8428,#8429);
#7747=CARTESIAN_POINT('',(3.2,-3.5,-12.7));
#7748=VECTOR('',#8430,6.2);
#7749=CARTESIAN_POINT('',(3.2,3.1,-12.7));
#7750=CARTESIAN_POINT('',(3.2,3.1,-12.7));
#7751=VECTOR('',#8431,6.2);
#7752=CARTESIAN_POINT('',(3.2,3.1,-12.7));
#7753=VECTOR('',#8432,3.1);
#7754=CARTESIAN_POINT('',(3.2,0.0,-12.7));
#7755=VECTOR('',#8433,3.5);
#7756=CARTESIAN_POINT('',(3.2,-6.4,-14.2));
#7757=CARTESIAN_POINT('',(3.2,-6.4,-14.2));
#7758=VECTOR('',#8434,1.6);
#7759=CARTESIAN_POINT('',(3.2,-6.0,-14.2));
#7760=CARTESIAN_POINT('',(3.2,-6.0,-14.2));
#7761=VECTOR('',#8435,0.4);
#7762=CARTESIAN_POINT('',(3.2,-6.0,-17.4));
#7763=CARTESIAN_POINT('',(3.2,-6.0,-17.4));
#7764=VECTOR('',#8436,3.2);
#7765=CARTESIAN_POINT('',(3.2,-6.4,-17.4));
#7766=CARTESIAN_POINT('',(3.2,-6.0,-17.4));
#7767=VECTOR('',#8437,0.4);
#7768=CARTESIAN_POINT('',(3.2,-6.4,-19.0));
#7769=VECTOR('',#8438,1.6);
#7770=AXIS2_PLACEMENT_3D('',#8439,#8440,#8441);
#7771=CARTESIAN_POINT('',(3.2,0.0,-12.7));
#7772=CARTESIAN_POINT('',(3.2,-0.07788651892309,-12.68623147858));
#7773=CARTESIAN_POINT('',(3.194313149895,-0.2277330314415,-12.65980000831));
#7774=CARTESIAN_POINT('',(3.172553969825,-0.4336943821458,-12.62773343958));
#7775=CARTESIAN_POINT('',(3.140601488173,-0.6229118033551,-12.60587038644));
#7776=CARTESIAN_POINT('',(3.114098365317,-0.7386623540719,-12.6));
#7777=CARTESIAN_POINT('',(3.1,-0.7937253933194,-12.6));
#7778=AXIS2_PLACEMENT_3D('',#8442,#8443,#8444);
#7779=CARTESIAN_POINT('',(3.1,3.2,-12.7));
#7780=AXIS2_PLACEMENT_3D('',#8445,#8446,#8447);
#7781=AXIS2_PLACEMENT_3D('',#8448,#8449,#8450);
#7782=CARTESIAN_POINT('',(3.1,3.2,-12.7));
#7783=VECTOR('',#8451,3.1);
#7784=CARTESIAN_POINT('',(-3.1,3.2,-12.7));
#7785=CARTESIAN_POINT('',(0.0,3.2,-12.7));
#7786=VECTOR('',#8452,3.1);
#7787=CARTESIAN_POINT('',(3.1,3.2,-18.9));
#7788=CARTESIAN_POINT('',(3.1,3.2,-12.7));
#7789=VECTOR('',#8453,6.2);
#7790=CARTESIAN_POINT('',(-3.1,3.2,-18.9));
#7791=CARTESIAN_POINT('',(-3.1,3.2,-18.9));
#7792=VECTOR('',#8454,6.2);
#7793=CARTESIAN_POINT('',(-3.1,3.2,-12.7));
#7794=VECTOR('',#8455,6.2);
#7795=AXIS2_PLACEMENT_3D('',#8456,#8457,#8458);
#7796=AXIS2_PLACEMENT_3D('',#8459,#8460,#8461);
#7797=AXIS2_PLACEMENT_3D('',#8462,#8463,#8464);
#7798=AXIS2_PLACEMENT_3D('',#8465,#8466,#8467);
#7799=AXIS2_PLACEMENT_3D('',#8468,#8469,#8470);
#7800=AXIS2_PLACEMENT_3D('',#8471,#8472,#8473);
#7801=AXIS2_PLACEMENT_3D('',#8474,#8475,#8476);
#7802=AXIS2_PLACEMENT_3D('',#8477,#8478,#8479);
#7803=AXIS2_PLACEMENT_3D('',#8480,#8481,#8482);
#7804=AXIS2_PLACEMENT_3D('',#8483,#8484,#8485);
#7805=AXIS2_PLACEMENT_3D('',#8486,#8487,#8488);
#7806=CARTESIAN_POINT('',(-3.1,-0.7937253933194,-12.6));
#7807=CARTESIAN_POINT('',(-3.109761969898,-0.7555987226345,-12.6));
#7808=CARTESIAN_POINT('',(-3.127128244573,-0.6818578949227,-12.60278971026));
#7809=CARTESIAN_POINT('',(-3.147271225072,-0.5813294713955,-12.61110391519));
#7810=CARTESIAN_POINT('',(-3.163499042198,-0.4851683797646,-12.62198289927));
#7811=CARTESIAN_POINT('',(-3.176719937825,-0.3893535384298,-12.63499713151));
#7812=CARTESIAN_POINT('',(-3.187135225476,-0.2921892790448,-12.64985216835));
#7813=CARTESIAN_POINT('',(-3.194593133314,-0.1943687459836,-12.66600806939));
#7814=CARTESIAN_POINT('',(-3.199031897775,-0.09670607022705,-12.6829039003));
#7815=CARTESIAN_POINT('',(-3.2,-0.03216304426864,-12.69431432332));
#7816=CARTESIAN_POINT('',(-3.2,0.0,-12.7));
#7817=CARTESIAN_POINT('',(-1.6,-6.4,-14.2));
#7818=CARTESIAN_POINT('',(-3.2,-6.4,-14.2));
#7819=VECTOR('',#8489,1.6);
#7820=CARTESIAN_POINT('',(-1.6,-6.4,-14.2));
#7821=VECTOR('',#8490,1.6);
#7822=CARTESIAN_POINT('',(-3.015,-6.4,-12.785));
#7823=CARTESIAN_POINT('',(-3.015,-6.4,-13.735));
#7824=CARTESIAN_POINT('',(-3.015,-6.4,-12.785));
#7825=VECTOR('',#8491,0.95);
#7826=CARTESIAN_POINT('',(-2.065,-6.4,-12.785));
#7827=CARTESIAN_POINT('',(-2.065,-6.4,-12.785));
#7828=VECTOR('',#8492,0.95);
#7829=CARTESIAN_POINT('',(-2.065,-6.4,-13.735));
#7830=CARTESIAN_POINT('',(-2.065,-6.4,-13.735));
#7831=VECTOR('',#8493,0.95);
#7832=CARTESIAN_POINT('',(-3.015,-6.4,-13.735));
#7833=VECTOR('',#8494,0.95);
#7834=CARTESIAN_POINT('',(-1.6,-6.4,-17.4));
#7835=CARTESIAN_POINT('',(-1.6,-6.4,-19.0));
#7836=VECTOR('',#8495,1.6);
#7837=CARTESIAN_POINT('',(-1.6,-6.4,-17.4));
#7838=VECTOR('',#8496,1.6);
#7839=CARTESIAN_POINT('',(-3.015,-6.4,-17.865));
#7840=CARTESIAN_POINT('',(-3.015,-6.4,-18.815));
#7841=CARTESIAN_POINT('',(-3.015,-6.4,-17.865));
#7842=VECTOR('',#8497,0.95);
#7843=CARTESIAN_POINT('',(-2.065,-6.4,-17.865));
#7844=CARTESIAN_POINT('',(-2.065,-6.4,-17.865));
#7845=VECTOR('',#8498,0.95);
#7846=CARTESIAN_POINT('',(-2.065,-6.4,-18.815));
#7847=CARTESIAN_POINT('',(-2.065,-6.4,-18.815));
#7848=VECTOR('',#8499,0.95);
#7849=CARTESIAN_POINT('',(-3.015,-6.4,-18.815));
#7850=VECTOR('',#8500,0.95);
#7851=CARTESIAN_POINT('',(1.6,-6.4,-14.2));
#7852=CARTESIAN_POINT('',(1.6,-6.4,-12.6));
#7853=VECTOR('',#8501,1.6);
#7854=CARTESIAN_POINT('',(1.6,-6.4,-14.2));
#7855=VECTOR('',#8502,1.6);
#7856=CARTESIAN_POINT('',(2.065,-6.4,-12.785));
#7857=CARTESIAN_POINT('',(2.065,-6.4,-13.735));
#7858=CARTESIAN_POINT('',(2.065,-6.4,-12.785));
#7859=VECTOR('',#8503,0.95);
#7860=CARTESIAN_POINT('',(3.015,-6.4,-12.785));
#7861=CARTESIAN_POINT('',(3.015,-6.4,-12.785));
#7862=VECTOR('',#8504,0.95);
#7863=CARTESIAN_POINT('',(3.015,-6.4,-13.735));
#7864=CARTESIAN_POINT('',(3.015,-6.4,-13.735));
#7865=VECTOR('',#8505,0.95);
#7866=CARTESIAN_POINT('',(2.065,-6.4,-13.735));
#7867=VECTOR('',#8506,0.95);
#7868=CARTESIAN_POINT('',(1.6,-6.4,-17.4));
#7869=CARTESIAN_POINT('',(3.2,-6.4,-17.4));
#7870=VECTOR('',#8507,1.6);
#7871=CARTESIAN_POINT('',(1.6,-6.4,-17.4));
#7872=VECTOR('',#8508,1.6);
#7873=CARTESIAN_POINT('',(2.065,-6.4,-17.865));
#7874=CARTESIAN_POINT('',(2.065,-6.4,-18.815));
#7875=CARTESIAN_POINT('',(2.065,-6.4,-17.865));
#7876=VECTOR('',#8509,0.95);
#7877=CARTESIAN_POINT('',(3.015,-6.4,-17.865));
#7878=CARTESIAN_POINT('',(3.015,-6.4,-17.865));
#7879=VECTOR('',#8510,0.95);
#7880=CARTESIAN_POINT('',(3.015,-6.4,-18.815));
#7881=CARTESIAN_POINT('',(3.015,-6.4,-18.815));
#7882=VECTOR('',#8511,0.95);
#7883=CARTESIAN_POINT('',(2.065,-6.4,-18.815));
#7884=VECTOR('',#8512,0.95);
#7885=CARTESIAN_POINT('',(-1.6,-6.0,-14.2));
#7886=CARTESIAN_POINT('',(-1.6,-6.0,-14.2));
#7887=VECTOR('',#8513,0.4);
#7888=CARTESIAN_POINT('',(-1.6,-6.0,-12.6));
#7889=VECTOR('',#8514,1.6);
#7890=CARTESIAN_POINT('',(-1.6,-6.0,-17.4));
#7891=CARTESIAN_POINT('',(-3.2,-6.0,-17.4));
#7892=VECTOR('',#8515,1.6);
#7893=CARTESIAN_POINT('',(-1.6,-6.0,-19.0));
#7894=VECTOR('',#8516,1.6);
#7895=CARTESIAN_POINT('',(1.6,-6.0,-17.4));
#7896=CARTESIAN_POINT('',(1.6,-6.0,-19.0));
#7897=VECTOR('',#8517,1.6);
#7898=CARTESIAN_POINT('',(3.2,-6.0,-17.4));
#7899=VECTOR('',#8518,1.6);
#7900=CARTESIAN_POINT('',(1.6,-6.0,-14.2));
#7901=CARTESIAN_POINT('',(3.2,-6.0,-14.2));
#7902=VECTOR('',#8519,1.6);
#7903=CARTESIAN_POINT('',(1.6,-6.0,-12.6));
#7904=VECTOR('',#8520,1.6);
#7905=CARTESIAN_POINT('',(-3.2,-6.0,-14.2));
#7906=VECTOR('',#8521,1.6);
#7907=CARTESIAN_POINT('',(0.0,-6.0,-16.435));
#7908=CARTESIAN_POINT('',(0.0,-6.0,-15.165));
#7909=AXIS2_PLACEMENT_3D('',#8522,#8523,#8524);
#7910=AXIS2_PLACEMENT_3D('',#8525,#8526,#8527);
#7911=CARTESIAN_POINT('',(1.6,-6.0,-14.2));
#7912=VECTOR('',#8528,0.4);
#7913=CARTESIAN_POINT('',(1.6,-6.0,-17.4));
#7914=VECTOR('',#8529,0.4);
#7915=CARTESIAN_POINT('',(-1.6,-6.0,-17.4));
#7916=VECTOR('',#8530,0.4);
#7917=CARTESIAN_POINT('',(0.0,-10.3,-16.435));
#7918=CARTESIAN_POINT('',(0.0,-10.3,-16.435));
#7919=VECTOR('',#8531,4.3);
#7920=CARTESIAN_POINT('',(0.0,-10.3,-15.165));
#7921=AXIS2_PLACEMENT_3D('',#8532,#8533,#8534);
#7922=CARTESIAN_POINT('',(0.0,-10.3,-15.165));
#7923=VECTOR('',#8535,4.3);
#7924=AXIS2_PLACEMENT_3D('',#8536,#8537,#8538);
#7925=CARTESIAN_POINT('',(-2.065,-10.3,-18.815));
#7926=CARTESIAN_POINT('',(-2.065,-6.4,-18.815));
#7927=VECTOR('',#8539,3.9);
#7928=CARTESIAN_POINT('',(-3.015,-10.3,-18.815));
#7929=CARTESIAN_POINT('',(-3.015,-10.3,-18.815));
#7930=VECTOR('',#8540,0.95);
#7931=CARTESIAN_POINT('',(-3.015,-6.4,-18.815));
#7932=VECTOR('',#8541,3.9);
#7933=CARTESIAN_POINT('',(-3.015,-10.3,-17.865));
#7934=CARTESIAN_POINT('',(-3.015,-10.3,-17.865));
#7935=VECTOR('',#8542,0.95);
#7936=CARTESIAN_POINT('',(-3.015,-6.4,-17.865));
#7937=VECTOR('',#8543,3.9);
#7938=CARTESIAN_POINT('',(-2.065,-10.3,-17.865));
#7939=CARTESIAN_POINT('',(-2.065,-10.3,-17.865));
#7940=VECTOR('',#8544,0.95);
#7941=CARTESIAN_POINT('',(-2.065,-6.4,-17.865));
#7942=VECTOR('',#8545,3.9);
#7943=CARTESIAN_POINT('',(-2.065,-10.3,-18.815));
#7944=VECTOR('',#8546,0.95);
#7945=CARTESIAN_POINT('',(3.015,-10.3,-18.815));
#7946=CARTESIAN_POINT('',(3.015,-10.3,-17.865));
#7947=CARTESIAN_POINT('',(3.015,-10.3,-18.815));
#7948=VECTOR('',#8547,0.95);
#7949=CARTESIAN_POINT('',(2.065,-10.3,-17.865));
#7950=CARTESIAN_POINT('',(3.015,-10.3,-17.865));
#7951=VECTOR('',#8548,0.95);
#7952=CARTESIAN_POINT('',(2.065,-10.3,-18.815));
#7953=CARTESIAN_POINT('',(2.065,-10.3,-17.865));
#7954=VECTOR('',#8549,0.95);
#7955=CARTESIAN_POINT('',(2.065,-10.3,-18.815));
#7956=VECTOR('',#8550,0.95);
#7957=CARTESIAN_POINT('',(3.015,-10.3,-13.735));
#7958=CARTESIAN_POINT('',(3.015,-10.3,-12.785));
#7959=CARTESIAN_POINT('',(3.015,-10.3,-13.735));
#7960=VECTOR('',#8551,0.95);
#7961=CARTESIAN_POINT('',(2.065,-10.3,-12.785));
#7962=CARTESIAN_POINT('',(3.015,-10.3,-12.785));
#7963=VECTOR('',#8552,0.95);
#7964=CARTESIAN_POINT('',(2.065,-10.3,-13.735));
#7965=CARTESIAN_POINT('',(2.065,-10.3,-12.785));
#7966=VECTOR('',#8553,0.95);
#7967=CARTESIAN_POINT('',(2.065,-10.3,-13.735));
#7968=VECTOR('',#8554,0.95);
#7969=CARTESIAN_POINT('',(-2.065,-10.3,-13.735));
#7970=CARTESIAN_POINT('',(-2.065,-10.3,-12.785));
#7971=CARTESIAN_POINT('',(-2.065,-10.3,-13.735));
#7972=VECTOR('',#8555,0.95);
#7973=CARTESIAN_POINT('',(-3.015,-10.3,-12.785));
#7974=CARTESIAN_POINT('',(-2.065,-10.3,-12.785));
#7975=VECTOR('',#8556,0.95);
#7976=CARTESIAN_POINT('',(-3.015,-10.3,-13.735));
#7977=CARTESIAN_POINT('',(-3.015,-10.3,-12.785));
#7978=VECTOR('',#8557,0.95);
#7979=CARTESIAN_POINT('',(-3.015,-10.3,-13.735));
#7980=VECTOR('',#8558,0.95);
#7981=CARTESIAN_POINT('',(3.015,-6.4,-18.815));
#7982=VECTOR('',#8559,3.9);
#7983=CARTESIAN_POINT('',(2.065,-6.4,-18.815));
#7984=VECTOR('',#8560,3.9);
#7985=CARTESIAN_POINT('',(2.065,-6.4,-17.865));
#7986=VECTOR('',#8561,3.9);
#7987=CARTESIAN_POINT('',(3.015,-6.4,-17.865));
#7988=VECTOR('',#8562,3.9);
#7989=CARTESIAN_POINT('',(3.015,-6.4,-13.735));
#7990=VECTOR('',#8563,3.9);
#7991=CARTESIAN_POINT('',(2.065,-6.4,-13.735));
#7992=VECTOR('',#8564,3.9);
#7993=CARTESIAN_POINT('',(2.065,-6.4,-12.785));
#7994=VECTOR('',#8565,3.9);
#7995=CARTESIAN_POINT('',(3.015,-6.4,-12.785));
#7996=VECTOR('',#8566,3.9);
#7997=CARTESIAN_POINT('',(-2.065,-6.4,-13.735));
#7998=VECTOR('',#8567,3.9);
#7999=CARTESIAN_POINT('',(-3.015,-6.4,-13.735));
#8000=VECTOR('',#8568,3.9);
#8001=CARTESIAN_POINT('',(-3.015,-6.4,-12.785));
#8002=VECTOR('',#8569,3.9);
#8003=CARTESIAN_POINT('',(-2.065,-6.4,-12.785));
#8004=VECTOR('',#8570,3.9);
#8005=CARTESIAN_POINT('',(-2.635909650652,-0.6583136247074,-10.0325));
#8006=CARTESIAN_POINT('',(-2.635909650652,-0.6583136247074,-10.0325));
#8007=CARTESIAN_POINT('',(-2.670773583418,-0.5187172782417,-10.03845070423));
#8008=CARTESIAN_POINT('',(-2.718275486629,-0.2339755158209,-10.05035211268));
#8009=CARTESIAN_POINT('',(-2.721057270314,0.1990321779945,-10.06820422535));
#8010=CARTESIAN_POINT('',(-2.655297476507,0.6270260254081,-10.08605633803));
#8011=CARTESIAN_POINT('',(-2.522652663975,1.039225634601,-10.1039084507));
#8012=CARTESIAN_POINT('',(-2.326464029381,1.425247867262,-10.12176056338));
#8013=CARTESIAN_POINT('',(-2.071673432416,1.775369133103,-10.13961267606));
#8014=CARTESIAN_POINT('',(-1.764698863652,2.080770118993,-10.15746478873));
#8015=CARTESIAN_POINT('',(-1.413272793414,2.33375799504,-10.17531690141));
#8016=CARTESIAN_POINT('',(-1.026247392778,2.527960177036,-10.19316901408));
#8017=CARTESIAN_POINT('',(-0.6133715546848,2.658484851153,-10.21102112676));
#8018=CARTESIAN_POINT('',(-0.1850453260395,2.722044194205,-10.22887323944));
#8019=CARTESIAN_POINT('',(0.2479420619542,2.717037191834,-10.24672535211));
#8020=CARTESIAN_POINT('',(0.6746839668286,2.643589966844,-10.26457746479));
#8021=CARTESIAN_POINT('',(1.084431065366,2.503552602277,-10.28242957746));
#8022=CARTESIAN_POINT('',(1.466862121358,2.300452539137,-10.30028169014));
#8023=CARTESIAN_POINT('',(1.812343970163,2.039405722683,-10.31813380282));
#8024=CARTESIAN_POINT('',(2.112174171227,1.726987735422,-10.33598591549));
#8025=CARTESIAN_POINT('',(2.358800216337,1.371068162895,-10.35383802817));
#8026=CARTESIAN_POINT('',(2.546009771896,0.9806123644466,-10.37169014085));
#8027=CARTESIAN_POINT('',(2.669087163162,0.5654556422394,-10.38954225352));
#8028=CARTESIAN_POINT('',(2.72493215872,0.1360554970302,-10.4073943662));
#8029=CARTESIAN_POINT('',(2.712138063092,-0.2967717887914,-10.42524647887));
#8030=CARTESIAN_POINT('',(2.631027150394,-0.7221236056158,-10.44309859155));
#8031=CARTESIAN_POINT('',(2.483642546474,-1.129285645548,-10.46095070423));
#8032=CARTESIAN_POINT('',(2.273696764041,-1.508001788158,-10.4788028169));
#8033=CARTESIAN_POINT('',(2.006478187122,-1.848732444812,-10.49665492958));
#8034=CARTESIAN_POINT('',(1.688717860455,-2.142894854088,-10.51450704225));
#8035=CARTESIAN_POINT('',(1.328419939287,-2.383079275392,-10.53235915493));
#8036=CARTESIAN_POINT('',(0.9346600704329,-2.56323563502,-10.55021126761));
#8037=CARTESIAN_POINT('',(0.5173567832237,-2.678825923189,-10.56806338028));
#8038=CARTESIAN_POINT('',(0.0870216488527,-2.726938503254,-10.58591549296));
#8039=CARTESIAN_POINT('',(-0.3455054985824,-2.70636145375,-10.60376760563));
#8040=CARTESIAN_POINT('',(-0.7693296097433,-2.617613095832,-10.62161971831));
#8041=CARTESIAN_POINT('',(-1.173774858548,-2.462928937127,-10.63947183099));
#8042=CARTESIAN_POINT('',(-1.548653558589,-2.246205360907,-10.65732394366));
#8043=CARTESIAN_POINT('',(-1.884522783668,-1.972901478973,-10.67517605634));
#8044=CARTESIAN_POINT('',(-2.172922228343,-1.649901620543,-10.69302816901));
#8045=CARTESIAN_POINT('',(-2.406587316974,-1.28534192092,-10.71088028169));
#8046=CARTESIAN_POINT('',(-2.579632193185,-0.8884053780672,-10.72873239437));
#8047=CARTESIAN_POINT('',(-2.68769798037,-0.4690905394616,-10.74658450704));
#8048=CARTESIAN_POINT('',(-2.728062578678,-0.03795964583643,-10.76443661972));
#8049=CARTESIAN_POINT('',(-2.699709232763,0.3941274241044,-10.78228873239));
#8050=CARTESIAN_POINT('',(-2.603352143119,0.8162867062598,-10.80014084507));
#8051=CARTESIAN_POINT('',(-2.441418475883,1.217884310399,-10.81799295775));
#8052=CARTESIAN_POINT('',(-2.217987224257,1.588804280246,-10.83584507042));
#8053=CARTESIAN_POINT('',(-1.938686461589,1.919703407183,-10.8536971831));
#8054=CARTESIAN_POINT('',(-1.610551574228,2.202246578984,-10.87154929577));
#8055=CARTESIAN_POINT('',(-1.241848045183,2.429316735334,-10.88940140845));
#8056=CARTESIAN_POINT('',(-0.8418632525152,2.595194141478,-10.90725352113));
#8057=CARTESIAN_POINT('',(-0.4206725269327,2.695700464254,-10.9251056338));
#8058=CARTESIAN_POINT('',(0.0111146385804,2.728304021312,-10.94295774648));
#8059=CARTESIAN_POINT('',(0.4426218343011,2.692183552378,-10.96080985915));
#8060=CARTESIAN_POINT('',(0.8629797027448,2.58824890622,-10.97866197183));
#8061=CARTESIAN_POINT('',(1.261599730003,2.419118122199,-10.99651408451));
#8062=CARTESIAN_POINT('',(1.628440962832,2.189051483741,-11.01436619718));
#8063=CARTESIAN_POINT('',(1.954262933078,1.903844204838,-11.03221830986));
#8064=CARTESIAN_POINT('',(2.230858418462,1.570680452758,-11.05007042254));
#8065=CARTESIAN_POINT('',(2.451260176631,1.197952384012,-11.06792253521));
#8066=CARTESIAN_POINT('',(2.609916445011,0.7950487519382,-11.08577464789));
#8067=CARTESIAN_POINT('',(2.702830785731,0.3721184107198,-11.10362676056));
#8068=CARTESIAN_POINT('',(2.72766275304,-0.06018532698606,-11.12147887324));
#8069=CARTESIAN_POINT('',(2.683786847437,-0.4909730393719,-11.13933098592));
#8070=CARTESIAN_POINT('',(2.572308271633,-0.9093934922254,-11.15718309859));
#8071=CARTESIAN_POINT('',(2.396035091014,-1.304906973743,-11.17503521127));
#8072=CARTESIAN_POINT('',(2.159407501485,-1.667550782372,-11.19288732394));
#8073=CARTESIAN_POINT('',(1.868385980386,-1.988190179972,-11.21073943662));
#8074=CARTESIAN_POINT('',(1.530301160221,-2.258748489932,-11.2285915493));
#8075=CARTESIAN_POINT('',(1.153669123464,-2.472410540635,-11.24644366197));
#8076=CARTESIAN_POINT('',(0.7479770818567,-2.62379434312,-11.26429577465));
#8077=CARTESIAN_POINT('',(0.323443678871,-2.709086628298,-11.28214788732));
#8078=CARTESIAN_POINT('',(0.03499074756353,-2.72045488747,-11.29404929577));
#8079=CARTESIAN_POINT('',(-0.1087779788548,-2.714694066473,-11.3));
#8080=CARTESIAN_POINT('',(-3.080384873303,-0.7693205003957,-9.768));
#8081=VECTOR('',#8571,0.529);
#8082=CARTESIAN_POINT('',(2.657669832738,-0.5640811776986,-7.6125));
#8083=CARTESIAN_POINT('',(2.627449023561,-0.7064665932109,-7.618519900498));
#8084=CARTESIAN_POINT('',(2.544073469745,-0.9863678593096,-7.630559701493));
#8085=CARTESIAN_POINT('',(2.353430645087,-1.380795389463,-7.648619402985));
#8086=CARTESIAN_POINT('',(2.102122966688,-1.739629437558,-7.666679104478));
#8087=CARTESIAN_POINT('',(1.796628346024,-2.05362075243,-7.68473880597));
#8088=CARTESIAN_POINT('',(1.444821618408,-2.314675372192,-7.702798507463));
#8089=CARTESIAN_POINT('',(1.055771381296,-2.516064066102,-7.720858208955));
#8090=CARTESIAN_POINT('',(0.639506276517,-2.652595580667,-7.738917910448));
#8091=CARTESIAN_POINT('',(0.2067564673854,-2.720750513381,-7.75697761194));
#8092=CARTESIAN_POINT('',(-0.2313229519773,-2.718772017766,-7.775037313433));
#8093=CARTESIAN_POINT('',(-0.6634395050144,-2.646711094157,-7.793097014925));
#8094=CARTESIAN_POINT('',(-1.078454421332,-2.50642527394,-7.811156716418));
#8095=CARTESIAN_POINT('',(-1.465669763476,-2.301530737829,-7.82921641791));
#8096=CARTESIAN_POINT('',(-1.815104190173,-2.037309100641,-7.847276119403));
#8097=CARTESIAN_POINT('',(-2.117750247728,-1.720571265884,-7.865335820896));
#8098=CARTESIAN_POINT('',(-2.365806557278,-1.359481859487,-7.883395522388));
#8099=CARTESIAN_POINT('',(-2.552878912783,-0.9633487683101,-7.901455223881));
#8100=CARTESIAN_POINT('',(-2.674145105978,-0.5423832085455,-7.919514925373));
#8101=CARTESIAN_POINT('',(-2.726479229577,-0.1074365087916,-7.937574626866));
#8102=CARTESIAN_POINT('',(-2.708532254524,0.3302796072086,-7.955634328358));
#8103=CARTESIAN_POINT('',(-2.620766804232,0.7594820278153,-7.973694029851));
#8104=CARTESIAN_POINT('',(-2.465445229427,1.169107100925,-7.991753731343));
#8105=CARTESIAN_POINT('',(-2.246571291006,1.548595824341,-8.009813432836));
#8106=CARTESIAN_POINT('',(-1.969786954141,1.888166027666,-8.027873134328));
#8107=CARTESIAN_POINT('',(-1.642226954016,2.179064529618,-8.045932835821));
#8108=CARTESIAN_POINT('',(-1.272334882071,2.413792770849,-8.063992537314));
#8109=CARTESIAN_POINT('',(-0.8696455335508,2.586300106081,-8.082052238806));
#8110=CARTESIAN_POINT('',(-0.4445391268438,2.692139773014,-8.100111940299));
#8111=CARTESIAN_POINT('',(-0.007973730136268,2.728583517572,-8.118171641791));
#8112=CARTESIAN_POINT('',(0.4287972072951,2.69469192075,-8.136231343284));
#8113=CARTESIAN_POINT('',(0.8545149379019,2.591338614238,-8.154291044776));
#8114=CARTESIAN_POINT('',(1.258205635257,2.421187760614,-8.172350746269));
#8115=CARTESIAN_POINT('',(1.629463268968,2.188625378593,-8.190410447761));
#8116=CARTESIAN_POINT('',(1.95871784338,1.899646283591,-8.208470149254));
#8117=CARTESIAN_POINT('',(2.237482085613,1.561699557949,-8.226529850746));
#8118=CARTESIAN_POINT('',(2.458570223995,1.183496534182,-8.244589552239));
#8119=CARTESIAN_POINT('',(2.616283217399,0.7747862409034,-8.262649253731));
#8120=CARTESIAN_POINT('',(2.706555660767,0.3461040998148,-8.280708955224));
#8121=CARTESIAN_POINT('',(2.727060580018,-0.09149964834828,-8.298768656716));
#8122=CARTESIAN_POINT('',(2.67726941501,-0.5267447884786,-8.316828358209));
#8123=CARTESIAN_POINT('',(2.558465644355,-0.9484119038647,-8.334888059702));
#8124=CARTESIAN_POINT('',(2.373711700892,-1.345631581744,-8.352947761194));
#8125=CARTESIAN_POINT('',(2.127770030629,-1.708164596721,-8.371007462687));
#8126=CARTESIAN_POINT('',(1.826980330054,-2.026665849698,-8.389067164179));
#8127=CARTESIAN_POINT('',(1.479096126275,-2.292925258698,-8.407126865672));
#8128=CARTESIAN_POINT('',(1.093084912527,-2.500079392088,-8.425186567164));
#8129=CARTESIAN_POINT('',(0.6788969909794,-2.642788388876,-8.443246268657));
#8130=CARTESIAN_POINT('',(0.2472089814503,-2.717373605566,-8.461305970149));
#8131=CARTESIAN_POINT('',(-0.1908513923442,-2.721912441424,-8.479365671642));
#8132=CARTESIAN_POINT('',(-0.6239921447502,-2.656287897805,-8.497425373134));
#8133=CARTESIAN_POINT('',(-1.041048104355,-2.522191594062,-8.515485074627));
#8134=CARTESIAN_POINT('',(-1.431268721248,-2.323080162266,-8.533544776119));
#8135=CARTESIAN_POINT('',(-1.78459518648,-2.064086144793,-8.551604477612));
#8136=CARTESIAN_POINT('',(-2.091919720359,-1.751885691565,-8.569664179105));
#8137=CARTESIAN_POINT('',(-2.345320345835,-1.394526467354,-8.587723880597));
#8138=CARTESIAN_POINT('',(-2.538265095172,-1.001220205234,-8.60578358209));
#8139=CARTESIAN_POINT('',(-2.665780386025,-0.5821052535575,-8.623843283582));
#8140=CARTESIAN_POINT('',(-2.724579226644,-0.1479852373617,-8.641902985075));
#8141=CARTESIAN_POINT('',(-2.713145945434,0.2899494292277,-8.659962686567));
#8142=CARTESIAN_POINT('',(-2.631775260785,0.7204100009409,-8.67802238806));
#8143=CARTESIAN_POINT('',(-2.482564684041,1.132300394016,-8.696082089552));
#8144=CARTESIAN_POINT('',(-2.269360451458,1.515003212569,-8.714141791045));
#8145=CARTESIAN_POINT('',(-1.997658378863,1.858653435715,-8.732201492537));
#8146=CARTESIAN_POINT('',(-1.674462194715,2.154392710536,-8.75026119403));
#8147=CARTESIAN_POINT('',(-1.308103003337,2.394597695939,-8.768320895522));
#8148=CARTESIAN_POINT('',(-0.9080245320804,2.57307657132,-8.786380597015));
#8149=CARTESIAN_POINT('',(-0.4845396981328,2.68522864458,-8.804440298507));
#8150=CARTESIAN_POINT('',(-0.0485647700169,2.728162945253,-8.8225));
#8151=CARTESIAN_POINT('',(0.3886620236389,2.700772745737,-8.840559701493));
#8152=CARTESIAN_POINT('',(0.8158701845724,2.603764089671,-8.858619402985));
#8153=CARTESIAN_POINT('',(1.222047467182,2.43963759208,-8.876679104478));
#8154=CARTESIAN_POINT('',(1.596723743782,2.212623980432,-8.89473880597));
#8155=CARTESIAN_POINT('',(1.930240895551,1.928575038177,-8.912798507463));
#8156=CARTESIAN_POINT('',(2.214001772146,1.594812761948,-8.930858208955));
#8157=CARTESIAN_POINT('',(2.440691802473,1.219940620718,-8.948917910448));
#8158=CARTESIAN_POINT('',(2.604467544113,0.8136217821562,-8.96697761194));
#8159=CARTESIAN_POINT('',(2.701107311116,0.3863300228704,-8.985037313433));
#8160=CARTESIAN_POINT('',(2.728119997398,-0.05092025660327,-9.003097014925));
#8161=CARTESIAN_POINT('',(2.684809290569,-0.4868579526034,-9.021156716418));
#8162=CARTESIAN_POINT('',(2.57229162094,-0.9102457962425,-9.03921641791));
#8163=CARTESIAN_POINT('',(2.393467383042,-1.31017001914,-9.057276119403));
#8164=CARTESIAN_POINT('',(2.152946171462,-1.676321680204,-9.075335820895));
#8165=CARTESIAN_POINT('',(1.856927958245,-1.999262401643,-9.093395522388));
#8166=CARTESIAN_POINT('',(1.513043274743,-2.270667664254,-9.111455223881));
#8167=CARTESIAN_POINT('',(1.130156517614,-2.483541390521,-9.129514925373));
#8168=CARTESIAN_POINT('',(0.7181374491703,-2.632396284156,-9.147574626866));
#8169=CARTESIAN_POINT('',(0.2876067821921,-2.713395277429,-9.165634328358));
#8170=CARTESIAN_POINT('',(-0.1503375926966,-2.724450440173,-9.183694029851));
#8171=CARTESIAN_POINT('',(-0.584406679973,-2.665276800848,-9.201753731343));
#8172=CARTESIAN_POINT('',(-1.003411378318,-2.537399692323,-9.219813432836));
#8173=CARTESIAN_POINT('',(-1.396550904721,-2.344115433007,-9.237873134328));
#8174=CARTESIAN_POINT('',(-1.753691208815,-2.090406356875,-9.255932835821));
#8175=CARTESIAN_POINT('',(-2.065626200682,-1.782812382667,-9.273992537313));
#8176=CARTESIAN_POINT('',(-2.324315058409,-1.429262432861,-9.292052238806));
#8177=CARTESIAN_POINT('',(-2.52308949825,-1.038870047964,-9.310111940298));
#8178=CARTESIAN_POINT('',(-2.656825664551,-0.6216984646278,-9.328171641791));
#8179=CARTESIAN_POINT('',(-2.722076208586,-0.1885012132249,-9.346231343284));
#8180=CARTESIAN_POINT('',(-2.71715915168,0.2495550784447,-9.364291044776));
#8181=CARTESIAN_POINT('',(-2.64220124197,0.6811785299529,-9.382350746269));
#8182=CARTESIAN_POINT('',(-2.499134687187,1.095243081711,-9.400410447761));
#8183=CARTESIAN_POINT('',(-2.291647347683,1.481075294033,-9.418470149254));
#8184=CARTESIAN_POINT('',(-2.025087673583,1.828729478911,-9.436529850746));
#8185=CARTESIAN_POINT('',(-1.706326836524,2.129244072363,-9.454589552239));
#8186=CARTESIAN_POINT('',(-1.343581609843,2.37487263878,-9.472649253731));
#8187=CARTESIAN_POINT('',(-0.9462025628698,2.559283552629,-9.490708955224));
#8188=CARTESIAN_POINT('',(-0.5244330290939,2.677723210254,-9.508768656716));
#8189=CARTESIAN_POINT('',(-0.0891450613412,2.727138564645,-9.526828358209));
#8190=CARTESIAN_POINT('',(0.3484408196992,2.706255824549,-9.544888059701));
#8191=CARTESIAN_POINT('',(0.7770448594852,2.615613289285,-9.562947761194));
#8192=CARTESIAN_POINT('',(1.185618830517,2.457547472881,-9.581007462686));
#8193=CARTESIAN_POINT('',(1.563630825103,2.236132875194,-9.599067164179));
#8194=CARTESIAN_POINT('',(1.901336738835,1.957076952573,-9.617126865672));
#8195=CARTESIAN_POINT('',(2.190031446664,1.627572995401,-9.635186567164));
#8196=CARTESIAN_POINT('',(2.422273196962,1.256114704959,-9.653246268657));
#8197=CARTESIAN_POINT('',(2.592075439315,0.8522772492772,-9.671305970149));
#8198=CARTESIAN_POINT('',(2.695061141242,0.4264704417712,-9.689365671642));
#8199=CARTESIAN_POINT('',(2.728575615995,-0.01032959497546,-9.707425373134));
#8200=CARTESIAN_POINT('',(2.691754953049,-0.4468633633142,-9.725485074627));
#8201=CARTESIAN_POINT('',(2.585548287323,-0.8718782292603,-9.743544776119));
#8202=CARTESIAN_POINT('',(2.412693333108,-1.274418484295,-9.761604477612));
#8203=CARTESIAN_POINT('',(2.17764581336,-1.644107753249,-9.779664179104));
#8204=CARTESIAN_POINT('',(1.886464603474,-1.971416468577,-9.797723880597));
#8205=CARTESIAN_POINT('',(1.546655550229,-2.247907516266,-9.81578358209));
#8206=CARTESIAN_POINT('',(1.166977991796,-2.466453721317,-9.833843283582));
#8207=CARTESIAN_POINT('',(0.757218966219,-2.621421566621,-9.851902985075));
#8208=CARTESIAN_POINT('',(0.327940928615,-2.708816409438,-9.869962686567));
#8209=CARTESIAN_POINT('',(-0.1097905197025,-2.726385452325,-9.88802238806));
#8210=CARTESIAN_POINT('',(-0.5446918719151,-2.673675813735,-9.906082089552));
#8211=CARTESIAN_POINT('',(-0.965552573043,-2.552046203144,-9.924141791045));
#8212=CARTESIAN_POINT('',(-1.361523998091,-2.364631893186,-9.942201492537));
#8213=CARTESIAN_POINT('',(-1.722399095795,-2.116263916281,-9.96026119403));
#8214=CARTESIAN_POINT('',(-2.038875512453,-1.813344476876,-9.978320895522));
#8215=CARTESIAN_POINT('',(-2.302795327664,-1.463682133417,-9.996380597015));
#8216=CARTESIAN_POINT('',(-2.507355541612,-1.076289719957,-10.01444029851));
#8217=CARTESIAN_POINT('',(-2.600640311385,-0.7995332322893,-10.0264800995));
#8218=CARTESIAN_POINT('',(-2.635909650652,-0.6583136247074,-10.0325));
#8219=CARTESIAN_POINT('',(-2.635909650652,-0.6583136247074,-10.0325));
#8220=VECTOR('',#8572,0.088);
#8221=AXIS2_PLACEMENT_3D('',#8573,#8574,#8575);
#8222=CARTESIAN_POINT('',(0.0,-2.7,0.0));
#8223=CARTESIAN_POINT('',(0.0,-2.7,0.0));
#8224=VECTOR('',#8576,0.8);
#8225=CARTESIAN_POINT('',(0.0,2.7,0.0));
#8226=CARTESIAN_POINT('',(0.0,2.7,0.0));
#8227=VECTOR('',#8577,0.8);
#8228=AXIS2_PLACEMENT_3D('',#8578,#8579,#8580);
#8229=AXIS2_PLACEMENT_3D('',#8581,#8582,#8583);
#8230=CARTESIAN_POINT('',(0.0,-2.325,0.0));
#8231=CARTESIAN_POINT('',(0.0,2.325,0.0));
#8232=AXIS2_PLACEMENT_3D('',#8584,#8585,#8586);
#8233=AXIS2_PLACEMENT_3D('',#8587,#8588,#8589);
#8234=CARTESIAN_POINT('',(0.0,-2.325,-1.93));
#8235=CARTESIAN_POINT('',(0.0,-2.325,-1.93));
#8236=VECTOR('',#8590,1.93);
#8237=CARTESIAN_POINT('',(0.0,2.325,-1.93));
#8238=AXIS2_PLACEMENT_3D('',#8591,#8592,#8593);
#8239=CARTESIAN_POINT('',(0.0,2.325,-1.93));
#8240=VECTOR('',#8594,1.93);
#8241=AXIS2_PLACEMENT_3D('',#8595,#8596,#8597);
#8242=CARTESIAN_POINT('',(0.0,0.49,-1.93));
#8243=CARTESIAN_POINT('',(0.0,-0.49,-1.93));
#8244=AXIS2_PLACEMENT_3D('',#8598,#8599,#8600);
#8245=AXIS2_PLACEMENT_3D('',#8601,#8602,#8603);
#8246=CARTESIAN_POINT('',(0.0,-0.49,-4.13));
#8247=CARTESIAN_POINT('',(0.0,-0.49,-4.13));
#8248=VECTOR('',#8604,2.2);
#8249=CARTESIAN_POINT('',(0.0,0.49,-4.13));
#8250=AXIS2_PLACEMENT_3D('',#8605,#8606,#8607);
#8251=CARTESIAN_POINT('',(0.0,0.49,-4.13));
#8252=VECTOR('',#8608,2.2);
#8253=AXIS2_PLACEMENT_3D('',#8609,#8610,#8611);
#8254=DIRECTION('',(-0.0,0.0,1.0));
#8255=CARTESIAN_POINT('',(0.0,0.0,-11.3));
#8256=DIRECTION('',(0.0,0.0,-1.0));
#8257=DIRECTION('',(-0.679862013674539,0.733340059155642,0.0));
#8258=DIRECTION('',(-3.493482908172E-14,0.0,1.0));
#8259=DIRECTION('',(-0.0,0.0,1.0));
#8260=CARTESIAN_POINT('',(0.0,0.0,-1.275));
#8261=DIRECTION('',(-0.0,0.0,-1.0));
#8262=DIRECTION('',(-0.908282846162185,-0.418356631795793,0.0));
#8263=DIRECTION('',(6.045101955011E-14,0.0,1.0));
#8264=DIRECTION('',(0.0,0.0,1.0));
#8265=DIRECTION('',(1.887611638337E-14,0.0,1.0));
#8266=DIRECTION('',(2.244748455054E-14,0.0,1.0));
#8267=DIRECTION('',(-2.187736670463E-14,0.0,1.0));
#8268=DIRECTION('',(-4.07497589563E-14,0.0,1.0));
#8269=DIRECTION('',(-1.942497184633E-14,0.0,1.0));
#8270=DIRECTION('',(-3.991813122266E-14,0.0,1.0));
#8271=DIRECTION('',(0.0,0.0,1.0));
#8272=DIRECTION('',(1.662609041399E-14,0.0,1.0));
#8273=DIRECTION('',(0.0,0.0,1.0));
#8274=DIRECTION('',(0.0,0.0,1.0));
#8275=DIRECTION('',(3.533771442449E-14,0.0,1.0));
#8276=DIRECTION('',(4.241301442382E-14,0.0,1.0));
#8277=DIRECTION('',(-2.329204080846E-14,0.0,1.0));
#8278=DIRECTION('',(0.0,0.0,1.0));
#8279=DIRECTION('',(3.575999255356E-14,0.0,1.0));
#8280=DIRECTION('',(2.327911228443E-14,0.0,1.0));
#8281=DIRECTION('',(-3.783906188784E-14,0.0,1.0));
#8282=DIRECTION('',(-1.829581014363E-14,0.0,1.0));
#8283=DIRECTION('',(0.0,0.0,1.0));
#8284=DIRECTION('',(0.0,0.0,1.0));
#8285=DIRECTION('',(3.90800392267E-14,0.0,1.0));
#8286=DIRECTION('',(4.532371149229E-14,0.0,1.0));
#8287=DIRECTION('',(-8.774319017828E-14,0.0,1.0));
#8288=DIRECTION('',(0.0,0.0,1.0));
#8289=DIRECTION('',(0.379717517901888,-0.778340932110374,-0.499999999999984));
#8290=CARTESIAN_POINT('',(0.0,1.195206054739E-14,-0.816872561398));
#8291=DIRECTION('',(0.0,0.0,1.0));
#8292=DIRECTION('',(-0.836673906593783,-0.547701354777489,0.0));
#8293=DIRECTION('',(0.0,-0.707106781186548,-0.707106781186548));
#8294=CARTESIAN_POINT('',(0.0,1.195412684022E-14,-0.8));
#8295=DIRECTION('',(0.0,-0.0,1.0));
#8296=DIRECTION('',(0.0,1.0,0.0));
#8297=DIRECTION('',(1.31581250958509E-14,0.707106781186548,-0.707106781186548));
#8298=DIRECTION('',(-0.379717517901888,0.778340932110374,-0.499999999999984));
#8299=DIRECTION('',(0.0,0.0,-1.0));
#8300=DIRECTION('',(0.0,0.0,-1.0));
#8301=DIRECTION('',(-0.682542764983284,0.533043501009988,-0.499999999999988));
#8302=CARTESIAN_POINT('',(0.0,0.0,-11.3));
#8303=DIRECTION('',(0.0,0.0,-1.0));
#8304=DIRECTION('',(-0.679862013674539,0.733340059155642,0.0));
#8305=DIRECTION('',(0.682542764983284,-0.533043501009988,-0.499999999999988));
#8306=DIRECTION('',(-0.847154048638194,0.179805500126999,-0.499999999999996));
#8307=DIRECTION('',(0.0,0.0,-1.0));
#8308=DIRECTION('',(0.847154048638194,-0.179805500126999,-0.499999999999996));
#8309=DIRECTION('',(-0.840217812193176,-0.209842865195194,-0.499999999999985));
#8310=CARTESIAN_POINT('',(0.0,0.0,-11.3));
#8311=DIRECTION('',(0.0,0.0,1.0));
#8312=DIRECTION('',(-1.0,0.0,0.0));
#8313=CARTESIAN_POINT('',(0.0,0.0,-11.3));
#8314=DIRECTION('',(0.0,0.0,1.0));
#8315=DIRECTION('',(1.0,0.0,0.0));
#8316=DIRECTION('',(0.0,0.0,-1.0));
#8317=DIRECTION('',(0.0,0.0,1.0));
#8318=CARTESIAN_POINT('',(0.0,0.0,-12.6));
#8319=DIRECTION('',(0.0,-0.0,1.0));
#8320=DIRECTION('',(0.968750000000001,0.2480391854123,0.0));
#8321=CARTESIAN_POINT('',(0.0,0.0,-12.6));
#8322=DIRECTION('',(0.0,0.0,1.0));
#8323=DIRECTION('',(-0.2480391854123,0.968750000000001,0.0));
#8324=DIRECTION('',(0.0,1.0,0.0));
#8325=DIRECTION('',(-1.0,0.0,0.0));
#8326=DIRECTION('',(0.0,-1.0,0.0));
#8327=DIRECTION('',(1.0,0.0,0.0));
#8328=DIRECTION('',(0.0,-1.0,0.0));
#8329=DIRECTION('',(-1.0,0.0,0.0));
#8330=DIRECTION('',(0.0,1.0,0.0));
#8331=DIRECTION('',(-1.0,0.0,0.0));
#8332=CARTESIAN_POINT('',(0.0,0.0,-12.6));
#8333=DIRECTION('',(0.0,0.0,1.0));
#8334=DIRECTION('',(-0.968750000000001,-0.2480391854123,0.0));
#8335=DIRECTION('',(0.0,-1.0,0.0));
#8336=DIRECTION('',(1.0,0.0,0.0));
#8337=DIRECTION('',(0.0,-1.0,0.0));
#8338=DIRECTION('',(-1.0,0.0,0.0));
#8339=DIRECTION('',(0.0,-1.0,0.0));
#8340=DIRECTION('',(0.0,-1.0,0.0));
#8341=DIRECTION('',(-1.0,0.0,0.0));
#8342=DIRECTION('',(-1.0,0.0,0.0));
#8343=DIRECTION('',(0.0,0.0,-1.0));
#8344=DIRECTION('',(0.0,0.0,-1.0));
#8345=DIRECTION('',(0.0,0.0,1.0));
#8346=DIRECTION('',(0.0,-1.0,0.0));
#8347=DIRECTION('',(0.0,-1.0,0.0));
#8348=DIRECTION('',(0.0,0.0,-1.0));
#8349=DIRECTION('',(0.0,1.0,0.0));
#8350=DIRECTION('',(0.0,-1.0,0.0));
#8351=DIRECTION('',(0.0,0.0,-1.0));
#8352=DIRECTION('',(0.0,-1.0,0.0));
#8353=DIRECTION('',(0.0,0.0,1.0));
#8354=DIRECTION('',(0.0,-1.0,0.0));
#8355=DIRECTION('',(0.0,0.0,-1.0));
#8356=CARTESIAN_POINT('',(-3.1,3.1,-18.9));
#8357=DIRECTION('',(0.0,1.0,0.0));
#8358=DIRECTION('',(0.0,0.0,-1.0));
#8359=DIRECTION('',(0.0,1.0,0.0));
#8360=CARTESIAN_POINT('',(-3.1,-3.5,-18.9));
#8361=DIRECTION('',(0.0,-1.0,0.0));
#8362=DIRECTION('',(-1.0,0.0,0.0));
#8363=CARTESIAN_POINT('',(-3.1,-3.5,-18.9));
#8364=DIRECTION('',(1.7763568394E-14,-3.5527136788E-14,-1.0));
#8365=DIRECTION('',(1.40129846432462E-43,-1.0,3.5527136788E-14));
#8366=CARTESIAN_POINT('',(-3.1,-3.5,-18.9));
#8367=DIRECTION('',(-1.0,0.0,0.0));
#8368=DIRECTION('',(0.0,0.0,-1.0));
#8369=DIRECTION('',(-1.0,0.0,0.0));
#8370=CARTESIAN_POINT('',(3.1,-3.5,-18.9));
#8371=DIRECTION('',(1.0,0.0,0.0));
#8372=DIRECTION('',(0.0,-1.0,0.0));
#8373=DIRECTION('',(-1.0,0.0,0.0));
#8374=DIRECTION('',(1.0,0.0,0.0));
#8375=DIRECTION('',(0.0,0.0,1.0));
#8376=DIRECTION('',(0.0,0.0,-1.0));
#8377=CARTESIAN_POINT('',(0.0,-3.6,-15.8));
#8378=DIRECTION('',(0.0,-1.0,0.0));
#8379=DIRECTION('',(-1.0,0.0,0.0));
#8380=CARTESIAN_POINT('',(0.0,-3.6,-15.8));
#8381=DIRECTION('',(0.0,-1.0,0.0));
#8382=DIRECTION('',(1.0,0.0,0.0));
#8383=DIRECTION('',(0.0,-1.0,0.0));
#8384=CARTESIAN_POINT('',(0.0,-5.0,-15.8));
#8385=DIRECTION('',(0.0,-1.0,0.0));
#8386=DIRECTION('',(1.0,0.0,0.0));
#8387=DIRECTION('',(0.0,-1.0,0.0));
#8388=CARTESIAN_POINT('',(0.0,-5.0,-15.8));
#8389=DIRECTION('',(0.0,-1.0,0.0));
#8390=DIRECTION('',(-1.0,0.0,0.0));
#8391=DIRECTION('',(1.0,0.0,0.0));
#8392=DIRECTION('',(0.0,0.0,1.0));
#8393=DIRECTION('',(0.0,0.0,1.0));
#8394=DIRECTION('',(1.0,0.0,0.0));
#8395=DIRECTION('',(1.0,0.0,0.0));
#8396=DIRECTION('',(0.0,1.0,0.0));
#8397=CARTESIAN_POINT('',(0.0,0.0,-19.0));
#8398=DIRECTION('',(0.0,0.0,-1.0));
#8399=DIRECTION('',(1.0,0.0,0.0));
#8400=CARTESIAN_POINT('',(0.0,0.0,-19.0));
#8401=DIRECTION('',(0.0,0.0,-1.0));
#8402=DIRECTION('',(-1.0,0.0,0.0));
#8403=DIRECTION('',(0.0,-1.0,0.0));
#8404=DIRECTION('',(1.0,0.0,0.0));
#8405=DIRECTION('',(0.0,-1.0,0.0));
#8406=DIRECTION('',(1.0,0.0,0.0));
#8407=DIRECTION('',(0.0,-1.0,0.0));
#8408=DIRECTION('',(1.0,0.0,0.0));
#8409=DIRECTION('',(0.0,0.0,1.0));
#8410=CARTESIAN_POINT('',(0.0,0.0,-18.8));
#8411=DIRECTION('',(0.0,0.0,-1.0));
#8412=DIRECTION('',(-1.0,0.0,0.0));
#8413=DIRECTION('',(0.0,0.0,1.0));
#8414=CARTESIAN_POINT('',(0.0,0.0,-18.8));
#8415=DIRECTION('',(0.0,0.0,-1.0));
#8416=DIRECTION('',(1.0,0.0,0.0));
#8417=CARTESIAN_POINT('',(3.1,3.1,-18.9));
#8418=DIRECTION('',(-0.0,1.0,0.0));
#8419=DIRECTION('',(1.0,0.0,0.0));
#8420=DIRECTION('',(0.0,1.0,0.0));
#8421=CARTESIAN_POINT('',(3.1,-3.5,-18.9));
#8422=DIRECTION('',(0.0,-1.0,0.0));
#8423=DIRECTION('',(0.0,0.0,-1.0));
#8424=CARTESIAN_POINT('',(3.1,-3.5,-18.9));
#8425=DIRECTION('',(0.0,0.0,-1.0));
#8426=DIRECTION('',(1.0,0.0,0.0));
#8427=CARTESIAN_POINT('',(3.1,-3.5,-12.7));
#8428=DIRECTION('',(0.0,0.0,1.0));
#8429=DIRECTION('',(0.0,-1.0,0.0));
#8430=DIRECTION('',(0.0,0.0,-1.0));
#8431=DIRECTION('',(0.0,0.0,-1.0));
#8432=DIRECTION('',(0.0,-1.0,0.0));
#8433=DIRECTION('',(0.0,-1.0,0.0));
#8434=DIRECTION('',(0.0,0.0,1.0));
#8435=DIRECTION('',(0.0,-1.0,0.0));
#8436=DIRECTION('',(0.0,0.0,1.0));
#8437=DIRECTION('',(0.0,-1.0,0.0));
#8438=DIRECTION('',(0.0,0.0,1.0));
#8439=CARTESIAN_POINT('',(3.1,3.1,-12.7));
#8440=DIRECTION('',(0.0,1.0,0.0));
#8441=DIRECTION('',(0.0,0.0,1.0));
#8442=CARTESIAN_POINT('',(3.1,-3.5,-12.7));
#8443=DIRECTION('',(0.0,-1.0,0.0));
#8444=DIRECTION('',(1.0,0.0,0.0));
#8445=CARTESIAN_POINT('',(3.1,3.1,-12.7));
#8446=DIRECTION('',(0.0,0.0,1.0));
#8447=DIRECTION('',(1.0,0.0,0.0));
#8448=CARTESIAN_POINT('',(3.1,3.1,-12.7));
#8449=DIRECTION('',(1.0,0.0,0.0));
#8450=DIRECTION('',(0.0,1.0,0.0));
#8451=DIRECTION('',(-1.0,0.0,0.0));
#8452=DIRECTION('',(-1.0,0.0,0.0));
#8453=DIRECTION('',(0.0,0.0,-1.0));
#8454=DIRECTION('',(1.0,0.0,0.0));
#8455=DIRECTION('',(0.0,0.0,-1.0));
#8456=CARTESIAN_POINT('',(-3.1,3.1,-12.7));
#8457=DIRECTION('',(0.0,-0.0,1.0));
#8458=DIRECTION('',(0.0,1.0,0.0));
#8459=CARTESIAN_POINT('',(-3.1,3.1,-18.9));
#8460=DIRECTION('',(0.0,0.0,-1.0));
#8461=DIRECTION('',(-1.0,0.0,0.0));
#8462=CARTESIAN_POINT('',(-3.1,3.1,-18.9));
#8463=DIRECTION('',(-1.0,0.0,0.0));
#8464=DIRECTION('',(0.0,1.0,0.0));
#8465=CARTESIAN_POINT('',(3.1,3.1,-18.9));
#8466=DIRECTION('',(1.0,0.0,0.0));
#8467=DIRECTION('',(0.0,0.0,-1.0));
#8468=CARTESIAN_POINT('',(3.1,3.1,-18.9));
#8469=DIRECTION('',(0.0,0.0,-1.0));
#8470=DIRECTION('',(0.0,1.0,0.0));
#8471=CARTESIAN_POINT('',(-3.1,3.1,-12.7));
#8472=DIRECTION('',(0.0,1.0,0.0));
#8473=DIRECTION('',(-1.0,0.0,0.0));
#8474=CARTESIAN_POINT('',(-3.1,3.1,-12.7));
#8475=DIRECTION('',(-1.0,0.0,0.0));
#8476=DIRECTION('',(0.0,0.0,1.0));
#8477=CARTESIAN_POINT('',(3.1,-3.5,-12.7));
#8478=DIRECTION('',(1.0,0.0,-0.0));
#8479=DIRECTION('',(0.0,0.0,1.0));
#8480=CARTESIAN_POINT('',(-3.1,-3.5,-12.7));
#8481=DIRECTION('',(-1.0,0.0,0.0));
#8482=DIRECTION('',(0.0,-1.0,0.0));
#8483=CARTESIAN_POINT('',(-3.1,-3.5,-12.7));
#8484=DIRECTION('',(0.0,0.0,1.0));
#8485=DIRECTION('',(-1.0,0.0,0.0));
#8486=CARTESIAN_POINT('',(-3.1,-3.5,-12.7));
#8487=DIRECTION('',(0.0,-1.0,0.0));
#8488=DIRECTION('',(0.0,0.0,1.0));
#8489=DIRECTION('',(1.0,0.0,0.0));
#8490=DIRECTION('',(0.0,0.0,1.0));
#8491=DIRECTION('',(0.0,0.0,-1.0));
#8492=DIRECTION('',(-1.0,0.0,0.0));
#8493=DIRECTION('',(0.0,0.0,1.0));
#8494=DIRECTION('',(1.0,0.0,0.0));
#8495=DIRECTION('',(0.0,0.0,1.0));
#8496=DIRECTION('',(-1.0,0.0,0.0));
#8497=DIRECTION('',(0.0,0.0,-1.0));
#8498=DIRECTION('',(-1.0,0.0,0.0));
#8499=DIRECTION('',(0.0,0.0,1.0));
#8500=DIRECTION('',(1.0,0.0,0.0));
#8501=DIRECTION('',(0.0,0.0,-1.0));
#8502=DIRECTION('',(1.0,0.0,0.0));
#8503=DIRECTION('',(0.0,0.0,-1.0));
#8504=DIRECTION('',(-1.0,0.0,0.0));
#8505=DIRECTION('',(0.0,0.0,1.0));
#8506=DIRECTION('',(1.0,0.0,0.0));
#8507=DIRECTION('',(-1.0,0.0,0.0));
#8508=DIRECTION('',(0.0,0.0,-1.0));
#8509=DIRECTION('',(0.0,0.0,-1.0));
#8510=DIRECTION('',(-1.0,0.0,0.0));
#8511=DIRECTION('',(0.0,0.0,1.0));
#8512=DIRECTION('',(1.0,0.0,0.0));
#8513=DIRECTION('',(0.0,-1.0,0.0));
#8514=DIRECTION('',(0.0,0.0,-1.0));
#8515=DIRECTION('',(1.0,0.0,0.0));
#8516=DIRECTION('',(0.0,0.0,1.0));
#8517=DIRECTION('',(0.0,0.0,1.0));
#8518=DIRECTION('',(-1.0,0.0,0.0));
#8519=DIRECTION('',(-1.0,0.0,0.0));
#8520=DIRECTION('',(0.0,0.0,-1.0));
#8521=DIRECTION('',(1.0,0.0,0.0));
#8522=CARTESIAN_POINT('',(0.0,-6.0,-15.8));
#8523=DIRECTION('',(0.0,-1.0,0.0));
#8524=DIRECTION('',(0.0,0.0,-1.0));
#8525=CARTESIAN_POINT('',(0.0,-6.0,-15.8));
#8526=DIRECTION('',(0.0,-1.0,0.0));
#8527=DIRECTION('',(0.0,0.0,1.0));
#8528=DIRECTION('',(0.0,-1.0,0.0));
#8529=DIRECTION('',(0.0,-1.0,0.0));
#8530=DIRECTION('',(0.0,-1.0,0.0));
#8531=DIRECTION('',(0.0,1.0,0.0));
#8532=CARTESIAN_POINT('',(0.0,-10.3,-15.8));
#8533=DIRECTION('',(0.0,-1.0,0.0));
#8534=DIRECTION('',(0.0,0.0,1.0));
#8535=DIRECTION('',(0.0,1.0,0.0));
#8536=CARTESIAN_POINT('',(0.0,-10.3,-15.8));
#8537=DIRECTION('',(0.0,-1.0,0.0));
#8538=DIRECTION('',(0.0,0.0,-1.0));
#8539=DIRECTION('',(0.0,-1.0,0.0));
#8540=DIRECTION('',(1.0,0.0,0.0));
#8541=DIRECTION('',(0.0,-1.0,0.0));
#8542=DIRECTION('',(0.0,0.0,-1.0));
#8543=DIRECTION('',(0.0,-1.0,0.0));
#8544=DIRECTION('',(-1.0,0.0,0.0));
#8545=DIRECTION('',(0.0,-1.0,0.0));
#8546=DIRECTION('',(0.0,0.0,1.0));
#8547=DIRECTION('',(0.0,0.0,1.0));
#8548=DIRECTION('',(-1.0,0.0,0.0));
#8549=DIRECTION('',(0.0,0.0,-1.0));
#8550=DIRECTION('',(1.0,0.0,0.0));
#8551=DIRECTION('',(0.0,0.0,1.0));
#8552=DIRECTION('',(-1.0,0.0,0.0));
#8553=DIRECTION('',(0.0,0.0,-1.0));
#8554=DIRECTION('',(1.0,0.0,0.0));
#8555=DIRECTION('',(0.0,0.0,1.0));
#8556=DIRECTION('',(-1.0,0.0,0.0));
#8557=DIRECTION('',(0.0,0.0,-1.0));
#8558=DIRECTION('',(1.0,0.0,0.0));
#8559=DIRECTION('',(0.0,-1.0,0.0));
#8560=DIRECTION('',(0.0,-1.0,0.0));
#8561=DIRECTION('',(0.0,-1.0,0.0));
#8562=DIRECTION('',(0.0,-1.0,0.0));
#8563=DIRECTION('',(0.0,-1.0,0.0));
#8564=DIRECTION('',(0.0,-1.0,0.0));
#8565=DIRECTION('',(0.0,-1.0,0.0));
#8566=DIRECTION('',(0.0,-1.0,0.0));
#8567=DIRECTION('',(0.0,-1.0,0.0));
#8568=DIRECTION('',(0.0,-1.0,0.0));
#8569=DIRECTION('',(0.0,-1.0,0.0));
#8570=DIRECTION('',(0.0,-1.0,0.0));
#8571=DIRECTION('',(0.840217812193176,0.209842865195194,-0.499999999999985));
#8572=DIRECTION('',(0.0,0.0,-1.0));
#8573=CARTESIAN_POINT('',(0.0,1.195412684022E-14,-0.8));
#8574=DIRECTION('',(0.0,0.0,-1.0));
#8575=DIRECTION('',(0.0,1.0,0.0));
#8576=DIRECTION('',(0.0,0.0,-1.0));
#8577=DIRECTION('',(0.0,0.0,-1.0));
#8578=CARTESIAN_POINT('',(0.0,1.205209858415E-14,0.0));
#8579=DIRECTION('',(0.0,0.0,1.0));
#8580=DIRECTION('',(0.0,-1.0,0.0));
#8581=CARTESIAN_POINT('',(0.0,1.205209858415E-14,0.0));
#8582=DIRECTION('',(0.0,-0.0,1.0));
#8583=DIRECTION('',(0.0,1.0,0.0));
#8584=CARTESIAN_POINT('',(0.0,1.205209858415E-14,0.0));
#8585=DIRECTION('',(0.0,0.0,1.0));
#8586=DIRECTION('',(0.0,-1.0,0.0));
#8587=CARTESIAN_POINT('',(0.0,1.205209858415E-14,0.0));
#8588=DIRECTION('',(0.0,-0.0,1.0));
#8589=DIRECTION('',(0.0,1.0,0.0));
#8590=DIRECTION('',(0.0,0.0,1.0));
#8591=CARTESIAN_POINT('',(0.0,1.181574175191E-14,-1.93));
#8592=DIRECTION('',(0.0,-0.0,1.0));
#8593=DIRECTION('',(0.0,1.0,0.0));
#8594=DIRECTION('',(0.0,0.0,1.0));
#8595=CARTESIAN_POINT('',(0.0,1.181574175191E-14,-1.93));
#8596=DIRECTION('',(0.0,0.0,-1.0));
#8597=DIRECTION('',(0.0,1.0,0.0));
#8598=CARTESIAN_POINT('',(0.0,1.181574175191E-14,-1.93));
#8599=DIRECTION('',(0.0,0.0,-1.0));
#8600=DIRECTION('',(0.0,1.0,0.0));
#8601=CARTESIAN_POINT('',(0.0,1.181574175191E-14,-1.93));
#8602=DIRECTION('',(0.0,-0.0,1.0));
#8603=DIRECTION('',(0.0,1.0,0.0));
#8604=DIRECTION('',(0.0,0.0,1.0));
#8605=CARTESIAN_POINT('',(0.0,1.15463194561E-14,-4.13));
#8606=DIRECTION('',(0.0,-0.0,1.0));
#8607=DIRECTION('',(0.0,1.0,0.0));
#8608=DIRECTION('',(0.0,0.0,1.0));
#8609=CARTESIAN_POINT('',(0.0,1.15463194561E-14,-4.13));
#8610=DIRECTION('',(0.0,0.0,-1.0));
#8611=DIRECTION('',(0.0,1.0,0.0));
ENDSEC;
END-ISO-10303-21;
